--
-- PostgreSQL database dump
--

-- Dumped from database version 9.6.10
-- Dumped by pg_dump version 11.3

-- Started on 2019-11-21 09:27:07 UTC

SET statement_timeout = 0;
SET lock_timeout = 0;
SET idle_in_transaction_session_timeout = 0;
SET client_encoding = 'UTF8';
SET standard_conforming_strings = on;
SELECT pg_catalog.set_config('search_path', '', false);
SET check_function_bodies = false;
SET xmloption = content;
SET client_min_messages = warning;
SET row_security = off;

SET default_tablespace = '';

SET default_with_oids = false;

--
-- TOC entry 193 (class 1259 OID 3176648)
-- Name: mail_template; Type: TABLE; Schema: public; Owner: template
--

CREATE TABLE public.mail_template (
    template_code character varying NOT NULL,
    template_body character varying,
    template_subject character varying,
    created_by character varying,
    updated_by character varying
);


ALTER TABLE public.mail_template OWNER TO template;

--
-- TOC entry 194 (class 1259 OID 3226092)
-- Name: mst_config; Type: TABLE; Schema: public; Owner: template
--

CREATE TABLE public.mst_config (
    config_id uuid NOT NULL,
    config_type character varying(50) NOT NULL,
    config_name character varying(150) NOT NULL,
    config_value character varying,
    remarks character varying(150),
    config_category character varying(100),
    active_status boolean DEFAULT true,
    created_by uuid,
    created_time timestamp without time zone,
    updated_by uuid,
    updated_time timestamp without time zone
);


ALTER TABLE public.mst_config OWNER TO template;

--
-- TOC entry 3205 (class 0 OID 0)
-- Dependencies: 194
-- Name: COLUMN mst_config.config_type; Type: COMMENT; Schema: public; Owner: template
--

COMMENT ON COLUMN public.mst_config.config_type IS 'business,system';


--
-- TOC entry 195 (class 1259 OID 3226102)
-- Name: mst_customer; Type: TABLE; Schema: public; Owner: template
--

CREATE TABLE public.mst_customer (
    customer_id uuid NOT NULL,
    full_name character varying(100),
    nationality character varying(50),
    date_of_birth date,
    identity_number character varying(16),
    phone_number character varying(20),
    identity_address character varying(255),
    current_address character varying(255),
    current_address_status boolean DEFAULT false,
    identity_image character varying(255),
    bank_name character varying(100),
    bank_branch_name character varying(100),
    bank_account_number character varying(50),
    active_status boolean DEFAULT true,
    delete_status boolean DEFAULT false,
    created_by uuid,
    created_time timestamp without time zone,
    updated_by uuid,
    updated_time timestamp without time zone,
    email_address character varying(100),
    bank_account_name character varying(100),
    customer_no character varying(10),
    phone_code character varying(5)
);


ALTER TABLE public.mst_customer OWNER TO template;

--
-- TOC entry 198 (class 1259 OID 3230842)
-- Name: mst_holiday; Type: TABLE; Schema: public; Owner: template
--

CREATE TABLE public.mst_holiday (
    holiday_id uuid NOT NULL,
    holiday_name character varying(50),
    start_date date,
    end_date date,
    description character varying(255),
    created_by uuid,
    created_time date,
    updated_by uuid,
    updated_time date
);


ALTER TABLE public.mst_holiday OWNER TO template;

--
-- TOC entry 199 (class 1259 OID 3231389)
-- Name: mst_scheduler; Type: TABLE; Schema: public; Owner: template
--

CREATE TABLE public.mst_scheduler (
    scheduler_id uuid NOT NULL,
    scheduler_name character varying(50),
    active_status boolean DEFAULT true,
    priority character varying(10),
    active_holiday boolean DEFAULT true,
    running_status character varying(10),
    start_date date,
    end_date date,
    job character varying(50)
);


ALTER TABLE public.mst_scheduler OWNER TO template;

--
-- TOC entry 185 (class 1259 OID 3169855)
-- Name: oauth_access_token; Type: TABLE; Schema: public; Owner: template
--

CREATE TABLE public.oauth_access_token (
    token_id character varying(255),
    token bytea,
    authentication_id character varying(255) NOT NULL,
    user_name character varying(255),
    client_id character varying(255),
    authentication bytea,
    refresh_token character varying(255)
);


ALTER TABLE public.oauth_access_token OWNER TO template;

--
-- TOC entry 186 (class 1259 OID 3169863)
-- Name: oauth_client_details; Type: TABLE; Schema: public; Owner: template
--

CREATE TABLE public.oauth_client_details (
    client_id character varying(255) NOT NULL,
    resource_ids character varying(255),
    client_secret character varying(255),
    scope character varying(255),
    authorized_grant_types character varying(255),
    web_server_redirect_uri character varying(255),
    authorities character varying(255),
    access_token_validity integer,
    refresh_token_validity integer,
    additional_information character varying(4096),
    autoapprove character varying(255)
);


ALTER TABLE public.oauth_client_details OWNER TO template;

--
-- TOC entry 187 (class 1259 OID 3169869)
-- Name: oauth_refresh_token; Type: TABLE; Schema: public; Owner: template
--

CREATE TABLE public.oauth_refresh_token (
    token_id character varying(255),
    token bytea,
    authentication bytea
);


ALTER TABLE public.oauth_refresh_token OWNER TO template;

--
-- TOC entry 200 (class 1259 OID 3238717)
-- Name: scheduler_mst_task; Type: TABLE; Schema: public; Owner: template
--

CREATE TABLE public.scheduler_mst_task (
    task_id character varying(255) NOT NULL,
    active boolean,
    cls_name character varying(255),
    created_by uuid,
    created_time timestamp without time zone,
    cron_expression character varying(255),
    delay integer NOT NULL,
    description character varying(255),
    initial_delay integer NOT NULL,
    method character varying(255),
    time_unit character varying(255),
    time_zone character varying(255),
    updated_by uuid,
    updated_time timestamp without time zone
);


ALTER TABLE public.scheduler_mst_task OWNER TO template;

--
-- TOC entry 201 (class 1259 OID 3238725)
-- Name: scheduler_trx_task_exec; Type: TABLE; Schema: public; Owner: template
--

CREATE TABLE public.scheduler_trx_task_exec (
    id uuid NOT NULL,
    end_time timestamp without time zone,
    failed boolean,
    last_message text,
    start_time timestamp without time zone,
    task_task_id character varying(255),
    requested_by uuid,
    terminated_by uuid
);


ALTER TABLE public.scheduler_trx_task_exec OWNER TO template;

--
-- TOC entry 202 (class 1259 OID 3238733)
-- Name: scheduler_trx_task_exec_dtl; Type: TABLE; Schema: public; Owner: template
--

CREATE TABLE public.scheduler_trx_task_exec_dtl (
    id uuid NOT NULL,
    event_message text,
    event_time timestamp without time zone,
    event_type character varying(255),
    task_execution_id uuid,
    exception_message text,
    requested_by uuid
);


ALTER TABLE public.scheduler_trx_task_exec_dtl OWNER TO template;

--
-- TOC entry 203 (class 1259 OID 3239475)
-- Name: upl_template; Type: TABLE; Schema: public; Owner: template
--

CREATE TABLE public.upl_template (
    upload_template_id uuid NOT NULL,
    active_status boolean NOT NULL,
    created_by uuid,
    created_time timestamp without time zone,
    link character varying(255),
    updated_by uuid,
    updated_time timestamp without time zone,
    upload_code character varying(255),
    upload_desc character varying(255)
);


ALTER TABLE public.upl_template OWNER TO template;

--
-- TOC entry 197 (class 1259 OID 3230826)
-- Name: upl_upload; Type: TABLE; Schema: public; Owner: template
--

CREATE TABLE public.upl_upload (
    upload_id uuid NOT NULL,
    upload_type character varying,
    used_by character varying,
    self_link character varying,
    media_link character varying,
    file_name character varying,
    created_by uuid,
    created_time date
);


ALTER TABLE public.upl_upload OWNER TO template;

--
-- TOC entry 196 (class 1259 OID 3227273)
-- Name: upl_validation; Type: TABLE; Schema: public; Owner: template
--

CREATE TABLE public.upl_validation (
    upload_val_id uuid NOT NULL,
    upload_template_id uuid NOT NULL,
    col_name character varying(50),
    col_type character varying(50),
    col_mandatory boolean DEFAULT false,
    col_length integer,
    sample character varying(100),
    created_by uuid,
    created_time timestamp without time zone,
    updated_by uuid,
    updated_time timestamp without time zone,
    col_number integer,
    col_primary boolean DEFAULT false
);


ALTER TABLE public.upl_validation OWNER TO template;

--
-- TOC entry 188 (class 1259 OID 3169999)
-- Name: usr_priviledge; Type: TABLE; Schema: public; Owner: template
--

CREATE TABLE public.usr_priviledge (
    priv_id uuid NOT NULL,
    menu character varying(50) NOT NULL,
    created boolean DEFAULT false,
    view boolean DEFAULT false,
    edit boolean DEFAULT false,
    active_status boolean DEFAULT true,
    created_time timestamp(6) without time zone,
    updated_by character varying(50),
    updated_time timestamp(6) without time zone,
    delete boolean DEFAULT false,
    created_by character varying(50),
    parent_menu character varying(50),
    menu_no character varying(50)
);


ALTER TABLE public.usr_priviledge OWNER TO template;

--
-- TOC entry 189 (class 1259 OID 3170007)
-- Name: usr_role; Type: TABLE; Schema: public; Owner: template
--

CREATE TABLE public.usr_role (
    role_id uuid NOT NULL,
    role_name character varying(50) NOT NULL,
    active_status boolean DEFAULT true NOT NULL,
    role_no character varying(50),
    delete_status boolean DEFAULT true NOT NULL,
    created_by uuid,
    created_time timestamp without time zone,
    updated_by uuid,
    updated_time timestamp without time zone
);


ALTER TABLE public.usr_role OWNER TO template;

--
-- TOC entry 190 (class 1259 OID 3170011)
-- Name: usr_role_priv; Type: TABLE; Schema: public; Owner: template
--

CREATE TABLE public.usr_role_priv (
    role_privilege_id uuid NOT NULL,
    privilege_id uuid,
    role_id uuid,
    view boolean,
    created boolean,
    edit boolean,
    delete boolean,
    created_time timestamp without time zone,
    created_by character varying(50),
    updated_by character varying(50),
    updated_time timestamp without time zone
);


ALTER TABLE public.usr_role_priv OWNER TO template;

--
-- TOC entry 191 (class 1259 OID 3170014)
-- Name: usr_user; Type: TABLE; Schema: public; Owner: template
--

CREATE TABLE public.usr_user (
    user_id uuid NOT NULL,
    account_expired boolean NOT NULL,
    account_locked boolean NOT NULL,
    credentials_expired boolean NOT NULL,
    enabled boolean,
    fcm_token character varying(10),
    full_name character varying(50),
    last_password_reset_date timestamp(6) without time zone,
    password character varying(255),
    secret character varying(10),
    updated_by uuid,
    updated_time timestamp(6) without time zone,
    user_name character varying(60),
    user_nik character varying(50),
    branch character varying(50),
    user_no character varying(50),
    email_status character varying(50),
    division_id uuid,
    created_by uuid,
    created_time timestamp(6) without time zone,
    otp character varying,
    delete_status boolean DEFAULT false NOT NULL
);


ALTER TABLE public.usr_user OWNER TO template;

--
-- TOC entry 192 (class 1259 OID 3170020)
-- Name: usr_user_role; Type: TABLE; Schema: public; Owner: template
--

CREATE TABLE public.usr_user_role (
    user_role_id uuid NOT NULL,
    role_id uuid,
    user_id uuid,
    created_by uuid,
    created_time timestamp without time zone,
    updated_by uuid,
    updated_time timestamp without time zone
);


ALTER TABLE public.usr_user_role OWNER TO template;

--
-- TOC entry 3189 (class 0 OID 3176648)
-- Dependencies: 193
-- Data for Name: mail_template; Type: TABLE DATA; Schema: public; Owner: template
--

COPY public.mail_template (template_code, template_body, template_subject, created_by, updated_by) FROM stdin;
verification	<!DOCTYPE html PUBLIC "-//W3C//DTD XHTML 1.0 Strict//EN" "http://www.w3.org/TR/xhtml1/DTD/xhtml1-strict.dtd">\r\n<html xmlns="http://www.w3.org/1999/xhtml" style="margin: 0; padding: 0; font-size: 100%; font-family: 'Avenir Next', 'Helvetica Neue', 'Helvetica', Helvetica, Arial, sans-serif; line-height: 1.65;">\r\n<body style="margin: 0; padding: 0; font-size: 100%; font-family: 'Avenir Next', 'Helvetica Neue', 'Helvetica', Helvetica, Arial, sans-serif; line-height: 1.65; height: 100%; background: #f8f8f8; width: 100%;">\r\n<table class="body-wrap" style="margin: 0; padding: 0; font-size: 100%; font-family: 'Avenir Next', 'Helvetica Neue', 'Helvetica', Helvetica, Arial, sans-serif; line-height: 1.65; height: 100%; background: #f8f8f8; width: 100%;" width="100%" height="100%">\r\n    <tr style="margin: 0; padding: 0; font-size: 100%; font-family: 'Avenir Next', 'Helvetica Neue', 'Helvetica', Helvetica, Arial, sans-serif; line-height: 1.65;">\r\n        <td class="container" style="padding: 0; font-size: 100%; font-family: 'Avenir Next', 'Helvetica Neue', 'Helvetica', Helvetica, Arial, sans-serif; line-height: 1.65; display: block; clear: both; margin: 0 auto; max-width: 580px;">\r\n\r\n            <table style="margin: 0; padding: 0; font-size: 100%; font-family: 'Avenir Next', 'Helvetica Neue', 'Helvetica', Helvetica, Arial, sans-serif; line-height: 1.65; border-collapse: collapse; width: 100%;" width="100%">\r\n                <tr style="margin: 0; padding: 0; font-size: 100%; font-family: 'Avenir Next', 'Helvetica Neue', 'Helvetica', Helvetica, Arial, sans-serif; line-height: 1.65;"></tr>\r\n                <tr style="margin: 0; padding: 0; font-size: 100%; font-family: 'Avenir Next', 'Helvetica Neue', 'Helvetica', Helvetica, Arial, sans-serif; line-height: 1.65;">\r\n                    <td class="content" style="margin: 0; font-size: 100%; font-family: 'Avenir Next', 'Helvetica Neue', 'Helvetica', Helvetica, Arial, sans-serif; line-height: 1.65; background: white; padding: 30px 35px;">\r\n\r\n                        <h2 style="margin: 0; padding: 0; font-family: 'Avenir Next', 'Helvetica Neue', 'Helvetica', Helvetica, Arial, sans-serif; margin-bottom: 20px; line-height: 1.25; font-size: 28px;">Hi {{username}}</h2>\r\n\r\n                        <p style="margin: 0; padding: 0; font-family: 'Avenir Next', 'Helvetica Neue', 'Helvetica', Helvetica, Arial, sans-serif; line-height: 1.65; font-size: 16px; font-weight: normal; margin-bottom: 20px;">Your account has been registered,with:</p>\r\n                        <p style="margin: 0; padding: 0; font-family: 'Avenir Next', 'Helvetica Neue', 'Helvetica', Helvetica, Arial, sans-serif; line-height: 1.65; font-size: 16px; font-weight: normal; margin-bottom: 20px;">Username : {{username}}<br>Password : {{password}}</p>\r\n                        \r\n                        <p style="margin: 0; padding: 0; font-family: 'Avenir Next', 'Helvetica Neue', 'Helvetica', Helvetica, Arial, sans-serif; line-height: 1.65; font-size: 16px; font-weight: normal; margin-bottom: 20px;"><strong>Please change your password after activate and login.</strong></p>\r\n\r\n                        <p style="margin: 0; padding: 0; font-family: 'Avenir Next', 'Helvetica Neue', 'Helvetica', Helvetica, Arial, sans-serif; line-height: 1.65; font-size: 16px; font-weight: normal; margin-bottom: 20px;">To activate your account and complete your request, please follow link below:</p>\r\n\t\t\t\t\t\t\t\r\n                        <table style="margin: 0; padding: 0; font-size: 100%; font-family: 'Avenir Next', 'Helvetica Neue', 'Helvetica', Helvetica, Arial, sans-serif; line-height: 1.65; border-collapse: collapse; width: 100%;" width="100%">\r\n                            <tr style="margin: 0; padding: 0; font-size: 100%; font-family: 'Avenir Next', 'Helvetica Neue', 'Helvetica', Helvetica, Arial, sans-serif; line-height: 1.65;">\r\n                                <td align="center" style="margin: 0; padding: 0; font-size: 100%; font-family: 'Avenir Next', 'Helvetica Neue', 'Helvetica', Helvetica, Arial, sans-serif; line-height: 1.65;">\r\n                                    <p style="margin: 0; padding: 0; font-family: 'Avenir Next', 'Helvetica Neue', 'Helvetica', Helvetica, Arial, sans-serif; line-height: 1.65; font-size: 16px; font-weight: normal; margin-bottom: 20px;">\r\n                                        <a href="{{link}}" text-decoration:="" none;"="" class="button" style="margin: 0; padding: 0; font-size: 100%; font-family: 'Avenir Next', 'Helvetica Neue', 'Helvetica', Helvetica, Arial, sans-serif; line-height: 1.65; text-decoration: none; display: inline-block; color: white; background: #71bc37; border: solid #71bc37; border-width: 10px 20px 8px; font-weight: bold; border-radius: 4px;">Activate</a>\r\n                                    </p>\r\n                                </td>\r\n                            </tr>\r\n                        </table>\r\n\r\n                        <p style="margin: 0; padding: 0; font-family: 'Avenir Next', 'Helvetica Neue', 'Helvetica', Helvetica, Arial, sans-serif; line-height: 1.65; font-size: 16px; font-weight: normal; margin-bottom: 20px;">if it is not clickable, please copy and paste the URL into your browser's address bar.</p>\r\n\r\n                    </td>\r\n                </tr>\r\n            </table>\r\n\r\n        </td>\r\n    </tr>\r\n    <tr style="margin: 0; padding: 0; font-size: 100%; font-family: 'Avenir Next', 'Helvetica Neue', 'Helvetica', Helvetica, Arial, sans-serif; line-height: 1.65;">\r\n        <td class="container" style="padding: 0; font-size: 100%; font-family: 'Avenir Next', 'Helvetica Neue', 'Helvetica', Helvetica, Arial, sans-serif; line-height: 1.65; display: block; clear: both; margin: 0 auto; max-width: 580px;">\r\n\r\n            <!-- Message start -->\r\n            <table style="margin: 0; padding: 0; font-size: 100%; font-family: 'Avenir Next', 'Helvetica Neue', 'Helvetica', Helvetica, Arial, sans-serif; line-height: 1.65; border-collapse: collapse; width: 100%;" width="100%">\r\n                <tr style="margin: 0; padding: 0; font-size: 100%; font-family: 'Avenir Next', 'Helvetica Neue', 'Helvetica', Helvetica, Arial, sans-serif; line-height: 1.65;">\r\n                    <td class="content footer" align="center" style="margin: 0; font-size: 100%; font-family: 'Avenir Next', 'Helvetica Neue', 'Helvetica', Helvetica, Arial, sans-serif; line-height: 1.65; padding: 30px 35px; background: none;">\r\n                    </td>\r\n                </tr>\r\n            </table>\r\n\r\n        </td>\r\n    </tr>\r\n</table>\r\n</body>\r\n</html>	Email Verification	\N	2019-07-09 14:43:49.550888 +00:00
forget	<!DOCTYPE html PUBLIC "-//W3C//DTD XHTML 1.0 Strict//EN" "http://www.w3.org/TR/xhtml1/DTD/xhtml1-strict.dtd">\r\n<html xmlns="http://www.w3.org/1999/xhtml" style="margin: 0; padding: 0; font-size: 100%; font-family: 'Avenir Next', 'Helvetica Neue', 'Helvetica', Helvetica, Arial, sans-serif; line-height: 1.65;">\r\n<body style="margin: 0; padding: 0; font-size: 100%; font-family: 'Avenir Next', 'Helvetica Neue', 'Helvetica', Helvetica, Arial, sans-serif; line-height: 1.65; height: 100%; background: #f8f8f8; width: 100%;">\r\n<table class="body-wrap" style="margin: 0; padding: 0; font-size: 100%; font-family: 'Avenir Next', 'Helvetica Neue', 'Helvetica', Helvetica, Arial, sans-serif; line-height: 1.65; height: 100%; background: #f8f8f8; width: 100%;" width="100%" height="100%">\r\n    <tr style="margin: 0; padding: 0; font-size: 100%; font-family: 'Avenir Next', 'Helvetica Neue', 'Helvetica', Helvetica, Arial, sans-serif; line-height: 1.65;">\r\n        <td class="container" style="padding: 0; font-size: 100%; font-family: 'Avenir Next', 'Helvetica Neue', 'Helvetica', Helvetica, Arial, sans-serif; line-height: 1.65; display: block; clear: both; margin: 0 auto; max-width: 580px;">\r\n\r\n            <table style="margin: 0; padding: 0; font-size: 100%; font-family: 'Avenir Next', 'Helvetica Neue', 'Helvetica', Helvetica, Arial, sans-serif; line-height: 1.65; border-collapse: collapse; width: 100%;" width="100%">\r\n                <tr style="margin: 0; padding: 0; font-size: 100%; font-family: 'Avenir Next', 'Helvetica Neue', 'Helvetica', Helvetica, Arial, sans-serif; line-height: 1.65;">\r\n                </tr>\r\n                <tr style="margin: 0; padding: 0; font-size: 100%; font-family: 'Avenir Next', 'Helvetica Neue', 'Helvetica', Helvetica, Arial, sans-serif; line-height: 1.65;">\r\n                    <td class="content" style="margin: 0; font-size: 100%; font-family: 'Avenir Next', 'Helvetica Neue', 'Helvetica', Helvetica, Arial, sans-serif; line-height: 1.65; background: white; padding: 30px 35px;">\r\n\r\n                        <h2 style="margin: 0; padding: 0; font-family: 'Avenir Next', 'Helvetica Neue', 'Helvetica', Helvetica, Arial, sans-serif; margin-bottom: 20px; line-height: 1.25; font-size: 28px;">Hi {{username}}!</h2>\r\n\r\n                        <p style="margin: 0; padding: 0; font-family: 'Avenir Next', 'Helvetica Neue', 'Helvetica', Helvetica, Arial, sans-serif; line-height: 1.65; font-size: 16px; font-weight: normal; margin-bottom: 20px;">Your receiving this email because this email because you requested a password reset for your Admin Account. If you did not request this change , you can ignore this email</p>\r\n                        <p style="margin: 0; padding: 0; font-family: 'Avenir Next', 'Helvetica Neue', 'Helvetica', Helvetica, Arial, sans-serif; line-height: 1.65; font-size: 16px; font-weight: normal; margin-bottom: 20px;">To choose a new password and complete your request,please follow link below :</p>\r\n\r\n                        <table style="margin: 0; padding: 0; font-size: 100%; font-family: 'Avenir Next', 'Helvetica Neue', 'Helvetica', Helvetica, Arial, sans-serif; line-height: 1.65; border-collapse: collapse; width: 100%;" width="100%">\r\n                            <tr style="margin: 0; padding: 0; font-size: 100%; font-family: 'Avenir Next', 'Helvetica Neue', 'Helvetica', Helvetica, Arial, sans-serif; line-height: 1.65;">\r\n                                <td align="center" style="margin: 0; padding: 0; font-size: 100%; font-family: 'Avenir Next', 'Helvetica Neue', 'Helvetica', Helvetica, Arial, sans-serif; line-height: 1.65;">\r\n                                    <p style="margin: 0; padding: 0; font-family: 'Avenir Next', 'Helvetica Neue', 'Helvetica', Helvetica, Arial, sans-serif; line-height: 1.65; font-size: 16px; font-weight: normal; margin-bottom: 20px;">\r\n                                        <a href="{{link}}" text-decoration:="" none;"="" class="button" style="margin: 0; padding: 0; font-size: 100%; font-family: 'Avenir Next', 'Helvetica Neue', 'Helvetica', Helvetica, Arial, sans-serif; line-height: 1.65; text-decoration: none; display: inline-block; color: white; background: #71bc37; border: solid #71bc37; border-width: 10px 20px 8px; font-weight: bold; border-radius: 4px;">Reset Password</a>\r\n                                    </p>\r\n                                    <p style="margin: 0; padding: 0; font-family: 'Avenir Next', 'Helvetica Neue', 'Helvetica', Helvetica, Arial, sans-serif; line-height: 1.65; font-size: 16px; font-weight: normal; margin-bottom: 20px;">if it is not clickable, please copy and paste The URL into your browser's addres bar. </p>\r\n                                </td>\r\n                            </tr>\r\n                        </table>\r\n\r\n                        <p style="margin: 0; padding: 0; font-family: 'Avenir Next', 'Helvetica Neue', 'Helvetica', Helvetica, Arial, sans-serif; line-height: 1.65; font-size: 16px; font-weight: normal; margin-bottom: 20px;"></p>\r\n\r\n                    </td>\r\n                </tr>\r\n            </table>\r\n\r\n        </td>\r\n    </tr>\r\n    <tr style="margin: 0; padding: 0; font-size: 100%; font-family: 'Avenir Next', 'Helvetica Neue', 'Helvetica', Helvetica, Arial, sans-serif; line-height: 1.65;">\r\n        <td class="container" style="padding: 0; font-size: 100%; font-family: 'Avenir Next', 'Helvetica Neue', 'Helvetica', Helvetica, Arial, sans-serif; line-height: 1.65; display: block; clear: both; margin: 0 auto; max-width: 58F0px;">\r\n\r\n            <!-- Message start -->\r\n            <table style="margin: 0; padding: 0; font-size: 100%; font-family: 'Avenir Next', 'Helvetica Neue', 'Helvetica', Helvetica, Arial, sans-serif; line-height: 1.65; border-collapse: collapse; width: 100%;" width="100%">\r\n                <tr style="margin: 0; padding: 0; font-size: 100%; font-family: 'Avenir Next', 'Helvetica Neue', 'Helvetica', Helvetica, Arial, sans-serif; line-height: 1.65;"><p style="margin: 0; padding: 0; font-family: 'Avenir Next', 'Helvetica Neue', 'Helvetica', Helvetica, Arial, sans-serif; line-height: 1.65; font-weight: normal; margin-bottom: 0; color: #888; text-align: center; font-size: 14px;"><a href="#" style="margin: 0; padding: 0; font-size: 100%; font-family: 'Avenir Next', 'Helvetica Neue', 'Helvetica', Helvetica, Arial, sans-serif; line-height: 1.65; color: #888; text-decoration: none; font-weight: bold;"></p>\r\n                        <p style="margin: 0; padding: 0; font-family: 'Avenir Next', 'Helvetica Neue', 'Helvetica', Helvetica, Arial, sans-serif; line-height: 1.65; font-weight: normal; margin-bottom: 0; color: #888; text-align: center; font-size: 14px;"></p></p>\r\n                    </td>\r\n                </tr>\r\n            </table>\r\n\r\n        </td>\r\n    </tr>\r\n</table>\r\n</body>\r\n</html>	Email Forgot Password	\N	2019-07-09 14:43:49.550888 +00:00
\.


--
-- TOC entry 3190 (class 0 OID 3226092)
-- Dependencies: 194
-- Data for Name: mst_config; Type: TABLE DATA; Schema: public; Owner: template
--

COPY public.mst_config (config_id, config_type, config_name, config_value, remarks, config_category, active_status, created_by, created_time, updated_by, updated_time) FROM stdin;
281a25c4-fc68-463f-a8a8-7e6566fad881	SYSTEM	IMAGE_URL	http://192.168.90.24/template-images-data/	Url Image From Server	URL	t	02c1c5e0-1a28-4d20-a365-1494d3cdd8ef	2019-08-28 11:52:05.602	\N	2019-09-03 17:41:32.46
776ccb75-2880-4196-b8bb-9c46311cb386	BUSINESS	auction_catalogue_pdf	http://192.168.90.24/template-images-data/auction_catalogue_report_9_27092019.jasper	auction catalogue pdf	REPORT	t	508d79f7-4d0a-4c4d-9fc0-80164fe5a245	2019-09-25 14:39:57.999	\N	\N
40576c67-915b-44be-a1c4-fa2afb9f61f7	BUSINESS	customer_detail_report	http://192.168.90.24/template-images-data/customer_detail_report_12092019_8.jasper	Customer Detail Report	REPORT	t	02c1c5e0-1a28-4d20-a365-1494d3cdd8ef	2019-08-28 11:51:50.433	\N	2019-09-06 15:19:08.707
d4dd94c0-ea6b-47f6-bea1-8b6f3a8983f1	BUSINESS	Salesasd	Sales Vendor	Sales Vendor	Division	t	e7332d59-c285-4a6d-b517-2f1e41ab3444	2019-09-03 11:44:33	\N	2019-09-13 14:03:15.199
e5a7678c-0aab-4cc5-825b-1c3448f499d3	BUSINESS	ANALYST	Analyst	System	Division	t	02c1c5e0-1a28-4d20-a365-1494d3cdd8ef	2019-08-28 17:19:36.574	\N	2019-09-09 09:59:46.181
eaee4392-c4c9-4870-bc20-33def953e3c4	BUSINESS	Direksi	Direksi	Direksi Utama 1	Division	t	d3dfd894-6900-4a98-89a8-74dfa3f26b80	2019-09-06 10:35:01.413	\N	2019-09-13 14:03:33.241
47603a7d-f6ac-4e0c-995c-84bea33645df	BUSINESS	ATHUNG	TESTER-TESTING	BEBAS	Division	f	02c1c5e0-1a28-4d20-a365-1494d3cdd8ef	2019-09-05 17:16:41.822	\N	2019-09-05 17:24:29.141
da851448-4e70-4d05-90be-489cdcbd0fe7	BUSINESS	Human Resource	Building Employee	Building Employee	Division	t	d3dfd894-6900-4a98-89a8-74dfa3f26b80	2019-09-09 11:10:15.287	\N	2019-09-09 11:25:18.75
07aea81e-e095-4edb-a2b6-37cda416e0a2	BUSINESS	Office Boy	Office Boy Floor 1	Office Boy Floor 1	Division	t	278c3df4-b788-4f3d-a07d-d12349bb380c	2019-09-09 11:29:35.644	\N	2019-09-09 11:31:35.975
6b88c479-8dd1-499b-be13-9f8ede8fc8df	BUSINESS	DEVELOPER	Developer 	Developer	Division	f	02c1c5e0-1a28-4d20-a365-1494d3cdd8ef	2019-08-28 17:19:36.574	\N	2019-09-09 11:41:17.219
62f87ee5-ade5-425a-9316-929b361fa788	BUSINESS	testing lagi	testing lagi	testing lagi	Division	t	b4411514-676c-4ed2-b0b4-ce4b90eaa8bb	2019-09-05 20:10:24.528	\N	\N
f7ce1e8a-c901-45e3-b737-6983c0dee06e	BUSINESS	MALE	Male	Male	Gender	t	02c1c5e0-1a28-4d20-a365-1494d3cdd8ef	2019-08-28 17:19:36.574	\N	\N
2352f62a-0118-4119-8177-7d9ed8b028f9	BUSINESS	Programmer	Back End	Programmer	Division	f	d3dfd894-6900-4a98-89a8-74dfa3f26b80	2019-09-05 20:03:42.87	\N	2019-09-05 20:11:53.486
a091eb99-d047-47fe-aa33-340ea817033c	BUSINESS	TEST	Testing Demo	Test Update	Division	t	02c1c5e0-1a28-4d20-a365-1494d3cdd8ef	2019-08-28 17:19:36.574	\N	2019-09-09 12:04:10.851
71c0ab74-3cdb-492f-8cac-d8947dc3d3fc	BUSINESS	SUPPORT 1	SUPPORT	SUPPORT	Division	t	d3dfd894-6900-4a98-89a8-74dfa3f26b80	2019-09-05 20:23:31.209	\N	2019-09-05 20:25:03.642
ec933fb9-71fe-41bc-bc36-5ae15b8d16f7	BUSINESS	customer_report	http://192.168.90.24/template-images-data/customer_report_10.jasper	Customer Report	REPORT	t	02c1c5e0-1a28-4d20-a365-1494d3cdd8ef	2019-08-28 17:19:36.574	\N	\N
d7594ef2-34c5-4705-b22e-cd10e4e5e0f2	BUSINESS	FINANCE	Finance	Finance	Division	f	02c1c5e0-1a28-4d20-a365-1494d3cdd8ef	2019-08-28 11:52:05.602	\N	2019-09-05 20:27:14.669
ee0d47ab-f1e5-417a-9041-cc0f3a591a57	BUSINESS	TEST1	Finance Baru	Finance	Division	f	02c1c5e0-1a28-4d20-a365-1494d3cdd8ef	2019-09-03 11:42:53.345	\N	2019-09-05 20:27:36.498
e0a72c97-3c97-4c58-8f3e-2ec4dfe1f4f9	SYSTEM	IMAGE_DIRECTORY	/usr/share/nginx/html/images-data/	Directory Image in Server	URL	t	02c1c5e0-1a28-4d20-a365-1494d3cdd8ef	2019-08-28 11:52:05.602	\N	2019-09-03 15:20:14.12
89425eab-2f8c-437d-ae7f-ff360b714b58	BUSINESS	FEMALE	FEMALE	Female	Gender	t	02c1c5e0-1a28-4d20-a365-1494d3cdd8ef	2019-08-28 17:19:36.574	\N	2019-09-05 20:35:53.286
73cce14c-2986-45f5-b854-5c6d91919f38	BUSINESS	MARKETING	Marketing	Marketing	Division	f	02c1c5e0-1a28-4d20-a365-1494d3cdd8ef	2019-08-28 17:19:36.574	\N	2019-09-06 09:42:55.266
f5ef7081-c6fe-4a28-9fde-9d86f9fd4e85	BUSINESS	SUPPORT	Support1	Support	Division	t	02c1c5e0-1a28-4d20-a365-1494d3cdd8ef	2019-08-28 17:19:36.574	\N	2019-09-06 10:26:23.539
30868237-34b4-4a8a-9206-c1880d5e0c2c	BUSINESS	D123	Division1	division1 	Division	t	50c79b97-f8bb-4be3-b626-10f3aae3a5d0	2019-09-20 15:04:45.616	50c79b97-f8bb-4be3-b626-10f3aae3a5d0	2019-09-20 16:21:59.92
a9bfc055-47f8-45ad-bb7e-9a10c955fa95	SYSTEM	SESSION_TIME_OUT	3	Session timeout in minute	LOGIN	t	02c1c5e0-1a28-4d20-a365-1494d3cdd8ef	2019-08-28 11:51:50.433	\N	2019-09-06 15:19:08.707
a9bfc055-47f8-45ad-bb7e-9a10c955fa92	SYSTEM	IMAGE_DEFAULT	http://192.168.90.24/template-images-data/no_image.jpg	Image Customer from Upload	REPORT	t	02c1c5e0-1a28-4d20-a365-1494d3cdd8ef	2019-08-28 11:51:50.433	\N	2019-09-06 15:19:08.707
aba9b2ce-6c78-4c2e-8b70-c209a50175a3	BUSINESS	333	baru	baru	Division	t	50c79b97-f8bb-4be3-b626-10f3aae3a5d0	2019-09-24 10:51:29.422	\N	\N
5cbb6042-b6e0-4fca-8ff8-90003950cb8d	BUSINESS	R01	report	report test	REPORT	t	508d79f7-4d0a-4c4d-9fc0-80164fe5a245	2019-09-25 14:39:57.999	\N	\N
0851b0d2-4ed3-4b8a-a613-1bd1c7a1b0d9	BUSINESS	auction_catalogue_excel	http://192.168.90.24/template-images-data/auction_catalogue_excel_2_27092019.jasper	auction catalogue pdf	REPORT	t	508d79f7-4d0a-4c4d-9fc0-80164fe5a245	2019-09-25 14:39:57.999	\N	\N
\.


--
-- TOC entry 3191 (class 0 OID 3226102)
-- Dependencies: 195
-- Data for Name: mst_customer; Type: TABLE DATA; Schema: public; Owner: template
--

COPY public.mst_customer (customer_id, full_name, nationality, date_of_birth, identity_number, phone_number, identity_address, current_address, current_address_status, identity_image, bank_name, bank_branch_name, bank_account_number, active_status, delete_status, created_by, created_time, updated_by, updated_time, email_address, bank_account_name, customer_no, phone_code) FROM stdin;
68f2e885-09c9-4f46-a3a4-3276260fd976	\N	\N	\N	\N	\N	\N	\N	f	http://192.168.90.24/template-images-data/no_image.jpg	\N	\N	\N	t	f	50c79b97-f8bb-4be3-b626-10f3aae3a5d0	2019-09-23 14:27:16.649	\N	\N	\N	\N	Cust51	\N
806557bc-8848-435b-bc32-130bbcb8505a	\N	\N	\N	\N	\N	\N	\N	f	http://192.168.90.24/template-images-data/no_image.jpg	\N	\N	\N	t	f	50c79b97-f8bb-4be3-b626-10f3aae3a5d0	2019-09-23 17:32:53.696	\N	\N	\N	\N	Cust60	\N
f6be9a54-6ee5-4b47-9949-f278aefef623	Dimas Abdillah	WNI	1993-10-19	0082933464781111	81224214150	Taman Pulomas raya Kelapa Gading	Taman Pulomas raya Kelapa Gading	f	http://192.168.90.24/template-images-data/e5524a42-72fd-4f39-a4ca-8b1764e2ad17.jpeg	BCA	BCA Kota Bogor	11882771615	f	f	\N	2019-09-09 15:36:29.506	50c79b97-f8bb-4be3-b626-10f3aae3a5d0	2019-09-23 15:43:55.381	dimas@mailinator.com	Dimas Abdillah	Cust19	\N
13d0c31f-d9fd-41a2-86de-ce1ea59a3355	\N	\N	\N	\N	\N	\N	\N	f	http://192.168.90.24/template-images-data/fdcf8fee-48ec-4ef9-98f6-b9a478a8a6e1.jpeg	\N	\N	\N	f	f	\N	2019-09-06 18:12:25.033	\N	\N	\N	\N	Cust17	\N
1b6bf853-4a8b-4a89-8fba-dfcc4ecb34e1	\N	\N	\N	\N	\N	\N	\N	f	http://192.168.90.24/template-images-data/fdcf8fee-48ec-4ef9-98f6-b9a478a8a6e1.jpeg	\N	\N	\N	t	f	\N	2019-09-09 19:11:49.454	\N	\N	\N	\N	Cust04	\N
dd4ba319-288c-4447-8868-5feb722a786f	\N	\N	\N	\N	\N	\N	\N	f	http://192.168.90.24/template-images-data/fdcf8fee-48ec-4ef9-98f6-b9a478a8a6e1.jpeg	\N	\N	\N	t	f	\N	2019-09-09 17:49:09.423	\N	\N	\N	\N	Cust32	\N
6e1ad5d8-70c4-4f1e-b056-6ba75f8d8b3b	\N	\N	\N	\N	\N	\N	\N	f	http://192.168.90.24/template-images-data/fdcf8fee-48ec-4ef9-98f6-b9a478a8a6e1.jpeg	\N	\N	\N	t	f	\N	2019-09-09 18:47:45.887	\N	\N	\N	\N	Cust03	\N
b7865b98-9bcd-4cf6-82aa-6d5dacf5cb04	\N	\N	\N	\N	\N	\N	\N	f	http://192.168.90.24/template-images-data/fdcf8fee-48ec-4ef9-98f6-b9a478a8a6e1.jpeg	\N	\N	\N	t	f	\N	2019-09-09 19:08:54.188	\N	\N	\N	\N	Cust11	\N
6d547d98-0213-4918-ad74-071b172c763f	\N	\N	\N	\N	\N	\N	\N	f	http://192.168.90.24/template-images-data/fdcf8fee-48ec-4ef9-98f6-b9a478a8a6e1.jpeg	\N	\N	\N	f	f	\N	2019-09-06 16:51:55.405	\N	\N	\N	\N	Cust08	\N
d4a58be5-fcf6-498d-b500-be6f2994cace	\N	\N	\N	\N	\N	\N	\N	f	http://192.168.90.24/template-images-data/fdcf8fee-48ec-4ef9-98f6-b9a478a8a6e1.jpeg	\N	\N	\N	t	f	\N	2019-09-09 18:58:32.568	\N	\N	\N	\N	Cust06	\N
75db7580-2a86-4992-8bf2-ff604de8f6be	\N	\N	\N	\N	\N	\N	\N	f	http://192.168.90.24/template-images-data/fdcf8fee-48ec-4ef9-98f6-b9a478a8a6e1.jpeg	\N	\N	\N	t	f	\N	2019-09-09 19:02:35.258	\N	\N	\N	\N	Cust07	\N
29f86eb7-9d7f-4812-b8b0-ffb596b36a89	\N	\N	\N	\N	\N	\N	\N	f	http://192.168.90.24/template-images-data/fdcf8fee-48ec-4ef9-98f6-b9a478a8a6e1.jpeg	\N	\N	\N	f	f	\N	2019-09-09 14:45:19.608	\N	\N	\N	\N	Cust09	\N
4540a6db-dc7e-4be1-a4ef-2b745919b6a3	\N	\N	\N	\N	\N	\N	\N	f	http://192.168.90.24/template-images-data/fdcf8fee-48ec-4ef9-98f6-b9a478a8a6e1.jpeg	\N	\N	\N	t	f	\N	2019-09-09 18:40:08.409	\N	\N	\N	\N	Cust10	\N
67327115-cf4f-470a-9a70-c552392088fd	Athung Hidayat	WNI	1992-10-10	1234567891234110	+6281234567890	Jalan Kelapa gading No.1 Jakarta	Jalan Kelapa gading No.1 Jakarta	f	http://192.168.90.24/template-images-data/fdcf8fee-48ec-4ef9-98f6-b9a478a8a6e1.jpeg	BCA	BCA Tomang Jaya	1234567890123490	t	f	\N	2019-09-09 18:58:32.612	\N	\N	Athunghidayat@gmail.com	Aftur	Cust14	\N
c4ecac11-0b96-40f0-882e-5e9d621a3eb4	\N	\N	\N	\N	\N	\N	\N	f	http://192.168.90.24/template-images-data/fdcf8fee-48ec-4ef9-98f6-b9a478a8a6e1.jpeg	\N	\N	\N	t	f	\N	2019-09-09 18:03:02.339	\N	\N	\N	\N	Cust05	\N
7815ff85-4fe7-4715-a5b0-84fcb75f7873	testing	WNI	2019-08-05	1234134214124124	+62123142124	asdasdasdasd	asdasdasdasd	f	http://192.168.90.24/template-images-data/6daf6157-d017-4293-b138-c80d164a5b5f.png	BCA	asdasd	12312312	f	f	\N	2019-09-09 09:11:41.632	\N	\N	sdasd@asda.com	sdasda	Cust20	\N
a091e5fb-7fe7-4ed8-9264-6e6d860dd279	Satrio Utomo	WNI	1987-06-22	0123456789101112	+628161152245	Kemang Pratama	Kemang Pratama	f	http://192.168.90.24/template-images-data/fdcf8fee-48ec-4ef9-98f6-b9a478a8a6e1.jpeg	BCA	KCP Bina Nusantara	123456789	f	f	\N	2019-09-09 11:13:27.94	\N	\N	satrio.utomo@jatis.com	Satrio Utomo	Cust22	\N
36e1b997-21b8-4133-acb9-ac14f537967f	Lenovo	WNA	2019-09-11	1231231231231888	+6289624214141	Jl. Lagoa Kanal No. 24 RT10/02	Jl. Lagoa Kanal No. 24 RT10/02	f	http://192.168.90.24/template-images-data/93263e2f-7022-4bb7-9d72-d82f3f824e77.png	BCA	Indonesia	453422323	f	f	\N	2019-09-09 15:25:05.57	\N	\N	lenovo@lenovo.com	Lenovo	Cust21	\N
a72aeb09-0cdc-4ae5-a698-d4f7dd101879	asdasdsa	WNI	2019-07-01	1231241231233123	+6212312312	asdasdas	asdasdas	f	http://192.168.90.24/template-images-data/5657c0d7-445a-4051-b6f7-8660df833d0f.jpeg	asdsad	asdasda	12312312	f	f	\N	2019-09-09 11:28:07.139	\N	\N	asdas@asdas.com	asdasd	Cust23	\N
d68e041a-efe1-475b-9c9c-e262fa8d9641	\N	\N	\N	\N	\N	\N	\N	f	http://192.168.90.24/template-images-data/no_image.jpg	\N	\N	\N	t	f	50c79b97-f8bb-4be3-b626-10f3aae3a5d0	2019-09-23 14:35:01.944	\N	\N	\N	\N	Cust52	\N
e63c9278-9cc4-4049-b194-79654e79b73a	Athung Hidayat	WNA	1990-03-14	1246757685321230	+628945789189	Jalan Kelapa gading No.1 Jakarta	Jalan Kelapa gading No.1 Jakarta	f	http://192.168.90.24/template-images-data/no_image.jpg	Bank Example	Bank Example Barat	bank name1	t	f	50c79b97-f8bb-4be3-b626-10f3aae3a5d0	2019-09-23 14:35:01.95	\N	\N	athung@hidayat.com	123456765488	Cust53	\N
e296348e-4233-4a41-bca9-c5108dc33563	Adam Aye	WNI	1999-11-26	1239818931747718	081296193008	bintara	bintara	f	http://192.168.90.24/template-images-data/f8e27d67-489b-4112-b3dc-f91ea3bc662d.png	BCA	Kelapa Gading	09182391831918	f	f	\N	2019-09-10 11:48:07.673	\N	\N	adamichsan55@yahoo.co.id	Adam	Cust01	\N
3a528ad8-228b-4114-b787-8308bf08ed4d	Satrio Utomo	WNA	1990-03-15	1246757685332230	+628945789289	Jalan Kelapa gading No.1 Jakarta	Jalan Kelapa gading No.1 Jakarta	f	http://192.168.90.24/template-images-data/no_image.jpg	Bank Example	Bank Example Barat	bank name1	t	f	50c79b97-f8bb-4be3-b626-10f3aae3a5d0	2019-09-23 14:35:01.954	\N	\N	satrio@utomo.com	123456765732	Cust54	\N
717dcd77-a677-4e9c-a1c3-0a2270bbe8ce	Siti Markonah	WNI	2019-09-10	1231231231411241	+6289624214141	Jl. Lagoa Kanal No. 24 RT10/02	Jl. Lagoa Kanal No. 24 RT10/02	f	http://192.168.90.24/template-images-data/5b8412b0-954a-4671-ade8-2241c7018711.png	Amerika Bank	Indonesia	789878798	f	f	\N	2019-09-09 10:39:45.192	\N	\N	markonah@markonah.com	Markonah	Cust30	\N
a803a9dd-a7b6-449b-ac05-5d09ce7818a3	Customer No1	WNI	2019-09-09	1111777766665555	99999999	wkwkwk land	wkwkwk land	f	http://192.168.90.24/template-images-data/500e21aa-14d3-4247-b550-ca21e4edea3e.png	bank wkwk	wkwk bank	1234353222	f	f	\N	2019-09-10 13:42:21.256	50c79b97-f8bb-4be3-b626-10f3aae3a5d0	2019-09-23 15:25:29.866	customerno@mailinator.com	wkwkwk account	Cust02	\N
ce214def-2c99-46ac-8016-235bed055ebd	Peter Jackson	WNI	2019-09-04	1234567890123674	+628708949351	2851 Island Avenue	2851 Island Avenue	f	http://192.168.90.24/template-images-data/e2fbb545-6fd5-4358-b6e5-20ee8b2ed078.jpeg	BNN	Peter Jackson	89367283627832	f	f	\N	2019-09-06 11:43:04.829	\N	\N	sunandi34222@maillist.in	sunandi	Cust24	\N
61616fac-289c-4f12-a2a6-4849ee05babd	Yudy Yunardi	WNI	1989-10-19	0082033464789911	81224214150	Taman Pulomas raya Kelapa Gading	Taman Pulomas raya Kelapa Gading	f	http://192.168.90.24/template-images-data/31cff150-99eb-4dcc-9d00-0771d0c538ce.jpeg	BCA	BCA Ciputat	11882771777	f	f	\N	2019-09-09 16:28:49.386	50c79b97-f8bb-4be3-b626-10f3aae3a5d0	2019-09-23 15:50:23.237	yudy22@mailinator.com	Yudy Yunardi	Cust26	\N
54fcd923-3cac-4770-ad09-4d769ca1184b	Mohammad Fahrul Alwan	WNI	2019-09-09	2131241267859674	89824453	Jl. Lagoa Kanal No. 24 RT10/02	Jl. Lagoa Kanal No. 24 RT10/02	f	http://192.168.90.24/template-images-data/04da9e46-38cc-4f73-ba9b-8abee3139262.jpeg	BCA	jakarta utara	6596785489765	f	f	\N	2019-09-12 18:00:18.481	\N	2019-09-12 18:33:17.634	fahrulalwan@gmail.com	Dompak Sinam	Cust33	\N
1ea2408a-383a-47a3-9bd0-04f4de8e81c3	customer baru	WNI	1998-09-09	8783787736283947	81289824453	bekasi	bekasi	f	http://192.168.90.24/template-images-data/5b4e54f6-ca90-4c05-b254-58f00d0e058c.png	BCA	BCA1	27512566666	f	f	50c79b97-f8bb-4be3-b626-10f3aae3a5d0	2019-09-24 11:12:15.728	e7332d59-c285-4a6d-b517-2f1e41ab3444	2019-09-27 13:47:44.372	customer@baru3.com	Customer Baru	Cust62	+62
7bb87783-fda5-4132-abc8-11afe94275a0	Havi Anjani	WNI	1992-10-10	1234567891234120	+6281234567890	Jalan Kelapa gading No.1 Jakarta	Jalan Kelapa gading No.1 Jakarta	f	http://192.168.90.24/template-images-data/fdcf8fee-48ec-4ef9-98f6-b9a478a8a6e1.jpeg	BCA	BCA Tomang Jaya	1234567890123410	t	f	\N	2019-09-09 18:58:32.616	\N	\N	havianjani@gmail.com	Havi	Cust31	\N
52dda46c-f503-4b43-a8fa-4ccc3f503bd1	\N	\N	\N	\N	\N	\N	\N	f	http://192.168.90.24/template-images-data/fdcf8fee-48ec-4ef9-98f6-b9a478a8a6e1.jpeg	\N	\N	\N	t	f	\N	2019-09-10 14:29:40.186	\N	\N	\N	\N	\N	\N
8afa0484-b64c-4e3a-8623-ab522adc9bb6	\N	\N	\N	\N	\N	\N	\N	f	http://192.168.90.24/template-images-data/fdcf8fee-48ec-4ef9-98f6-b9a478a8a6e1.jpeg	\N	\N	\N	t	f	\N	2019-09-10 14:13:20.099	\N	\N	\N	\N	\N	\N
9e629710-69ee-4ac3-b66b-d7f0638086ad	Havi Anjani 2	WNI	1992-10-10	1234567891234220	+6281234567890	Jalan Kelapa gading No.1 Jakarta	Jalan Kelapa gading No.1 Jakarta	f	http://192.168.90.24/template-images-data/fdcf8fee-48ec-4ef9-98f6-b9a478a8a6e1.jpeg	BCA	BCA Tomang Jaya	1234567890123410	t	f	\N	2019-09-09 19:02:35.267	\N	\N	havianjani2@gmail.com	Havi	Cust27	\N
6bdb1897-a6dc-48df-9d44-599a98a2e13c	sunandi baru	WNA	2019-09-18	8737283737472839	08708949351	2851 Island Avenue	2851 Island Avenue	f	http://192.168.90.24/template-images-data/75198604-8b72-4b79-b59f-2c4db814b0e6.jpeg	BCA	Peter Jackson	7834343784738784	f	f	686457cc-d6f9-4c87-a1f1-4c0e8b500e96	2019-09-20 14:36:27.397	50c79b97-f8bb-4be3-b626-10f3aae3a5d0	2019-09-23 14:57:00.344	nanto@maillist.in	sunandi	Cust37	\N
0e893ef7-c0af-428a-a9bb-c52dd8e2adaa	Havi Anjani 3	WNI	1992-10-10	1234567891234440	81234567890	Jalan Kelapa gading No.1 Jakarta	Jalan Kelapa gading No.1 Jakarta1	f	http://192.168.90.24/template-images-data/fdcf8fee-48ec-4ef9-98f6-b9a478a8a6e1.jpeg	BCA	BCA Tomang Jaya	1234567890123410	t	f	\N	2019-09-09 19:11:49.507	50c79b97-f8bb-4be3-b626-10f3aae3a5d0	2019-09-23 15:23:57.121	havianjani3@gmail.com	Havi	Cust18	\N
74008f23-686d-4eee-82ec-bf62a3f420f5	\N	\N	\N	\N	\N	\N	\N	f	http://192.168.90.24/template-images-data/fdcf8fee-48ec-4ef9-98f6-b9a478a8a6e1.jpeg	\N	\N	\N	t	f	\N	2019-09-10 14:32:27.338	\N	\N	\N	\N	\N	\N
928035e5-0eeb-4cfc-84ee-53bb828d3d01	Athung Hidayat 3	WNI	1992-10-10	1234567891234330	+6281234567890	Jalan Kelapa gading No.1 Jakarta	Jalan Kelapa gading No.1 Jakarta	f	http://192.168.90.24/template-images-data/fdcf8fee-48ec-4ef9-98f6-b9a478a8a6e1.jpeg	BCA	BCA Tomang Jaya	1234567890123490	t	f	\N	2019-09-09 19:11:49.503	\N	\N	Athunghidayat3@gmail.com	Aftur	Cust13	\N
80979e4c-4fee-43f1-9d2d-9858f57a8def	\N	\N	\N	\N	\N	\N	\N	f	http://192.168.90.24/template-images-data/fdcf8fee-48ec-4ef9-98f6-b9a478a8a6e1.jpeg	\N	\N	\N	t	f	\N	2019-09-16 15:39:53.128	\N	\N	\N	\N	Cust35	\N
c9929a2d-72fc-47f1-9237-ab1c1b48ddda	\N	\N	\N	\N	\N	\N	\N	f	http://192.168.90.24/template-images-data/fdcf8fee-48ec-4ef9-98f6-b9a478a8a6e1.jpeg	\N	\N	\N	t	f	\N	2019-09-10 14:36:12.274	\N	\N	\N	\N	\N	\N
d07a8442-5554-46cf-af91-607b34306f94	Aulia Rahman	WNI	2000-01-01	1234567891234560	+6281234567890	Jalan Kelapa gading No.1 Jakarta	Jalan Kelapa gading No.1 Jakarta	f	http://192.168.90.24/template-images-data/fdcf8fee-48ec-4ef9-98f6-b9a478a8a6e1.jpeg	Bank Example	Bank Example Barat	1234567890123450	t	f	\N	2019-09-09 18:03:02.465	\N	\N	auliauye@rahman.com	Aulia	Cust15	\N
cafbb063-a167-44ad-98f7-d372095add47	\N	\N	\N	\N	\N	\N	\N	f	http://192.168.90.24/template-images-data/fdcf8fee-48ec-4ef9-98f6-b9a478a8a6e1.jpeg	\N	\N	\N	t	f	\N	2019-09-10 14:11:24.784	\N	\N	\N	\N	\N	\N
e8780796-e817-4f38-b54a-a2b6bc3b5d5c	Aulia Rahman	WNI	2000-01-01	1234567890123430	+6281234567890	Jalan Kelapa gading No.1 Jakarta	Jalan Kelapa gading No.1 Jakarta	f	http://192.168.90.24/template-images-data/fdcf8fee-48ec-4ef9-98f6-b9a478a8a6e1.jpeg	Bank Example	Bank Example Barat	1234567890123450	t	f	\N	2019-09-09 19:08:54.307	\N	\N	auliaye3@rahman.com	Aulia	Cust12	\N
e2b813f5-5eaf-4d2c-b4f6-9167400d552e	Athung Hidayat 2	WNI	1992-10-10	1234567891234220	+6281234567890	Jalan Kelapa gading No.1 Jakarta	Jalan Kelapa gading No.1 Jakarta	f	http://192.168.90.24/template-images-data/fdcf8fee-48ec-4ef9-98f6-b9a478a8a6e1.jpeg	BCA	BCA Tomang Jaya	1234567890123490	t	f	\N	2019-09-09 19:02:35.262	\N	\N	Athunghidayat2@gmail.com	Aftur	Cust28	\N
e5b80cb3-e3f9-482b-b70d-5481a43e0b2d	Aulia Rahman	WNI	1992-01-01	1234567890123410	+6281234567890	Jalan Kelapa gading No.1 Jakarta	Jalan Kelapa gading No.1 Jakarta	f	http://192.168.90.24/template-images-data/fdcf8fee-48ec-4ef9-98f6-b9a478a8a6e1.jpeg	Bank Example	Bank Example Barat	1234567890123450	t	f	\N	2019-09-09 18:47:46.291	\N	\N	auliaye1@rahman.com	Aulia	Cust16	\N
daf29f88-908b-440d-9926-849437c5beda	Aulia Rahman	WNI	2000-01-01	1234567890123450	+6281234567890	Jalan Kelapa gading No.1 Jakarta	Jalan Kelapa gading No.1 Jakarta	f	http://192.168.90.24/template-images-data/fdcf8fee-48ec-4ef9-98f6-b9a478a8a6e1.jpeg	Bank Example	Bank Example Barat	1234567890123450	t	f	\N	2019-09-09 18:40:08.618	\N	\N	auliaye@rahman.com	Aulia	Cust29	\N
af465c89-44ed-4c9f-94cf-725cc00d50b8	\N	\N	\N	\N	\N	\N	\N	f	http://192.168.90.24/template-images-data/fdcf8fee-48ec-4ef9-98f6-b9a478a8a6e1.jpeg	\N	\N	\N	t	f	\N	2019-09-16 11:26:42.088	\N	\N	\N	\N	\N	\N
a8c6da4b-1911-45de-8162-b3b0139ffccf	\N	\N	\N	\N	\N	\N	\N	f	\N	\N	\N	\N	t	f	50c79b97-f8bb-4be3-b626-10f3aae3a5d0	2019-09-23 10:27:47.295	\N	\N	\N	\N	Cust41	\N
28fe5f6f-720c-4760-9fe5-b91a59a9c083	\N	\N	\N	\N	\N	\N	\N	f	http://192.168.90.24/template-images-data/no_image.jpg	\N	\N	\N	t	f	50c79b97-f8bb-4be3-b626-10f3aae3a5d0	2019-09-23 16:41:03.143	\N	\N	\N	\N	Cust55	\N
fc675fb6-413c-4dba-8de2-0abf53efc8ac	\N	\N	\N	\N	\N	\N	\N	f	\N	\N	\N	\N	t	f	50c79b97-f8bb-4be3-b626-10f3aae3a5d0	2019-09-20 15:01:02.05	\N	\N	\N	\N	Cust39	\N
79cdf2ec-c562-4575-9835-1909589047aa	\N	\N	\N	\N	\N	\N	\N	f	\N	\N	\N	\N	t	f	50c79b97-f8bb-4be3-b626-10f3aae3a5d0	2019-09-23 10:52:23.669	\N	\N	\N	\N	Cust44	\N
780cca79-b0c8-41ff-a7a7-73c519d12bc4	\N	\N	\N	\N	\N	\N	\N	f	\N	\N	\N	\N	t	f	50c79b97-f8bb-4be3-b626-10f3aae3a5d0	2019-09-23 10:53:22.503	\N	\N	\N	\N	Cust45	\N
ba887854-d9e0-48bd-b3c9-01e93f33e9d8	\N	\N	\N	\N	\N	\N	\N	f	\N	\N	\N	\N	t	f	50c79b97-f8bb-4be3-b626-10f3aae3a5d0	2019-09-23 11:04:38.041	\N	\N	\N	\N	Cust46	\N
84411e30-7474-4e98-b543-a4d8e222351b	sunandi bangun siang #$	WNI	2019-09-22	9878493238448832	516776879989787	2851 Island Avenue	2851 Island Avenue	f	http://192.168.90.24/template-images-data/62e36c4e-45c8-47dd-9d66-11f71850783c.png	BCA	Peter Jackson	2323424883929	f	f	\N	2019-09-20 11:28:40.668	50c79b97-f8bb-4be3-b626-10f3aae3a5d0	2019-09-24 11:09:38.819	nuwijopawu@maillist.in	sunandi semangat	Cust36	\N
c4694b58-83d4-48dc-b91a-12ef12a82dd5	\N	\N	\N	\N	\N	\N	\N	f	http://192.168.90.24/template-images-data/no_image.jpg	\N	\N	\N	t	f	50c79b97-f8bb-4be3-b626-10f3aae3a5d0	2019-09-23 13:49:20.407	\N	\N	\N	\N	Cust49	\N
6d9d49d2-9cb6-4ada-9f6f-55c2a7ddb23e	cust	WNI	2010-01-14	5465463427887433	89563726345	bekasi	bekasi	f	http://192.168.90.24/template-images-data/27372b51-48e7-4cf4-93b3-cc9c3931977d.png	BCA	BCA1	54636345	f	f	50c79b97-f8bb-4be3-b626-10f3aae3a5d0	2019-09-24 11:22:11.087	50c79b97-f8bb-4be3-b626-10f3aae3a5d0	2019-09-24 11:22:27.089	cust@customer.com	bca	Cust63	\N
396792ee-449f-4c5f-900a-ef86121940f3	\N	\N	\N	\N	\N	\N	\N	f	http://192.168.90.24/template-images-data/no_image.jpg	\N	\N	\N	t	f	50c79b97-f8bb-4be3-b626-10f3aae3a5d0	2019-09-23 17:01:03.535	\N	\N	\N	\N	Cust57	\N
5c3f90bf-02aa-470d-a413-335249d24e0a	customer3	WNA	2000-03-12	5434567890987675	+628652826281	jakarta	jakarta	f	http://192.168.90.24/template-images-data/no_image.jpg	bca	bca1	9283023	t	f	50c79b97-f8bb-4be3-b626-10f3aae3a5d0	2019-09-23 17:01:03.543	\N	\N	customer@aja.com	bca	Cust58	\N
88ad3a06-a7fd-4059-95c5-e3f08c4348ee	\N	\N	\N	\N	\N	\N	\N	f	http://192.168.90.24/template-images-data/no_image.jpg	\N	\N	\N	t	f	50c79b97-f8bb-4be3-b626-10f3aae3a5d0	2019-09-23 17:15:57.733	\N	\N	\N	\N	Cust59	\N
867440a1-1f23-4bc9-8619-3bdf18c6cd13	\N	\N	\N	\N	\N	\N	\N	f	http://192.168.90.24/template-images-data/no_image.jpg	\N	\N	\N	t	f	50c79b97-f8bb-4be3-b626-10f3aae3a5d0	2019-09-23 13:53:11.234	\N	\N	\N	\N	Cust50	\N
324b5c3a-7a2d-4132-b76f-c41a503e25c6	\N	\N	\N	\N	\N	\N	\N	f	http://192.168.90.24/template-images-data/no_image.jpg	\N	\N	\N	t	f	50c79b97-f8bb-4be3-b626-10f3aae3a5d0	2019-09-24 13:33:25.999	\N	\N	\N	\N	Cust64	\N
d3aeadad-a37a-4d48-97a2-c9bf808d5ca5	Testing1 aulia 5	WNI	2019-09-01	1234567890123457	4457666765	asdasd	asdasd	f	http://192.168.90.24/template-images-data/f808406d-90dc-4815-b123-99d57702ef07.png	asd	asd	124123	f	f	\N	2019-09-05 11:39:28.073	50c79b97-f8bb-4be3-b626-10f3aae3a5d0	2019-09-26 13:18:13.816	asd@asd.com	asdasd	Cust25	\N
912707c4-010a-4e43-98bf-f99893163f54	customer22	WNI	2000-03-12	1234721987290786	5282628132	jakarta	jakarta	f	http://192.168.90.24/template-images-data/no_image.jpg	bca	bca1	72639273723	t	f	50c79b97-f8bb-4be3-b626-10f3aae3a5d0	2019-09-24 13:33:26.005	50c79b97-f8bb-4be3-b626-10f3aae3a5d0	2019-10-01 14:14:38.104	customer@aja22.com	bca	Cust65	+62
c5b8768a-2129-4a18-bb14-4a3e01bd6d35	customer31	WNA	2000-03-12	1092837465384710	8652826281	asdfghjklzasdfghjklzasdfghjklzasdfghjklzasdfghjklzasdfghjklzasdfghjklzasdfghjklzasdfghjklzasdfghjklzasdfghjklzasdfghjklzasdfghjklzasdfghjklzasdfghjklzasdfghjklzasdfghjklzasdfghjklzasdfghjklzasdfghjklzasdfghjklzasdfghjklzasdfghjklzasdfghjklzghfdsasdfghjklz	jakarta	f	http://192.168.90.24/template-images-data/no_image.jpg	bca	bca1	12345678901234567890123456789012345678901234567890	t	f	50c79b97-f8bb-4be3-b626-10f3aae3a5d0	2019-09-23 17:32:53.702	e7332d59-c285-4a6d-b517-2f1e41ab3444	2019-09-27 13:41:08.396	customer@aja1.com	bca	Cust61	+93
90bfe9b7-b243-41b1-ac57-d35e70d37235	alwanalwanalwan	WNI	2019-09-03	1092837465234710	81289824467	Jl. Lagoa Kanal No. 24 RT10/02	Jl. Lagoa Kanal No. 24 RT10/02	f	http://192.168.90.24/template-images-data/538d517d-0e4d-4527-84fe-dbef0bda5911.jpeg	BCA	Mohammad Fahrul Alwan	1314123123141	f	f	e7332d59-c285-4a6d-b517-2f1e41ab3444	2019-09-27 16:04:25.664	50c79b97-f8bb-4be3-b626-10f3aae3a5d0	2019-10-01 14:14:15.757	alwan@mailinator.yayaya	1231421312	Cust66	+62
\.


--
-- TOC entry 3194 (class 0 OID 3230842)
-- Dependencies: 198
-- Data for Name: mst_holiday; Type: TABLE DATA; Schema: public; Owner: template
--

COPY public.mst_holiday (holiday_id, holiday_name, start_date, end_date, description, created_by, created_time, updated_by, updated_time) FROM stdin;
d1455722-9758-4431-bd1f-1f7bdfd6a07d	Hari Isal Menikah	2019-09-26	2019-09-26	Hari Isal Menikah	\N	2019-09-25	\N	\N
061e1840-7288-4f27-9ba2-721dc165062f	kuy	2019-09-27	2019-09-27	kuy	50c79b97-f8bb-4be3-b626-10f3aae3a5d0	2019-09-25	\N	\N
4fa8136c-365e-4c01-9c48-c4a7d0c54b0a	hari cuti	2018-12-30	2018-12-30	isal	\N	\N	\N	\N
a5a38fa2-9c72-47f8-9355-04f9b05ada1f	Hari Isal Menikah asd	2019-09-20	2019-09-20	Hari Isal Menikah	d05f6ccc-448d-4a0e-9825-51eacbac6db4	\N	\N	\N
af69b276-785c-4478-93ea-f593eccf14be	Hari Libur Isal Ultah trus jadian gagal	2019-09-10	\N	\N	\N	\N	\N	\N
cd52c43a-836e-47a3-bd78-7b4047c2fa97	Hari rey nganunganu	2019-09-20	2019-09-20	Hari rey nganunganu	d05f6ccc-448d-4a0e-9825-51eacbac6db4	\N	\N	\N
500dafd9-d4de-4862-bd4f-979692f8f7ce	Hari Isal enaenaena	2019-09-21	2019-09-22	Hari Isal enanaena	d05f6ccc-448d-4a0e-9825-51eacbac6db4	\N	\N	\N
54d0c53f-8698-439d-97b4-4ff7154cdc4d	Hari Isal nescafe	2019-09-20	2019-09-20	Hari Isal nescafe	d05f6ccc-448d-4a0e-9825-51eacbac6db4	\N	\N	\N
41ca4c41-672d-4077-850f-41e1054efc28	Hari Isal Menikah haha	2018-12-30	2018-12-30	Hari Isal Menikah haha	\N	\N	\N	\N
46f96b7f-530d-4142-a46a-77e8f1388beb	asdasd	2009-12-27	2009-12-27	johanes	\N	\N	\N	\N
e8ca232b-5bc1-427e-868a-2cb0afcd8c0b	hari libur jatis national	2018-12-30	2018-12-30	ASDQEWADSddd	\N	\N	\N	\N
5fa69a69-1eab-4216-9789-52d3f4f220f1	zzzzzzzzzzzzzzzzzzzzz	2018-12-30	2018-12-30	wqeqweqwewqeqwe	\N	\N	\N	\N
6ca6b10e-ac95-4eb1-ba2c-98eb45985d4d	Test date	2018-12-30	2018-12-30	Test date	\N	\N	\N	\N
c92025da-28bd-49cc-8271-3188765f9683	123	2018-12-30	2018-12-30	asdsd	\N	\N	\N	\N
3021977f-1358-471c-9910-1b16410805aa	Hari Mahasiswa Nasional	2018-12-30	2018-12-30	Hari Mahasiswa Nasional	\N	\N	\N	\N
d83aba85-6fd5-4918-8506-f29419a5ed3f	hari adam nikah	2018-12-30	2018-12-30	adam kawin	\N	\N	\N	\N
e9d6f7bf-db69-42aa-bbca-1ca88d8aff74	hari tidur nasional	2018-12-30	2018-12-30	tidurlah walau  sesaat	\N	\N	\N	\N
650b41a7-553b-434e-9ede-32fed78080b2	hari raya 1	2018-12-30	2018-12-30	hari raya 1satu	\N	\N	\N	\N
aaf2dc74-d23e-474f-b73b-2109eb4d46e6	pengen libur aja	2018-12-30	2018-12-30	liburan 	50c79b97-f8bb-4be3-b626-10f3aae3a5d0	2019-09-20	\N	\N
86657adf-f171-4122-92e9-56bc183e59cb	libur 	2018-12-30	2018-12-30	liburrrrrrrr	50c79b97-f8bb-4be3-b626-10f3aae3a5d0	2019-09-20	\N	\N
6335d4f0-0065-4063-8f20-4ac345eb5b61	liburan 	2018-12-30	2018-12-30	libur	50c79b97-f8bb-4be3-b626-10f3aae3a5d0	2019-09-24	\N	\N
1bac1ffd-dbb5-43d0-b777-60fe438ca39b	sayang	2018-12-30	2018-12-30	sasa	02c1c5e0-1a28-4d20-a365-1494d3cdd8ef	2019-09-24	\N	\N
5779b6f0-deed-4703-931f-440ad9be607d	libur kuy	2018-12-30	2018-12-30	libur 	50c79b97-f8bb-4be3-b626-10f3aae3a5d0	2019-09-24	\N	\N
39c29b7f-21d1-4e47-832c-384dcfd0ae79	Hari Isal Menikah	2018-12-30	2018-12-30	Hari Isal Menikah	\N	2019-09-24	\N	\N
94dbc44f-5006-43cd-87c2-43db2efabca3	Hari Isal Menikah	2019-11-10	2019-11-20	Hari Isal Menikah	\N	2019-09-24	\N	\N
d46ae25f-8a14-4423-af37-2ad9e42a4658	holiday	2018-12-30	2018-12-30	holiday	50c79b97-f8bb-4be3-b626-10f3aae3a5d0	2019-09-24	\N	\N
72419800-8353-4b49-af07-5ba04e304747	liburan	2019-09-08	2019-09-07	liburan	02c1c5e0-1a28-4d20-a365-1494d3cdd8ef	2019-09-24	\N	\N
d3dd4c2f-68a1-4f68-aa54-2ec064ab5bfc	holiday123	2019-08-31	2019-08-03	holiday123	02c1c5e0-1a28-4d20-a365-1494d3cdd8ef	2019-09-24	\N	\N
b7ba952f-07af-4ab5-8278-6a7df59e31b7	test	2019-09-05	2019-09-12	test	50c79b97-f8bb-4be3-b626-10f3aae3a5d0	2019-09-25	\N	\N
90960acd-4994-45d6-9b19-660422f838a1	test1	2019-09-19	2019-09-24	test	50c79b97-f8bb-4be3-b626-10f3aae3a5d0	2019-09-25	50c79b97-f8bb-4be3-b626-10f3aae3a5d0	2019-09-25
e6c45cf2-b514-492a-8136-c274c0778c8c	last	2019-09-23	2019-09-24	a	50c79b97-f8bb-4be3-b626-10f3aae3a5d0	2019-09-25	\N	\N
0d0ed520-06db-46cf-97bb-ddeb53312ba5	tes	2019-09-19	2019-09-21	tees	50c79b97-f8bb-4be3-b626-10f3aae3a5d0	2019-09-25	\N	\N
\.


--
-- TOC entry 3195 (class 0 OID 3231389)
-- Dependencies: 199
-- Data for Name: mst_scheduler; Type: TABLE DATA; Schema: public; Owner: template
--

COPY public.mst_scheduler (scheduler_id, scheduler_name, active_status, priority, active_holiday, running_status, start_date, end_date, job) FROM stdin;
\.


--
-- TOC entry 3181 (class 0 OID 3169855)
-- Dependencies: 185
-- Data for Name: oauth_access_token; Type: TABLE DATA; Schema: public; Owner: template
--

COPY public.oauth_access_token (token_id, token, authentication_id, user_name, client_id, authentication, refresh_token) FROM stdin;
019ed3d2e35939bdf23bb4da396ea149	\\xaced0005737200436f72672e737072696e676672616d65776f726b2e73656375726974792e6f61757468322e636f6d6d6f6e2e44656661756c744f4175746832416363657373546f6b656e0cb29e361b24face0200064c00156164646974696f6e616c496e666f726d6174696f6e74000f4c6a6176612f7574696c2f4d61703b4c000a65787069726174696f6e7400104c6a6176612f7574696c2f446174653b4c000c72656672657368546f6b656e74003f4c6f72672f737072696e676672616d65776f726b2f73656375726974792f6f61757468322f636f6d6d6f6e2f4f417574683252656672657368546f6b656e3b4c000573636f706574000f4c6a6176612f7574696c2f5365743b4c0009746f6b656e547970657400124c6a6176612f6c616e672f537472696e673b4c000576616c756571007e00057870737200176a6176612e7574696c2e4c696e6b6564486173684d617034c04e5c106cc0fb0200015a000b6163636573734f72646572787200116a6176612e7574696c2e486173684d61700507dac1c31660d103000246000a6c6f6164466163746f724900097468726573686f6c6478703f4000000000000c77080000001000000001740008757365726e616d6574001661726368616e69737472656e40676d61696c2e636f6d78007372000e6a6176612e7574696c2e44617465686a81014b597419030000787077080000016c73650b38787372004c6f72672e737072696e676672616d65776f726b2e73656375726974792e6f61757468322e636f6d6d6f6e2e44656661756c744578706972696e674f417574683252656672657368546f6b656e2fdf47639dd0c9b70200014c000a65787069726174696f6e71007e0002787200446f72672e737072696e676672616d65776f726b2e73656375726974792e6f61757468322e636f6d6d6f6e2e44656661756c744f417574683252656672657368546f6b656e73e10e0a6354d45e0200014c000576616c756571007e0005787074002464393635366531652d333335612d343632362d623866362d3331616662666363376462657371007e000c77080000016d0645117e78737200256a6176612e7574696c2e436f6c6c656374696f6e7324556e6d6f6469666961626c65536574801d92d18f9b80550200007872002c6a6176612e7574696c2e436f6c6c656374696f6e7324556e6d6f6469666961626c65436f6c6c656374696f6e19420080cb5ef71e0200014c0001637400164c6a6176612f7574696c2f436f6c6c656374696f6e3b7870737200176a6176612e7574696c2e4c696e6b656448617368536574d86cd75a95dd2a1e020000787200116a6176612e7574696c2e48617368536574ba44859596b8b7340300007870770c000000043f400000000000027400047265616474000577726974657874000662656172657274002437343031616264622d333639662d343566342d383165342d656665306438306336643933	8026c25fc6b6ef1b8cd1411d5ca1f718	archanistren@gmail.com	spring-security-oauth2-read-write-client	\\xaced0005737200416f72672e737072696e676672616d65776f726b2e73656375726974792e6f61757468322e70726f76696465722e4f417574683241757468656e7469636174696f6ebd400b02166252130200024c000d73746f7265645265717565737474003c4c6f72672f737072696e676672616d65776f726b2f73656375726974792f6f61757468322f70726f76696465722f4f4175746832526571756573743b4c00127573657241757468656e7469636174696f6e7400324c6f72672f737072696e676672616d65776f726b2f73656375726974792f636f72652f41757468656e7469636174696f6e3b787200476f72672e737072696e676672616d65776f726b2e73656375726974792e61757468656e7469636174696f6e2e416273747261637441757468656e7469636174696f6e546f6b656ed3aa287e6e47640e0200035a000d61757468656e746963617465644c000b617574686f7269746965737400164c6a6176612f7574696c2f436f6c6c656374696f6e3b4c000764657461696c737400124c6a6176612f6c616e672f4f626a6563743b787000737200266a6176612e7574696c2e436f6c6c656374696f6e7324556e6d6f6469666961626c654c697374fc0f2531b5ec8e100200014c00046c6973747400104c6a6176612f7574696c2f4c6973743b7872002c6a6176612e7574696c2e436f6c6c656374696f6e7324556e6d6f6469666961626c65436f6c6c656374696f6e19420080cb5ef71e0200014c00016371007e00047870737200136a6176612e7574696c2e41727261794c6973747881d21d99c7619d03000149000473697a657870000000027704000000027372002c636f6d2e6a617469732e74656d706c6174652e757365726d616e6167656d656e742e6d6f64656c2e526f6c654be6a9a5b480d9a80200044c0006726f6c6549647400104c6a6176612f7574696c2f555549443b4c0008726f6c654e616d657400124c6a6176612f6c616e672f537472696e673b4c0006726f6c654e6f71007e000f4c00067374617475737400134c6a6176612f6c616e672f426f6f6c65616e3b78707372000e6a6176612e7574696c2e55554944bc9903f7986d852f0200024a000c6c65617374536967426974734a000b6d6f737453696742697473787088334411fbd38c98070ecec607c0410e740009524559505553494e4770737200116a6176612e6c616e672e426f6f6c65616ecd207280d59cfaee0200015a000576616c75657870017371007e000d7371007e0012808aa4b898a1d972d3d788143612446074001e54657374696e672064696d616e6120696e69207361747520706172656e74707371007e0015007871007e000c707372003a6f72672e737072696e676672616d65776f726b2e73656375726974792e6f61757468322e70726f76696465722e4f41757468325265717565737400000000000000010200075a0008617070726f7665644c000b617574686f72697469657371007e00044c000a657874656e73696f6e7374000f4c6a6176612f7574696c2f4d61703b4c000b726564697265637455726971007e000f4c00077265667265736874003b4c6f72672f737072696e676672616d65776f726b2f73656375726974792f6f61757468322f70726f76696465722f546f6b656e526571756573743b4c000b7265736f7572636549647374000f4c6a6176612f7574696c2f5365743b4c000d726573706f6e7365547970657371007e001e787200386f72672e737072696e676672616d65776f726b2e73656375726974792e6f61757468322e70726f76696465722e426173655265717565737436287a3ea37169bd0200034c0008636c69656e74496471007e000f4c001172657175657374506172616d657465727371007e001c4c000573636f706571007e001e7870740028737072696e672d73656375726974792d6f61757468322d726561642d77726974652d636c69656e74737200256a6176612e7574696c2e436f6c6c656374696f6e7324556e6d6f6469666961626c654d6170f1a5a8fe74f507420200014c00016d71007e001c7870737200116a6176612e7574696c2e486173684d61700507dac1c31660d103000246000a6c6f6164466163746f724900097468726573686f6c6478703f400000000000067708000000080000000374000a6772616e745f7479706574000870617373776f7264740009636c69656e745f6964740028737072696e672d73656375726974792d6f61757468322d726561642d77726974652d636c69656e74740008757365726e616d6574001661726368616e69737472656e40676d61696c2e636f6d78737200256a6176612e7574696c2e436f6c6c656374696f6e7324556e6d6f6469666961626c65536574801d92d18f9b80550200007871007e0009737200176a6176612e7574696c2e4c696e6b656448617368536574d86cd75a95dd2a1e020000787200116a6176612e7574696c2e48617368536574ba44859596b8b7340300007870770c000000103f4000000000000274000472656164740005777269746578017371007e002f770c000000103f40000000000001737200426f72672e737072696e676672616d65776f726b2e73656375726974792e636f72652e617574686f726974792e53696d706c654772616e746564417574686f7269747900000000000001fe0200014c0004726f6c6571007e000f787074000455534552787371007e00243f40000000000000770800000010000000007870707371007e002f770c000000103f400000000000017400187265736f757263652d7365727665722d726573742d617069787371007e002f770c000000103f40000000000000787372004f6f72672e737072696e676672616d65776f726b2e73656375726974792e61757468656e7469636174696f6e2e557365726e616d6550617373776f726441757468656e7469636174696f6e546f6b656e00000000000001fe0200024c000b63726564656e7469616c7371007e00054c00097072696e636970616c71007e00057871007e0003017371007e00077371007e000b0000000277040000000271007e001171007e00177871007e003e737200176a6176612e7574696c2e4c696e6b6564486173684d617034c04e5c106cc0fb0200015a000b6163636573734f726465727871007e00243f400000000000067708000000080000000371007e002671007e002771007e002871007e002971007e002a71007e002b7800707372002c636f6d2e6a617469732e74656d706c6174652e757365726d616e6167656d656e742e6d6f64656c2e55736572006c1af87af6053f0200155a000e6163636f756e74457870697265645a000d6163636f756e744c6f636b65645a001263726564656e7469616c73457870697265645a0007656e61626c65644c000b617574686f72697469657371007e00044c00066272616e636871007e000f4c000963726561746564427971007e000e4c000b6372656174656454696d657400104c6a6176612f7574696c2f446174653b4c00086469766973696f6e71007e000f4c000b656d61696c53746174757371007e000f4c000866636d546f6b656e71007e000f4c000866756c6c4e616d6571007e000f4c00156c61737450617373776f726452657365744461746571007e00424c000870617373776f726471007e000f4c000673656372657471007e000f4c000975706461746564427971007e000e4c000b7570646174656454696d6571007e00424c000675736572496471007e000e4c0007757365724e696b71007e000f4c0006757365724e6f71007e000f4c0008757365726e616d6571007e000f7870000000017372002f6f72672e68696265726e6174652e636f6c6c656374696f6e2e696e7465726e616c2e50657273697374656e744261673e6a0d30495f208f0200014c000362616771007e00087872003e6f72672e68696265726e6174652e636f6c6c656374696f6e2e696e7465726e616c2e416273747261637450657273697374656e74436f6c6c656374696f6e402cf80d58d552f202000b5a001b616c6c6f774c6f61644f7574736964655472616e73616374696f6e49000a63616368656453697a655a000564697274795a000e656c656d656e7452656d6f7665645a000b696e697469616c697a65645a000d697354656d7053657373696f6e4c00036b65797400164c6a6176612f696f2f53657269616c697a61626c653b4c00056f776e657271007e00054c0004726f6c6571007e000f4c001273657373696f6e466163746f72795575696471007e000f4c000e73746f726564536e617073686f7471007e0046787000ffffffff000001007371007e0012a3651494d3cdd8ef02c1c5e01a284d2071007e0043740038636f6d2e6a617469732e74656d706c6174652e757365726d616e6167656d656e742e6d6f64656c2e557365722e617574686f726974696573707371007e000b0000000277040000000271007e001171007e0017787371007e000b0000000277040000000271007e001171007e001778707371007e0012bb56fc35e685794ce9311edd22094afb737200126a6176612e73716c2e54696d657374616d702618d5c80153bf650200014900056e616e6f737872000e6a6176612e7574696c2e44617465686a81014b597419030000787077080000016c70be1c38782282d6c074000746696e616e6365740010456d61696c5f526567697374657265647074000d41726368616e6973742052656e7074003c243261243038245a377449552e6772327a766b4a57376d2e324c4b412e4e656c36462e625a784d52764d6b4d2e53735a4b4c2f38593069797949556d70707071007e00487074000655736572303174001661726368616e69737472656e40676d61696c2e636f6d	0e6c233618854a809b54a4d56962cb9b
518a51e6787ced3824dbc748fe185922	\\xaced0005737200436f72672e737072696e676672616d65776f726b2e73656375726974792e6f61757468322e636f6d6d6f6e2e44656661756c744f4175746832416363657373546f6b656e0cb29e361b24face0200064c00156164646974696f6e616c496e666f726d6174696f6e74000f4c6a6176612f7574696c2f4d61703b4c000a65787069726174696f6e7400104c6a6176612f7574696c2f446174653b4c000c72656672657368546f6b656e74003f4c6f72672f737072696e676672616d65776f726b2f73656375726974792f6f61757468322f636f6d6d6f6e2f4f417574683252656672657368546f6b656e3b4c000573636f706574000f4c6a6176612f7574696c2f5365743b4c0009746f6b656e547970657400124c6a6176612f6c616e672f537472696e673b4c000576616c756571007e00057870737200176a6176612e7574696c2e4c696e6b6564486173684d617034c04e5c106cc0fb0200015a000b6163636573734f72646572787200116a6176612e7574696c2e486173684d61700507dac1c31660d103000246000a6c6f6164466163746f724900097468726573686f6c6478703f4000000000000c77080000001000000001740008757365726e616d6574001473756e616e646937303040676d61696c2e636f6d78007372000e6a6176612e7574696c2e44617465686a81014b597419030000787077080000016d3b2d8a38787372004c6f72672e737072696e676672616d65776f726b2e73656375726974792e6f61757468322e636f6d6d6f6e2e44656661756c744578706972696e674f417574683252656672657368546f6b656e2fdf47639dd0c9b70200014c000a65787069726174696f6e71007e0002787200446f72672e737072696e676672616d65776f726b2e73656375726974792e6f61757468322e636f6d6d6f6e2e44656661756c744f417574683252656672657368546f6b656e73e10e0a6354d45e0200014c000576616c756571007e0005787074002463663736356261312d386665312d343461302d383662302d6131646563643635653039307371007e000c77080000016db9ad2cba78737200256a6176612e7574696c2e436f6c6c656374696f6e7324556e6d6f6469666961626c65536574801d92d18f9b80550200007872002c6a6176612e7574696c2e436f6c6c656374696f6e7324556e6d6f6469666961626c65436f6c6c656374696f6e19420080cb5ef71e0200014c0001637400164c6a6176612f7574696c2f436f6c6c656374696f6e3b7870737200176a6176612e7574696c2e4c696e6b656448617368536574d86cd75a95dd2a1e020000787200116a6176612e7574696c2e48617368536574ba44859596b8b7340300007870770c000000043f400000000000027400047265616474000577726974657874000662656172657274002463376462363265662d343935352d343332322d613738612d353864346130353465383136	38198198db31849efb34837fe41184a0	sunandi700@gmail.com	spring-security-oauth2-read-write-client	\\xaced0005737200416f72672e737072696e676672616d65776f726b2e73656375726974792e6f61757468322e70726f76696465722e4f417574683241757468656e7469636174696f6ebd400b02166252130200024c000d73746f7265645265717565737474003c4c6f72672f737072696e676672616d65776f726b2f73656375726974792f6f61757468322f70726f76696465722f4f4175746832526571756573743b4c00127573657241757468656e7469636174696f6e7400324c6f72672f737072696e676672616d65776f726b2f73656375726974792f636f72652f41757468656e7469636174696f6e3b787200476f72672e737072696e676672616d65776f726b2e73656375726974792e61757468656e7469636174696f6e2e416273747261637441757468656e7469636174696f6e546f6b656ed3aa287e6e47640e0200035a000d61757468656e746963617465644c000b617574686f7269746965737400164c6a6176612f7574696c2f436f6c6c656374696f6e3b4c000764657461696c737400124c6a6176612f6c616e672f4f626a6563743b787000737200266a6176612e7574696c2e436f6c6c656374696f6e7324556e6d6f6469666961626c654c697374fc0f2531b5ec8e100200014c00046c6973747400104c6a6176612f7574696c2f4c6973743b7872002c6a6176612e7574696c2e436f6c6c656374696f6e7324556e6d6f6469666961626c65436f6c6c656374696f6e19420080cb5ef71e0200014c00016371007e00047870737200136a6176612e7574696c2e41727261794c6973747881d21d99c7619d03000149000473697a657870000000017704000000017372002b636f6d2e6a617469732e74656d706c6174652e636f6d6d6f6e2e646f6d61696e2e436f6d6d6f6e526f6c654be6a9a5b480d9a80200034c0006726f6c6549647400104c6a6176612f7574696c2f555549443b4c0008726f6c654e616d657400124c6a6176612f6c616e672f537472696e673b4c0006726f6c654e6f71007e000f78707372000e6a6176612e7574696c2e55554944bc9903f7986d852f0200024a000c6c65617374536967426974734a000b6d6f73745369674269747378708b4775eaefe6769fbbf132b258404f2574000a41756c69612054657374740006526f6c6534357871007e000c707372003a6f72672e737072696e676672616d65776f726b2e73656375726974792e6f61757468322e70726f76696465722e4f41757468325265717565737400000000000000010200075a0008617070726f7665644c000b617574686f72697469657371007e00044c000a657874656e73696f6e7374000f4c6a6176612f7574696c2f4d61703b4c000b726564697265637455726971007e000f4c00077265667265736874003b4c6f72672f737072696e676672616d65776f726b2f73656375726974792f6f61757468322f70726f76696465722f546f6b656e526571756573743b4c000b7265736f7572636549647374000f4c6a6176612f7574696c2f5365743b4c000d726573706f6e7365547970657371007e0018787200386f72672e737072696e676672616d65776f726b2e73656375726974792e6f61757468322e70726f76696465722e426173655265717565737436287a3ea37169bd0200034c0008636c69656e74496471007e000f4c001172657175657374506172616d657465727371007e00164c000573636f706571007e00187870740028737072696e672d73656375726974792d6f61757468322d726561642d77726974652d636c69656e74737200256a6176612e7574696c2e436f6c6c656374696f6e7324556e6d6f6469666961626c654d6170f1a5a8fe74f507420200014c00016d71007e00167870737200116a6176612e7574696c2e486173684d61700507dac1c31660d103000246000a6c6f6164466163746f724900097468726573686f6c6478703f400000000000037708000000040000000274000a6772616e745f7479706574000870617373776f7264740008757365726e616d6574001473756e616e646937303040676d61696c2e636f6d78737200256a6176612e7574696c2e436f6c6c656374696f6e7324556e6d6f6469666961626c65536574801d92d18f9b80550200007871007e0009737200176a6176612e7574696c2e4c696e6b656448617368536574d86cd75a95dd2a1e020000787200116a6176612e7574696c2e48617368536574ba44859596b8b7340300007870770c000000103f4000000000000274000472656164740005777269746578017371007e0027770c000000103f40000000000001737200426f72672e737072696e676672616d65776f726b2e73656375726974792e636f72652e617574686f726974792e53696d706c654772616e746564417574686f7269747900000000000001fe0200014c0004726f6c6571007e000f787074000455534552787371007e001e3f40000000000000770800000010000000007870707371007e0027770c000000103f400000000000017400187265736f757263652d7365727665722d726573742d617069787371007e0027770c000000103f40000000000000787372004f6f72672e737072696e676672616d65776f726b2e73656375726974792e61757468656e7469636174696f6e2e557365726e616d6550617373776f726441757468656e7469636174696f6e546f6b656e00000000000001fe0200024c000b63726564656e7469616c7371007e00054c00097072696e636970616c71007e00057871007e0003017371007e00077371007e000b0000000177040000000171007e00107871007e0036737200176a6176612e7574696c2e4c696e6b6564486173684d617034c04e5c106cc0fb0200015a000b6163636573734f726465727871007e001e3f400000000000067708000000080000000271007e002071007e002171007e002271007e002378007073720032636f6d2e6a617469732e74656d706c6174652e636f6d6d6f6e2e646f6d61696e2e436f6d6d6f6e5573657244657461696c7300000000000000010200155a000e6163636f756e74457870697265645a000d6163636f756e744c6f636b65645a001263726564656e7469616c73457870697265645a000c64656c6574655374617475735a0007656e61626c65644c000b617574686f72697469657371007e00044c00066272616e636871007e000f4c000963726561746564427971007e000e4c000b6372656174656454696d657400104c6a6176612f7574696c2f446174653b4c000a6469766973696f6e496471007e000e4c000b656d61696c53746174757371007e000f4c000866756c6c4e616d6571007e000f4c00156c61737450617373776f726452657365744461746571007e003a4c000870617373776f726471007e000f4c000673656372657471007e000f4c000975706461746564427971007e000e4c000b7570646174656454696d6571007e003a4c000675736572496471007e000e4c0007757365724e696b71007e000f4c0006757365724e6f71007e000f4c0008757365726e616d6571007e000f787000000000017371007e000b0000000177040000000171007e0010787070737200126a6176612e73716c2e54696d657374616d702618d5c80153bf650200014900056e616e6f737872000e6a6176612e7574696c2e44617465686a81014b597419030000787077080000016c85b515887826906fc07371007e0011be139f8ede8fc8df6b88c4798dd1499b74000e456d61696c5f566572696669656474000a73756e616e64693030377074003c2432612431302451783671394967657863773271344b764e6b4474494f4c67552f593172714c506d71375a7132494272316d4d433678774a65416147707371007e0011b5172f1e41ab3444e7332d59c2854a6d7371007e003d77080000016d24125bf07805c81a407371007e0011b0b4ce4b90eaa8bbb4411514676c4ed27074000655736572313874001473756e616e646937303040676d61696c2e636f6d	587bb65c4bdd1088aee2d023054ea9bd
4d2ab61ac6d117b62765915668193183	\\xaced0005737200436f72672e737072696e676672616d65776f726b2e73656375726974792e6f61757468322e636f6d6d6f6e2e44656661756c744f4175746832416363657373546f6b656e0cb29e361b24face0200064c00156164646974696f6e616c496e666f726d6174696f6e74000f4c6a6176612f7574696c2f4d61703b4c000a65787069726174696f6e7400104c6a6176612f7574696c2f446174653b4c000c72656672657368546f6b656e74003f4c6f72672f737072696e676672616d65776f726b2f73656375726974792f6f61757468322f636f6d6d6f6e2f4f417574683252656672657368546f6b656e3b4c000573636f706574000f4c6a6176612f7574696c2f5365743b4c0009746f6b656e547970657400124c6a6176612f6c616e672f537472696e673b4c000576616c756571007e00057870737200176a6176612e7574696c2e4c696e6b6564486173684d617034c04e5c106cc0fb0200015a000b6163636573734f72646572787200116a6176612e7574696c2e486173684d61700507dac1c31660d103000246000a6c6f6164466163746f724900097468726573686f6c6478703f4000000000000177080000000200000001740008757365726e616d6574001566616872756c616c77616e40676d61696c2e636f6d78007372000e6a6176612e7574696c2e44617465686a81014b597419030000787077080000016d731af087787372004c6f72672e737072696e676672616d65776f726b2e73656375726974792e6f61757468322e636f6d6d6f6e2e44656661756c744578706972696e674f417574683252656672657368546f6b656e2fdf47639dd0c9b70200014c000a65787069726174696f6e71007e0002787200446f72672e737072696e676672616d65776f726b2e73656375726974792e6f61757468322e636f6d6d6f6e2e44656661756c744f417574683252656672657368546f6b656e73e10e0a6354d45e0200014c000576616c756571007e0005787074002463663931623064352d356532382d343038312d616266372d3735633936323264393163387371007e000c77080000016db91ef2d878737200256a6176612e7574696c2e436f6c6c656374696f6e7324556e6d6f6469666961626c65536574801d92d18f9b80550200007872002c6a6176612e7574696c2e436f6c6c656374696f6e7324556e6d6f6469666961626c65436f6c6c656374696f6e19420080cb5ef71e0200014c0001637400164c6a6176612f7574696c2f436f6c6c656374696f6e3b7870737200176a6176612e7574696c2e4c696e6b656448617368536574d86cd75a95dd2a1e020000787200116a6176612e7574696c2e48617368536574ba44859596b8b7340300007870770c000000103f400000000000027400047265616474000577726974657874000662656172657274002435323934303864392d616663642d343962302d386336312d613265306532383739326162	8251221a4d2167336d4c66d727337071	fahrulalwan@gmail.com	spring-security-oauth2-read-write-client	\\xaced0005737200416f72672e737072696e676672616d65776f726b2e73656375726974792e6f61757468322e70726f76696465722e4f417574683241757468656e7469636174696f6ebd400b02166252130200024c000d73746f7265645265717565737474003c4c6f72672f737072696e676672616d65776f726b2f73656375726974792f6f61757468322f70726f76696465722f4f4175746832526571756573743b4c00127573657241757468656e7469636174696f6e7400324c6f72672f737072696e676672616d65776f726b2f73656375726974792f636f72652f41757468656e7469636174696f6e3b787200476f72672e737072696e676672616d65776f726b2e73656375726974792e61757468656e7469636174696f6e2e416273747261637441757468656e7469636174696f6e546f6b656ed3aa287e6e47640e0200035a000d61757468656e746963617465644c000b617574686f7269746965737400164c6a6176612f7574696c2f436f6c6c656374696f6e3b4c000764657461696c737400124c6a6176612f6c616e672f4f626a6563743b787000737200266a6176612e7574696c2e436f6c6c656374696f6e7324556e6d6f6469666961626c654c697374fc0f2531b5ec8e100200014c00046c6973747400104c6a6176612f7574696c2f4c6973743b7872002c6a6176612e7574696c2e436f6c6c656374696f6e7324556e6d6f6469666961626c65436f6c6c656374696f6e19420080cb5ef71e0200014c00016371007e00047870737200136a6176612e7574696c2e41727261794c6973747881d21d99c7619d03000149000473697a657870000000017704000000017372002b636f6d2e6a617469732e74656d706c6174652e636f6d6d6f6e2e646f6d61696e2e436f6d6d6f6e526f6c654be6a9a5b480d9a80200034c0006726f6c6549647400104c6a6176612f7574696c2f555549443b4c0008726f6c654e616d657400124c6a6176612f6c616e672f537472696e673b4c0006726f6c654e6f71007e000f78707372000e6a6176612e7574696c2e55554944bc9903f7986d852f0200024a000c6c65617374536967426974734a000b6d6f7374536967426974737870b50b61b3ab078ce2febcc8a1d52d454174000b53757065722041646d696e740006526f6c6530317871007e000c707372003a6f72672e737072696e676672616d65776f726b2e73656375726974792e6f61757468322e70726f76696465722e4f41757468325265717565737400000000000000010200075a0008617070726f7665644c000b617574686f72697469657371007e00044c000a657874656e73696f6e7374000f4c6a6176612f7574696c2f4d61703b4c000b726564697265637455726971007e000f4c00077265667265736874003b4c6f72672f737072696e676672616d65776f726b2f73656375726974792f6f61757468322f70726f76696465722f546f6b656e526571756573743b4c000b7265736f7572636549647374000f4c6a6176612f7574696c2f5365743b4c000d726573706f6e7365547970657371007e0018787200386f72672e737072696e676672616d65776f726b2e73656375726974792e6f61757468322e70726f76696465722e426173655265717565737436287a3ea37169bd0200034c0008636c69656e74496471007e000f4c001172657175657374506172616d657465727371007e00164c000573636f706571007e00187870740028737072696e672d73656375726974792d6f61757468322d726561642d77726974652d636c69656e74737200256a6176612e7574696c2e436f6c6c656374696f6e7324556e6d6f6469666961626c654d6170f1a5a8fe74f507420200014c00016d71007e00167870737200116a6176612e7574696c2e486173684d61700507dac1c31660d103000246000a6c6f6164466163746f724900097468726573686f6c6478703f400000000000037708000000040000000274000a6772616e745f7479706574000870617373776f7264740008757365726e616d6574001566616872756c616c77616e40676d61696c2e636f6d78737200256a6176612e7574696c2e436f6c6c656374696f6e7324556e6d6f6469666961626c65536574801d92d18f9b80550200007871007e0009737200176a6176612e7574696c2e4c696e6b656448617368536574d86cd75a95dd2a1e020000787200116a6176612e7574696c2e48617368536574ba44859596b8b7340300007870770c000000103f4000000000000274000472656164740005777269746578017371007e0027770c000000103f40000000000001737200426f72672e737072696e676672616d65776f726b2e73656375726974792e636f72652e617574686f726974792e53696d706c654772616e746564417574686f7269747900000000000001fe0200014c0004726f6c6571007e000f787074000455534552787371007e001e3f40000000000000770800000010000000007870707371007e0027770c000000103f400000000000017400187265736f757263652d7365727665722d726573742d617069787371007e0027770c000000103f40000000000000787372004f6f72672e737072696e676672616d65776f726b2e73656375726974792e61757468656e7469636174696f6e2e557365726e616d6550617373776f726441757468656e7469636174696f6e546f6b656e00000000000001fe0200024c000b63726564656e7469616c7371007e00054c00097072696e636970616c71007e00057871007e0003017371007e00077371007e000b0000000177040000000171007e00107871007e0036737200176a6176612e7574696c2e4c696e6b6564486173684d617034c04e5c106cc0fb0200015a000b6163636573734f726465727871007e001e3f400000000000067708000000080000000271007e002071007e002171007e002271007e002378007073720032636f6d2e6a617469732e74656d706c6174652e636f6d6d6f6e2e646f6d61696e2e436f6d6d6f6e5573657244657461696c7300000000000000010200155a000e6163636f756e74457870697265645a000d6163636f756e744c6f636b65645a001263726564656e7469616c73457870697265645a000c64656c6574655374617475735a0007656e61626c65644c000b617574686f72697469657371007e00044c00066272616e636871007e000f4c000963726561746564427971007e000e4c000b6372656174656454696d657400104c6a6176612f7574696c2f446174653b4c000a6469766973696f6e496471007e000e4c000b656d61696c53746174757371007e000f4c000866756c6c4e616d6571007e000f4c00156c61737450617373776f726452657365744461746571007e003a4c000870617373776f726471007e000f4c000673656372657471007e000f4c000975706461746564427971007e000e4c000b7570646174656454696d6571007e003a4c000675736572496471007e000e4c0007757365724e696b71007e000f4c0006757365724e6f71007e000f4c0008757365726e616d6571007e000f787000000000017371007e000b0000000177040000000171007e0010787070737200126a6176612e73716c2e54696d657374616d702618d5c80153bf650200014900056e616e6f737872000e6a6176612e7574696c2e44617465686a81014b597419030000787077080000016c995eab3078161d02c07371007e0011be139f8ede8fc8df6b88c4798dd1499b74000e456d61696c5f56657269666965647400154d6f68616d6d61642046616872756c20416c77616e7074003c243261243130246d466f654b5452685a62514c6d4d487762667a52724f4f524f38372e4c4f507864747a4a4b4275504e33443870502f306b532f6375707371007e0011b5172f1e41ab3444e7332d59c2854a6d7371007e003d77080000016ce1a9fa487818ea2c807371007e0011b5172f1e41ab3444e7332d59c2854a6d7074000655736572353074001566616872756c616c77616e40676d61696c2e636f6d	74060f9cedb6b2d4f5d92c525ddd2bde
3121e7660f39f4768b5e2147309e78d2	\\xaced0005737200436f72672e737072696e676672616d65776f726b2e73656375726974792e6f61757468322e636f6d6d6f6e2e44656661756c744f4175746832416363657373546f6b656e0cb29e361b24face0200064c00156164646974696f6e616c496e666f726d6174696f6e74000f4c6a6176612f7574696c2f4d61703b4c000a65787069726174696f6e7400104c6a6176612f7574696c2f446174653b4c000c72656672657368546f6b656e74003f4c6f72672f737072696e676672616d65776f726b2f73656375726974792f6f61757468322f636f6d6d6f6e2f4f417574683252656672657368546f6b656e3b4c000573636f706574000f4c6a6176612f7574696c2f5365743b4c0009746f6b656e547970657400124c6a6176612f6c616e672f537472696e673b4c000576616c756571007e00057870737200176a6176612e7574696c2e4c696e6b6564486173684d617034c04e5c106cc0fb0200015a000b6163636573734f72646572787200116a6176612e7574696c2e486173684d61700507dac1c31660d103000246000a6c6f6164466163746f724900097468726573686f6c6478703f4000000000000177080000000200000001740008757365726e616d657400156661757a616e406d61696c696e61746f722e636f6d78007372000e6a6176612e7574696c2e44617465686a81014b597419030000787077080000016c91c4277f787372004c6f72672e737072696e676672616d65776f726b2e73656375726974792e6f61757468322e636f6d6d6f6e2e44656661756c744578706972696e674f417574683252656672657368546f6b656e2fdf47639dd0c9b70200014c000a65787069726174696f6e71007e0002787200446f72672e737072696e676672616d65776f726b2e73656375726974792e6f61757468322e636f6d6d6f6e2e44656661756c744f417574683252656672657368546f6b656e73e10e0a6354d45e0200014c000576616c756571007e0005787074002462373134316161362d313833622d343266302d383661392d3136353164383464623233377371007e000c77080000016d2a1d9e7d78737200256a6176612e7574696c2e436f6c6c656374696f6e7324556e6d6f6469666961626c65536574801d92d18f9b80550200007872002c6a6176612e7574696c2e436f6c6c656374696f6e7324556e6d6f6469666961626c65436f6c6c656374696f6e19420080cb5ef71e0200014c0001637400164c6a6176612f7574696c2f436f6c6c656374696f6e3b7870737200176a6176612e7574696c2e4c696e6b656448617368536574d86cd75a95dd2a1e020000787200116a6176612e7574696c2e48617368536574ba44859596b8b7340300007870770c000000103f400000000000027400047265616474000577726974657874000662656172657274002432383831346165612d336635382d343639302d396131352d626439353263633964633830	9dc9f9bb39d39cd6b0d4461e0cfd603c	fauzan@mailinator.com	spring-security-oauth2-read-write-client	\\xaced0005737200416f72672e737072696e676672616d65776f726b2e73656375726974792e6f61757468322e70726f76696465722e4f417574683241757468656e7469636174696f6ebd400b02166252130200024c000d73746f7265645265717565737474003c4c6f72672f737072696e676672616d65776f726b2f73656375726974792f6f61757468322f70726f76696465722f4f4175746832526571756573743b4c00127573657241757468656e7469636174696f6e7400324c6f72672f737072696e676672616d65776f726b2f73656375726974792f636f72652f41757468656e7469636174696f6e3b787200476f72672e737072696e676672616d65776f726b2e73656375726974792e61757468656e7469636174696f6e2e416273747261637441757468656e7469636174696f6e546f6b656ed3aa287e6e47640e0200035a000d61757468656e746963617465644c000b617574686f7269746965737400164c6a6176612f7574696c2f436f6c6c656374696f6e3b4c000764657461696c737400124c6a6176612f6c616e672f4f626a6563743b787000737200266a6176612e7574696c2e436f6c6c656374696f6e7324556e6d6f6469666961626c654c697374fc0f2531b5ec8e100200014c00046c6973747400104c6a6176612f7574696c2f4c6973743b7872002c6a6176612e7574696c2e436f6c6c656374696f6e7324556e6d6f6469666961626c65436f6c6c656374696f6e19420080cb5ef71e0200014c00016371007e00047870737200136a6176612e7574696c2e41727261794c6973747881d21d99c7619d03000149000473697a657870000000027704000000027372002c636f6d2e6a617469732e74656d706c6174652e757365726d616e6167656d656e742e6d6f64656c2e526f6c654be6a9a5b480d9a80200044c0006726f6c6549647400104c6a6176612f7574696c2f555549443b4c0008726f6c654e616d657400124c6a6176612f6c616e672f537472696e673b4c0006726f6c654e6f71007e000f4c00067374617475737400134c6a6176612f6c616e672f426f6f6c65616e3b78707372000e6a6176612e7574696c2e55554944bc9903f7986d852f0200024a000c6c65617374536967426974734a000b6d6f7374536967426974737870b50b61b3ab078ce2febcc8a1d52d454174000b53757065722041646d696e740006526f6c653031737200116a6176612e6c616e672e426f6f6c65616ecd207280d59cfaee0200015a000576616c756578700171007e00117871007e000c707372003a6f72672e737072696e676672616d65776f726b2e73656375726974792e6f61757468322e70726f76696465722e4f41757468325265717565737400000000000000010200075a0008617070726f7665644c000b617574686f72697469657371007e00044c000a657874656e73696f6e7374000f4c6a6176612f7574696c2f4d61703b4c000b726564697265637455726971007e000f4c00077265667265736874003b4c6f72672f737072696e676672616d65776f726b2f73656375726974792f6f61757468322f70726f76696465722f546f6b656e526571756573743b4c000b7265736f7572636549647374000f4c6a6176612f7574696c2f5365743b4c000d726573706f6e7365547970657371007e001b787200386f72672e737072696e676672616d65776f726b2e73656375726974792e6f61757468322e70726f76696465722e426173655265717565737436287a3ea37169bd0200034c0008636c69656e74496471007e000f4c001172657175657374506172616d657465727371007e00194c000573636f706571007e001b7870740028737072696e672d73656375726974792d6f61757468322d726561642d77726974652d636c69656e74737200256a6176612e7574696c2e436f6c6c656374696f6e7324556e6d6f6469666961626c654d6170f1a5a8fe74f507420200014c00016d71007e00197870737200116a6176612e7574696c2e486173684d61700507dac1c31660d103000246000a6c6f6164466163746f724900097468726573686f6c6478703f400000000000067708000000080000000374000a6772616e745f7479706574000870617373776f7264740009636c69656e745f6964740028737072696e672d73656375726974792d6f61757468322d726561642d77726974652d636c69656e74740008757365726e616d657400156661757a616e406d61696c696e61746f722e636f6d78737200256a6176612e7574696c2e436f6c6c656374696f6e7324556e6d6f6469666961626c65536574801d92d18f9b80550200007871007e0009737200176a6176612e7574696c2e4c696e6b656448617368536574d86cd75a95dd2a1e020000787200116a6176612e7574696c2e48617368536574ba44859596b8b7340300007870770c000000103f4000000000000274000472656164740005777269746578017371007e002c770c000000103f40000000000001737200426f72672e737072696e676672616d65776f726b2e73656375726974792e636f72652e617574686f726974792e53696d706c654772616e746564417574686f7269747900000000000001fe0200014c0004726f6c6571007e000f787074000455534552787371007e00213f40000000000000770800000010000000007870707371007e002c770c000000103f400000000000017400187265736f757263652d7365727665722d726573742d617069787371007e002c770c000000103f40000000000000787372004f6f72672e737072696e676672616d65776f726b2e73656375726974792e61757468656e7469636174696f6e2e557365726e616d6550617373776f726441757468656e7469636174696f6e546f6b656e00000000000001fe0200024c000b63726564656e7469616c7371007e00054c00097072696e636970616c71007e00057871007e0003017371007e00077371007e000b0000000277040000000271007e001171007e00117871007e003b737200176a6176612e7574696c2e4c696e6b6564486173684d617034c04e5c106cc0fb0200015a000b6163636573734f726465727871007e00213f400000000000067708000000080000000371007e002371007e002471007e002571007e002671007e002771007e00287800707372002c636f6d2e6a617469732e74656d706c6174652e757365726d616e6167656d656e742e6d6f64656c2e55736572006c1af87af6053f0200165a000e6163636f756e74457870697265645a000d6163636f756e744c6f636b65645a001263726564656e7469616c73457870697265645a0007656e61626c65644c000b617574686f72697469657371007e00044c00066272616e636871007e000f4c000963726561746564427971007e000e4c000b6372656174656454696d657400104c6a6176612f7574696c2f446174653b4c00086469766973696f6e71007e000f4c000b656d61696c53746174757371007e000f4c000866636d546f6b656e71007e000f4c000866756c6c4e616d6571007e000f4c00156c61737450617373776f726452657365744461746571007e003f4c00036f747071007e000f4c000870617373776f726471007e000f4c000673656372657471007e000f4c000975706461746564427971007e000e4c000b7570646174656454696d6571007e003f4c000675736572496471007e000e4c0007757365724e696b71007e000f4c0006757365724e6f71007e000f4c0008757365726e616d6571007e000f7870000000017372002f6f72672e68696265726e6174652e636f6c6c656374696f6e2e696e7465726e616c2e50657273697374656e744261673e6a0d30495f208f0200014c000362616771007e00087872003e6f72672e68696265726e6174652e636f6c6c656374696f6e2e696e7465726e616c2e416273747261637450657273697374656e74436f6c6c656374696f6e402cf80d58d552f202000b5a001b616c6c6f774c6f61644f7574736964655472616e73616374696f6e49000a63616368656453697a655a000564697274795a000e656c656d656e7452656d6f7665645a000b696e697469616c697a65645a000d697354656d7053657373696f6e4c00036b65797400164c6a6176612f696f2f53657269616c697a61626c653b4c00056f776e657271007e00054c0004726f6c6571007e000f4c001273657373696f6e466163746f72795575696471007e000f4c000e73746f726564536e617073686f7471007e0043787000ffffffff000001007371007e0012bf28208a97bc86a2c311e24e577e4b0871007e0040740038636f6d2e6a617469732e74656d706c6174652e757365726d616e6167656d656e742e6d6f64656c2e557365722e617574686f726974696573707371007e000b0000000277040000000271007e001171007e0011787371007e000b0000000277040000000271007e001171007e0011787070737200126a6176612e73716c2e54696d657374616d702618d5c80153bf650200014900056e616e6f737872000e6a6176612e7574696c2e44617465686a81014b597419030000787077080000016c8f173ac07801ab3f00740009646576656c6f70657274000e456d61696c5f56657269666965647074000b6661757a616e2074657374707074003c24326124303824664237386b4667446862477272586752557855506c4f5169506879357a50356268714e7a78444b313644646979774452644f33626d70707371007e004977080000016c8f9ce580783577224071007e0045707400065573657233387400156661757a616e406d61696c696e61746f722e636f6d	754bab9c20b278d094b5ce639849a327
be83d5872f067ac3f9de625589bff449	\\xaced0005737200436f72672e737072696e676672616d65776f726b2e73656375726974792e6f61757468322e636f6d6d6f6e2e44656661756c744f4175746832416363657373546f6b656e0cb29e361b24face0200064c00156164646974696f6e616c496e666f726d6174696f6e74000f4c6a6176612f7574696c2f4d61703b4c000a65787069726174696f6e7400104c6a6176612f7574696c2f446174653b4c000c72656672657368546f6b656e74003f4c6f72672f737072696e676672616d65776f726b2f73656375726974792f6f61757468322f636f6d6d6f6e2f4f417574683252656672657368546f6b656e3b4c000573636f706574000f4c6a6176612f7574696c2f5365743b4c0009746f6b656e547970657400124c6a6176612f6c616e672f537472696e673b4c000576616c756571007e00057870737200176a6176612e7574696c2e4c696e6b6564486173684d617034c04e5c106cc0fb0200015a000b6163636573734f72646572787200116a6176612e7574696c2e486173684d61700507dac1c31660d103000246000a6c6f6164466163746f724900097468726573686f6c6478703f4000000000000177080000000200000001740008757365726e616d6574002166616973616c2e616264696c6c616840706a692d736f6c7574696f6e732e636f6d78007372000e6a6176612e7574696c2e44617465686a81014b597419030000787077080000016ccf5f653a787372004c6f72672e737072696e676672616d65776f726b2e73656375726974792e6f61757468322e636f6d6d6f6e2e44656661756c744578706972696e674f417574683252656672657368546f6b656e2fdf47639dd0c9b70200014c000a65787069726174696f6e71007e0002787200446f72672e737072696e676672616d65776f726b2e73656375726974792e6f61757468322e636f6d6d6f6e2e44656661756c744f417574683252656672657368546f6b656e73e10e0a6354d45e0200014c000576616c756571007e0005787074002462373438346238302d613530352d343539662d396233332d3036376234613262353433307371007e000c77080000016d67b8dc3578737200256a6176612e7574696c2e436f6c6c656374696f6e7324556e6d6f6469666961626c65536574801d92d18f9b80550200007872002c6a6176612e7574696c2e436f6c6c656374696f6e7324556e6d6f6469666961626c65436f6c6c656374696f6e19420080cb5ef71e0200014c0001637400164c6a6176612f7574696c2f436f6c6c656374696f6e3b7870737200176a6176612e7574696c2e4c696e6b656448617368536574d86cd75a95dd2a1e020000787200116a6176612e7574696c2e48617368536574ba44859596b8b7340300007870770c000000103f400000000000027400047265616474000577726974657874000662656172657274002463343366323031322d396337312d343230392d393335632d666533613630366131393630	5dfdf4151fa0c3c99756124e3a9056c2	faisal.abdillah@pji-solutions.com	spring-security-oauth2-read-write-client	\\xaced0005737200416f72672e737072696e676672616d65776f726b2e73656375726974792e6f61757468322e70726f76696465722e4f417574683241757468656e7469636174696f6ebd400b02166252130200024c000d73746f7265645265717565737474003c4c6f72672f737072696e676672616d65776f726b2f73656375726974792f6f61757468322f70726f76696465722f4f4175746832526571756573743b4c00127573657241757468656e7469636174696f6e7400324c6f72672f737072696e676672616d65776f726b2f73656375726974792f636f72652f41757468656e7469636174696f6e3b787200476f72672e737072696e676672616d65776f726b2e73656375726974792e61757468656e7469636174696f6e2e416273747261637441757468656e7469636174696f6e546f6b656ed3aa287e6e47640e0200035a000d61757468656e746963617465644c000b617574686f7269746965737400164c6a6176612f7574696c2f436f6c6c656374696f6e3b4c000764657461696c737400124c6a6176612f6c616e672f4f626a6563743b787000737200266a6176612e7574696c2e436f6c6c656374696f6e7324556e6d6f6469666961626c654c697374fc0f2531b5ec8e100200014c00046c6973747400104c6a6176612f7574696c2f4c6973743b7872002c6a6176612e7574696c2e436f6c6c656374696f6e7324556e6d6f6469666961626c65436f6c6c656374696f6e19420080cb5ef71e0200014c00016371007e00047870737200136a6176612e7574696c2e41727261794c6973747881d21d99c7619d03000149000473697a657870000000017704000000017372002c636f6d2e6a617469732e74656d706c6174652e757365726d616e6167656d656e742e6d6f64656c2e526f6c654be6a9a5b480d9a80200095a000c64656c6574655374617475734c000c6163746976655374617475737400134c6a6176612f6c616e672f426f6f6c65616e3b4c00096372656174656442797400104c6a6176612f7574696c2f555549443b4c000b6372656174656454696d657400104c6a6176612f7574696c2f446174653b4c0006726f6c65496471007e000f4c0008726f6c654e616d657400124c6a6176612f6c616e672f537472696e673b4c0006726f6c654e6f71007e00114c000975706461746564427971007e000f4c000b7570646174656454696d6571007e00107870007070707372000e6a6176612e7574696c2e55554944bc9903f7986d852f0200024a000c6c65617374536967426974734a000b6d6f7374536967426974737870b50b61b3ab078ce2febcc8a1d52d454174000b53757065722041646d696e740006526f6c65303170707871007e000c707372003a6f72672e737072696e676672616d65776f726b2e73656375726974792e6f61757468322e70726f76696465722e4f41757468325265717565737400000000000000010200075a0008617070726f7665644c000b617574686f72697469657371007e00044c000a657874656e73696f6e7374000f4c6a6176612f7574696c2f4d61703b4c000b726564697265637455726971007e00114c00077265667265736874003b4c6f72672f737072696e676672616d65776f726b2f73656375726974792f6f61757468322f70726f76696465722f546f6b656e526571756573743b4c000b7265736f7572636549647374000f4c6a6176612f7574696c2f5365743b4c000d726573706f6e7365547970657371007e001a787200386f72672e737072696e676672616d65776f726b2e73656375726974792e6f61757468322e70726f76696465722e426173655265717565737436287a3ea37169bd0200034c0008636c69656e74496471007e00114c001172657175657374506172616d657465727371007e00184c000573636f706571007e001a7870740028737072696e672d73656375726974792d6f61757468322d726561642d77726974652d636c69656e74737200256a6176612e7574696c2e436f6c6c656374696f6e7324556e6d6f6469666961626c654d6170f1a5a8fe74f507420200014c00016d71007e00187870737200116a6176612e7574696c2e486173684d61700507dac1c31660d103000246000a6c6f6164466163746f724900097468726573686f6c6478703f400000000000067708000000080000000374000a6772616e745f7479706574000870617373776f7264740009636c69656e745f6964740028737072696e672d73656375726974792d6f61757468322d726561642d77726974652d636c69656e74740008757365726e616d6574002166616973616c2e616264696c6c616840706a692d736f6c7574696f6e732e636f6d78737200256a6176612e7574696c2e436f6c6c656374696f6e7324556e6d6f6469666961626c65536574801d92d18f9b80550200007871007e0009737200176a6176612e7574696c2e4c696e6b656448617368536574d86cd75a95dd2a1e020000787200116a6176612e7574696c2e48617368536574ba44859596b8b7340300007870770c000000103f4000000000000274000472656164740005777269746578017371007e002b770c000000103f40000000000001737200426f72672e737072696e676672616d65776f726b2e73656375726974792e636f72652e617574686f726974792e53696d706c654772616e746564417574686f7269747900000000000001fe0200014c0004726f6c6571007e0011787074000455534552787371007e00203f40000000000000770800000010000000007870707371007e002b770c000000103f400000000000017400187265736f757263652d7365727665722d726573742d617069787371007e002b770c000000103f40000000000000787372004f6f72672e737072696e676672616d65776f726b2e73656375726974792e61757468656e7469636174696f6e2e557365726e616d6550617373776f726441757468656e7469636174696f6e546f6b656e00000000000001fe0200024c000b63726564656e7469616c7371007e00054c00097072696e636970616c71007e00057871007e0003017371007e00077371007e000b0000000177040000000171007e00127871007e003a737200176a6176612e7574696c2e4c696e6b6564486173684d617034c04e5c106cc0fb0200015a000b6163636573734f726465727871007e00203f400000000000067708000000080000000371007e002271007e002371007e002471007e002571007e002671007e00277800707372002c636f6d2e6a617469732e74656d706c6174652e757365726d616e6167656d656e742e6d6f64656c2e55736572006c1af87af6053f0200175a000e6163636f756e74457870697265645a000d6163636f756e744c6f636b65645a001263726564656e7469616c73457870697265645a000c64656c6574655374617475735a0007656e61626c65644c000b617574686f72697469657371007e00044c00066272616e636871007e00114c000963726561746564427971007e000f4c000b6372656174656454696d6571007e00104c00086469766973696f6e71007e00114c000b656d61696c53746174757371007e00114c000866636d546f6b656e71007e00114c000866756c6c4e616d6571007e00114c00156c61737450617373776f726452657365744461746571007e00104c00036f747071007e00114c000870617373776f726471007e00114c000673656372657471007e00114c000975706461746564427971007e000f4c000b7570646174656454696d6571007e00104c000675736572496471007e000f4c0007757365724e696b71007e00114c0006757365724e6f71007e00114c0008757365726e616d6571007e0011787000000000017371007e000b0000000177040000000171007e0012787070737200126a6176612e73716c2e54696d657374616d702618d5c80153bf650200014900056e616e6f737872000e6a6176612e7574696c2e44617465686a81014b597419030000787077080000016ccd37dcb07820d797c0740006546573746572740010456d61696c5f52656769737465726564707400065261686d616e707074003c24326124313024397571446534575a54646e5153586132536e4a4f7165354d4333722f305331543167324844303168584932446f3030437576796f4b7070707371007e0013ba920aa57187f3af906015c216b94f72707400075573657231303074002166616973616c2e616264696c6c616840706a692d736f6c7574696f6e732e636f6d	92255fad98a7e879af1f42779757ea64
39bd487f0c0684042e2c1b13355eeea1	\\xaced0005737200436f72672e737072696e676672616d65776f726b2e73656375726974792e6f61757468322e636f6d6d6f6e2e44656661756c744f4175746832416363657373546f6b656e0cb29e361b24face0200064c00156164646974696f6e616c496e666f726d6174696f6e74000f4c6a6176612f7574696c2f4d61703b4c000a65787069726174696f6e7400104c6a6176612f7574696c2f446174653b4c000c72656672657368546f6b656e74003f4c6f72672f737072696e676672616d65776f726b2f73656375726974792f6f61757468322f636f6d6d6f6e2f4f417574683252656672657368546f6b656e3b4c000573636f706574000f4c6a6176612f7574696c2f5365743b4c0009746f6b656e547970657400124c6a6176612f6c616e672f537472696e673b4c000576616c756571007e00057870737200176a6176612e7574696c2e4c696e6b6564486173684d617034c04e5c106cc0fb0200015a000b6163636573734f72646572787200116a6176612e7574696c2e486173684d61700507dac1c31660d103000246000a6c6f6164466163746f724900097468726573686f6c6478703f4000000000000177080000000200000001740008757365726e616d65740019637573746f6d65723131406d61696c696e61746f722e636f6d78007372000e6a6176612e7574696c2e44617465686a81014b597419030000787077080000016d6973fb6e787372004c6f72672e737072696e676672616d65776f726b2e73656375726974792e6f61757468322e636f6d6d6f6e2e44656661756c744578706972696e674f417574683252656672657368546f6b656e2fdf47639dd0c9b70200014c000a65787069726174696f6e71007e0002787200446f72672e737072696e676672616d65776f726b2e73656375726974792e6f61757468322e636f6d6d6f6e2e44656661756c744f417574683252656672657368546f6b656e73e10e0a6354d45e0200014c000576616c756571007e0005787074002466646639326232332d383732382d343531642d393535622d6432376265316334613565307371007e000c77080000016e01cd726d78737200256a6176612e7574696c2e436f6c6c656374696f6e7324556e6d6f6469666961626c65536574801d92d18f9b80550200007872002c6a6176612e7574696c2e436f6c6c656374696f6e7324556e6d6f6469666961626c65436f6c6c656374696f6e19420080cb5ef71e0200014c0001637400164c6a6176612f7574696c2f436f6c6c656374696f6e3b7870737200176a6176612e7574696c2e4c696e6b656448617368536574d86cd75a95dd2a1e020000787200116a6176612e7574696c2e48617368536574ba44859596b8b7340300007870770c000000103f400000000000027400047265616474000577726974657874000662656172657274002464653439323431312d333935322d346130382d616437612d616161316134323334666234	79f80c13d3e22ac580b5441617769428	customer11@mailinator.com	spring-security-oauth2-read-write-client	\\xaced0005737200416f72672e737072696e676672616d65776f726b2e73656375726974792e6f61757468322e70726f76696465722e4f417574683241757468656e7469636174696f6ebd400b02166252130200024c000d73746f7265645265717565737474003c4c6f72672f737072696e676672616d65776f726b2f73656375726974792f6f61757468322f70726f76696465722f4f4175746832526571756573743b4c00127573657241757468656e7469636174696f6e7400324c6f72672f737072696e676672616d65776f726b2f73656375726974792f636f72652f41757468656e7469636174696f6e3b787200476f72672e737072696e676672616d65776f726b2e73656375726974792e61757468656e7469636174696f6e2e416273747261637441757468656e7469636174696f6e546f6b656ed3aa287e6e47640e0200035a000d61757468656e746963617465644c000b617574686f7269746965737400164c6a6176612f7574696c2f436f6c6c656374696f6e3b4c000764657461696c737400124c6a6176612f6c616e672f4f626a6563743b787000737200266a6176612e7574696c2e436f6c6c656374696f6e7324556e6d6f6469666961626c654c697374fc0f2531b5ec8e100200014c00046c6973747400104c6a6176612f7574696c2f4c6973743b7872002c6a6176612e7574696c2e436f6c6c656374696f6e7324556e6d6f6469666961626c65436f6c6c656374696f6e19420080cb5ef71e0200014c00016371007e00047870737200136a6176612e7574696c2e41727261794c6973747881d21d99c7619d03000149000473697a657870000000017704000000017372002b636f6d2e6a617469732e74656d706c6174652e636f6d6d6f6e2e646f6d61696e2e436f6d6d6f6e526f6c654be6a9a5b480d9a80200034c0006726f6c6549647400104c6a6176612f7574696c2f555549443b4c0008726f6c654e616d657400124c6a6176612f6c616e672f537472696e673b4c0006726f6c654e6f71007e000f78707372000e6a6176612e7574696c2e55554944bc9903f7986d852f0200024a000c6c65617374536967426974734a000b6d6f7374536967426974737870830ea0cbb6d70e583396c01eaec545e974000541646d696e740006526f6c6530327871007e000c707372003a6f72672e737072696e676672616d65776f726b2e73656375726974792e6f61757468322e70726f76696465722e4f41757468325265717565737400000000000000010200075a0008617070726f7665644c000b617574686f72697469657371007e00044c000a657874656e73696f6e7374000f4c6a6176612f7574696c2f4d61703b4c000b726564697265637455726971007e000f4c00077265667265736874003b4c6f72672f737072696e676672616d65776f726b2f73656375726974792f6f61757468322f70726f76696465722f546f6b656e526571756573743b4c000b7265736f7572636549647374000f4c6a6176612f7574696c2f5365743b4c000d726573706f6e7365547970657371007e0018787200386f72672e737072696e676672616d65776f726b2e73656375726974792e6f61757468322e70726f76696465722e426173655265717565737436287a3ea37169bd0200034c0008636c69656e74496471007e000f4c001172657175657374506172616d657465727371007e00164c000573636f706571007e00187870740028737072696e672d73656375726974792d6f61757468322d726561642d77726974652d636c69656e74737200256a6176612e7574696c2e436f6c6c656374696f6e7324556e6d6f6469666961626c654d6170f1a5a8fe74f507420200014c00016d71007e00167870737200116a6176612e7574696c2e486173684d61700507dac1c31660d103000246000a6c6f6164466163746f724900097468726573686f6c6478703f400000000000037708000000040000000274000a6772616e745f7479706574000870617373776f7264740008757365726e616d65740019637573746f6d65723131406d61696c696e61746f722e636f6d78737200256a6176612e7574696c2e436f6c6c656374696f6e7324556e6d6f6469666961626c65536574801d92d18f9b80550200007871007e0009737200176a6176612e7574696c2e4c696e6b656448617368536574d86cd75a95dd2a1e020000787200116a6176612e7574696c2e48617368536574ba44859596b8b7340300007870770c000000103f4000000000000274000472656164740005777269746578017371007e0027770c000000103f40000000000001737200426f72672e737072696e676672616d65776f726b2e73656375726974792e636f72652e617574686f726974792e53696d706c654772616e746564417574686f7269747900000000000001fe0200014c0004726f6c6571007e000f787074000455534552787371007e001e3f40000000000000770800000010000000007870707371007e0027770c000000103f400000000000017400187265736f757263652d7365727665722d726573742d617069787371007e0027770c000000103f40000000000000787372004f6f72672e737072696e676672616d65776f726b2e73656375726974792e61757468656e7469636174696f6e2e557365726e616d6550617373776f726441757468656e7469636174696f6e546f6b656e00000000000001fe0200024c000b63726564656e7469616c7371007e00054c00097072696e636970616c71007e00057871007e0003017371007e00077371007e000b0000000177040000000171007e00107871007e0036737200176a6176612e7574696c2e4c696e6b6564486173684d617034c04e5c106cc0fb0200015a000b6163636573734f726465727871007e001e3f400000000000067708000000080000000271007e002071007e002171007e002271007e002378007073720032636f6d2e6a617469732e74656d706c6174652e636f6d6d6f6e2e646f6d61696e2e436f6d6d6f6e5573657244657461696c7300000000000000010200155a000e6163636f756e74457870697265645a000d6163636f756e744c6f636b65645a001263726564656e7469616c73457870697265645a000c64656c6574655374617475735a0007656e61626c65644c000b617574686f72697469657371007e00044c00066272616e636871007e000f4c000963726561746564427971007e000e4c000b6372656174656454696d657400104c6a6176612f7574696c2f446174653b4c000a6469766973696f6e496471007e000e4c000b656d61696c53746174757371007e000f4c000866756c6c4e616d6571007e000f4c00156c61737450617373776f726452657365744461746571007e003a4c000870617373776f726471007e000f4c000673656372657471007e000f4c000975706461746564427971007e000e4c000b7570646174656454696d6571007e003a4c000675736572496471007e000e4c0007757365724e696b71007e000f4c0006757365724e6f71007e000f4c0008757365726e616d6571007e000f787000000000017371007e000b0000000177040000000171007e0010787070737200126a6176612e73716c2e54696d657374616d702618d5c80153bf650200014900056e616e6f737872000e6a6176612e7574696c2e44617465686a81014b597419030000787077080000016d674d3480781ec189007371007e00118b70c209a50175a3aba9b2ce6c784c2e74000e456d61696c5f56657269666965647400067573657231317074003c243261243130244e5a437a4475744b755173672f37343367686b73564f67716c4f796869654866594e546142635576494a784232704e7758356e544770707371007e003d77080000016d674e5d6078008954407371007e00119fc080164fe5a245508d79f74d0a4c4d7074000755736572313030740019637573746f6d65723131406d61696c696e61746f722e636f6d	c2e32175b8c145147c5a3656f3a8986c
607da29f090dbde2d95ade14c89f83c5	\\xaced0005737200436f72672e737072696e676672616d65776f726b2e73656375726974792e6f61757468322e636f6d6d6f6e2e44656661756c744f4175746832416363657373546f6b656e0cb29e361b24face0200064c00156164646974696f6e616c496e666f726d6174696f6e74000f4c6a6176612f7574696c2f4d61703b4c000a65787069726174696f6e7400104c6a6176612f7574696c2f446174653b4c000c72656672657368546f6b656e74003f4c6f72672f737072696e676672616d65776f726b2f73656375726974792f6f61757468322f636f6d6d6f6e2f4f417574683252656672657368546f6b656e3b4c000573636f706574000f4c6a6176612f7574696c2f5365743b4c0009746f6b656e547970657400124c6a6176612f6c616e672f537472696e673b4c000576616c756571007e00057870737200176a6176612e7574696c2e4c696e6b6564486173684d617034c04e5c106cc0fb0200015a000b6163636573734f72646572787200116a6176612e7574696c2e486173684d61700507dac1c31660d103000246000a6c6f6164466163746f724900097468726573686f6c6478703f4000000000000177080000000200000001740008757365726e616d6574001a74657374696e6773617475406d61696c696e61746f722e636f6d78007372000e6a6176612e7574696c2e44617465686a81014b597419030000787077080000016cba1a66d4787372004c6f72672e737072696e676672616d65776f726b2e73656375726974792e6f61757468322e636f6d6d6f6e2e44656661756c744578706972696e674f417574683252656672657368546f6b656e2fdf47639dd0c9b70200014c000a65787069726174696f6e71007e0002787200446f72672e737072696e676672616d65776f726b2e73656375726974792e6f61757468322e636f6d6d6f6e2e44656661756c744f417574683252656672657368546f6b656e73e10e0a6354d45e0200014c000576616c756571007e0005787074002437333536333564332d616234612d343066382d626164342d3763313939303630663536637371007e000c77080000016d5273ddd378737200256a6176612e7574696c2e436f6c6c656374696f6e7324556e6d6f6469666961626c65536574801d92d18f9b80550200007872002c6a6176612e7574696c2e436f6c6c656374696f6e7324556e6d6f6469666961626c65436f6c6c656374696f6e19420080cb5ef71e0200014c0001637400164c6a6176612f7574696c2f436f6c6c656374696f6e3b7870737200176a6176612e7574696c2e4c696e6b656448617368536574d86cd75a95dd2a1e020000787200116a6176612e7574696c2e48617368536574ba44859596b8b7340300007870770c000000103f400000000000027400047265616474000577726974657874000662656172657274002438653962636433392d663034362d343966362d623333352d393230346661343733346331	3e3db4795ed68689fc6cc9cbc25d5f18	testingsatu@mailinator.com	spring-security-oauth2-read-write-client	\\xaced0005737200416f72672e737072696e676672616d65776f726b2e73656375726974792e6f61757468322e70726f76696465722e4f417574683241757468656e7469636174696f6ebd400b02166252130200024c000d73746f7265645265717565737474003c4c6f72672f737072696e676672616d65776f726b2f73656375726974792f6f61757468322f70726f76696465722f4f4175746832526571756573743b4c00127573657241757468656e7469636174696f6e7400324c6f72672f737072696e676672616d65776f726b2f73656375726974792f636f72652f41757468656e7469636174696f6e3b787200476f72672e737072696e676672616d65776f726b2e73656375726974792e61757468656e7469636174696f6e2e416273747261637441757468656e7469636174696f6e546f6b656ed3aa287e6e47640e0200035a000d61757468656e746963617465644c000b617574686f7269746965737400164c6a6176612f7574696c2f436f6c6c656374696f6e3b4c000764657461696c737400124c6a6176612f6c616e672f4f626a6563743b787000737200266a6176612e7574696c2e436f6c6c656374696f6e7324556e6d6f6469666961626c654c697374fc0f2531b5ec8e100200014c00046c6973747400104c6a6176612f7574696c2f4c6973743b7872002c6a6176612e7574696c2e436f6c6c656374696f6e7324556e6d6f6469666961626c65436f6c6c656374696f6e19420080cb5ef71e0200014c00016371007e00047870737200136a6176612e7574696c2e41727261794c6973747881d21d99c7619d03000149000473697a657870000000017704000000017372002c636f6d2e6a617469732e74656d706c6174652e757365726d616e6167656d656e742e6d6f64656c2e526f6c654be6a9a5b480d9a80200095a000664656c6574654c00096372656174656442797400104c6a6176612f7574696c2f555549443b4c000b6372656174656454696d657400104c6a6176612f7574696c2f446174653b4c0006726f6c65496471007e000e4c0008726f6c654e616d657400124c6a6176612f6c616e672f537472696e673b4c0006726f6c654e6f71007e00104c00067374617475737400134c6a6176612f6c616e672f426f6f6c65616e3b4c000975706461746564427971007e000e4c000b7570646174656454696d6571007e000f78700070707372000e6a6176612e7574696c2e55554944bc9903f7986d852f0200024a000c6c65617374536967426974734a000b6d6f7374536967426974737870a303b540951d935d77ed740cb9444297740006546573746572740006526f6c6530337070707871007e000c707372003a6f72672e737072696e676672616d65776f726b2e73656375726974792e6f61757468322e70726f76696465722e4f41757468325265717565737400000000000000010200075a0008617070726f7665644c000b617574686f72697469657371007e00044c000a657874656e73696f6e7374000f4c6a6176612f7574696c2f4d61703b4c000b726564697265637455726971007e00104c00077265667265736874003b4c6f72672f737072696e676672616d65776f726b2f73656375726974792f6f61757468322f70726f76696465722f546f6b656e526571756573743b4c000b7265736f7572636549647374000f4c6a6176612f7574696c2f5365743b4c000d726573706f6e7365547970657371007e001a787200386f72672e737072696e676672616d65776f726b2e73656375726974792e6f61757468322e70726f76696465722e426173655265717565737436287a3ea37169bd0200034c0008636c69656e74496471007e00104c001172657175657374506172616d657465727371007e00184c000573636f706571007e001a7870740028737072696e672d73656375726974792d6f61757468322d726561642d77726974652d636c69656e74737200256a6176612e7574696c2e436f6c6c656374696f6e7324556e6d6f6469666961626c654d6170f1a5a8fe74f507420200014c00016d71007e00187870737200116a6176612e7574696c2e486173684d61700507dac1c31660d103000246000a6c6f6164466163746f724900097468726573686f6c6478703f400000000000037708000000040000000274000a6772616e745f7479706574000870617373776f7264740008757365726e616d6574001a74657374696e6773617475406d61696c696e61746f722e636f6d78737200256a6176612e7574696c2e436f6c6c656374696f6e7324556e6d6f6469666961626c65536574801d92d18f9b80550200007871007e0009737200176a6176612e7574696c2e4c696e6b656448617368536574d86cd75a95dd2a1e020000787200116a6176612e7574696c2e48617368536574ba44859596b8b7340300007870770c000000103f4000000000000274000472656164740005777269746578017371007e0029770c000000103f40000000000001737200426f72672e737072696e676672616d65776f726b2e73656375726974792e636f72652e617574686f726974792e53696d706c654772616e746564417574686f7269747900000000000001fe0200014c0004726f6c6571007e0010787074000455534552787371007e00203f40000000000000770800000010000000007870707371007e0029770c000000103f400000000000017400187265736f757263652d7365727665722d726573742d617069787371007e0029770c000000103f40000000000000787372004f6f72672e737072696e676672616d65776f726b2e73656375726974792e61757468656e7469636174696f6e2e557365726e616d6550617373776f726441757468656e7469636174696f6e546f6b656e00000000000001fe0200024c000b63726564656e7469616c7371007e00054c00097072696e636970616c71007e00057871007e0003017371007e00077371007e000b0000000177040000000171007e00127871007e0038737200176a6176612e7574696c2e4c696e6b6564486173684d617034c04e5c106cc0fb0200015a000b6163636573734f726465727871007e00203f400000000000067708000000080000000271007e002271007e002371007e002471007e00257800707372002c636f6d2e6a617469732e74656d706c6174652e757365726d616e6167656d656e742e6d6f64656c2e55736572006c1af87af6053f0200175a000e6163636f756e74457870697265645a000d6163636f756e744c6f636b65645a001263726564656e7469616c73457870697265645a000664656c6574655a0007656e61626c65644c000b617574686f72697469657371007e00044c00066272616e636871007e00104c000963726561746564427971007e000e4c000b6372656174656454696d6571007e000f4c00086469766973696f6e71007e00104c000b656d61696c53746174757371007e00104c000866636d546f6b656e71007e00104c000866756c6c4e616d6571007e00104c00156c61737450617373776f726452657365744461746571007e000f4c00036f747071007e00104c000870617373776f726471007e00104c000673656372657471007e00104c000975706461746564427971007e000e4c000b7570646174656454696d6571007e000f4c000675736572496471007e000e4c0007757365724e696b71007e00104c0006757365724e6f71007e00104c0008757365726e616d6571007e0010787000000000017371007e000b0000000177040000000171007e001278707371007e0013aa73620a4848ce3ac2899ff19373456c737200126a6176612e73716c2e54696d657374616d702618d5c80153bf650200014900056e616e6f737872000e6a6176612e7574696c2e44617465686a81014b597419030000787077080000016cb7d972e8781cd9410074000754657374696e6774000e456d61696c5f56657269666965647074000c54657374696e672053617475707074003c243261243130246b744b68582e47454569646d62536d75476f2f444575352e4d57796863616e4e74503576674a504d69773977747173472e36685571707371007e0013b8b10cadb03e6c4870bb2d43aaa3483a7371007e003f77080000016cb7f0f6707828c503007371007e0013b8b10cadb03e6c4870bb2d43aaa3483a7074000655736572383574001a74657374696e6773617475406d61696c696e61746f722e636f6d	b931ec568e41f930acd74fd85378cec1
1a55571b2b32df238ed10e36701271a6	\\xaced0005737200436f72672e737072696e676672616d65776f726b2e73656375726974792e6f61757468322e636f6d6d6f6e2e44656661756c744f4175746832416363657373546f6b656e0cb29e361b24face0200064c00156164646974696f6e616c496e666f726d6174696f6e74000f4c6a6176612f7574696c2f4d61703b4c000a65787069726174696f6e7400104c6a6176612f7574696c2f446174653b4c000c72656672657368546f6b656e74003f4c6f72672f737072696e676672616d65776f726b2f73656375726974792f6f61757468322f636f6d6d6f6e2f4f417574683252656672657368546f6b656e3b4c000573636f706574000f4c6a6176612f7574696c2f5365743b4c0009746f6b656e547970657400124c6a6176612f6c616e672f537472696e673b4c000576616c756571007e00057870737200176a6176612e7574696c2e4c696e6b6564486173684d617034c04e5c106cc0fb0200015a000b6163636573734f72646572787200116a6176612e7574696c2e486173684d61700507dac1c31660d103000246000a6c6f6164466163746f724900097468726573686f6c6478703f4000000000000177080000000200000001740008757365726e616d6574001974657374696e67617364406d61696c696e61746f722e636f6d78007372000e6a6176612e7574696c2e44617465686a81014b597419030000787077080000016cafd45227787372004c6f72672e737072696e676672616d65776f726b2e73656375726974792e6f61757468322e636f6d6d6f6e2e44656661756c744578706972696e674f417574683252656672657368546f6b656e2fdf47639dd0c9b70200014c000a65787069726174696f6e71007e0002787200446f72672e737072696e676672616d65776f726b2e73656375726974792e6f61757468322e636f6d6d6f6e2e44656661756c744f417574683252656672657368546f6b656e73e10e0a6354d45e0200014c000576616c756571007e0005787074002438383432653364362d343461632d343565322d386164322d3061313035306665633061647371007e000c77080000016d482dc92778737200256a6176612e7574696c2e436f6c6c656374696f6e7324556e6d6f6469666961626c65536574801d92d18f9b80550200007872002c6a6176612e7574696c2e436f6c6c656374696f6e7324556e6d6f6469666961626c65436f6c6c656374696f6e19420080cb5ef71e0200014c0001637400164c6a6176612f7574696c2f436f6c6c656374696f6e3b7870737200176a6176612e7574696c2e4c696e6b656448617368536574d86cd75a95dd2a1e020000787200116a6176612e7574696c2e48617368536574ba44859596b8b7340300007870770c000000103f400000000000027400047265616474000577726974657874000662656172657274002438363564393030362d623365302d346133382d386563332d346537376362623031303239	8c18d3f3bb05f41dc46a2fc860bba5df	testingasd@mailinator.com	spring-security-oauth2-read-write-client	\\xaced0005737200416f72672e737072696e676672616d65776f726b2e73656375726974792e6f61757468322e70726f76696465722e4f417574683241757468656e7469636174696f6ebd400b02166252130200024c000d73746f7265645265717565737474003c4c6f72672f737072696e676672616d65776f726b2f73656375726974792f6f61757468322f70726f76696465722f4f4175746832526571756573743b4c00127573657241757468656e7469636174696f6e7400324c6f72672f737072696e676672616d65776f726b2f73656375726974792f636f72652f41757468656e7469636174696f6e3b787200476f72672e737072696e676672616d65776f726b2e73656375726974792e61757468656e7469636174696f6e2e416273747261637441757468656e7469636174696f6e546f6b656ed3aa287e6e47640e0200035a000d61757468656e746963617465644c000b617574686f7269746965737400164c6a6176612f7574696c2f436f6c6c656374696f6e3b4c000764657461696c737400124c6a6176612f6c616e672f4f626a6563743b787000737200266a6176612e7574696c2e436f6c6c656374696f6e7324556e6d6f6469666961626c654c697374fc0f2531b5ec8e100200014c00046c6973747400104c6a6176612f7574696c2f4c6973743b7872002c6a6176612e7574696c2e436f6c6c656374696f6e7324556e6d6f6469666961626c65436f6c6c656374696f6e19420080cb5ef71e0200014c00016371007e00047870737200136a6176612e7574696c2e41727261794c6973747881d21d99c7619d03000149000473697a657870000000027704000000027372002c636f6d2e6a617469732e74656d706c6174652e757365726d616e6167656d656e742e6d6f64656c2e526f6c654be6a9a5b480d9a80200055a000664656c6574654c0006726f6c6549647400104c6a6176612f7574696c2f555549443b4c0008726f6c654e616d657400124c6a6176612f6c616e672f537472696e673b4c0006726f6c654e6f71007e000f4c00067374617475737400134c6a6176612f6c616e672f426f6f6c65616e3b7870007372000e6a6176612e7574696c2e55554944bc9903f7986d852f0200024a000c6c65617374536967426974734a000b6d6f7374536967426974737870b50b61b3ab078ce2febcc8a1d52d454174000b53757065722041646d696e740006526f6c653031707371007e000d007371007e0012830ea0cbb6d70e583396c01eaec545e974000541646d696e740006526f6c653032707871007e000c707372003a6f72672e737072696e676672616d65776f726b2e73656375726974792e6f61757468322e70726f76696465722e4f41757468325265717565737400000000000000010200075a0008617070726f7665644c000b617574686f72697469657371007e00044c000a657874656e73696f6e7374000f4c6a6176612f7574696c2f4d61703b4c000b726564697265637455726971007e000f4c00077265667265736874003b4c6f72672f737072696e676672616d65776f726b2f73656375726974792f6f61757468322f70726f76696465722f546f6b656e526571756573743b4c000b7265736f7572636549647374000f4c6a6176612f7574696c2f5365743b4c000d726573706f6e7365547970657371007e001d787200386f72672e737072696e676672616d65776f726b2e73656375726974792e6f61757468322e70726f76696465722e426173655265717565737436287a3ea37169bd0200034c0008636c69656e74496471007e000f4c001172657175657374506172616d657465727371007e001b4c000573636f706571007e001d7870740028737072696e672d73656375726974792d6f61757468322d726561642d77726974652d636c69656e74737200256a6176612e7574696c2e436f6c6c656374696f6e7324556e6d6f6469666961626c654d6170f1a5a8fe74f507420200014c00016d71007e001b7870737200116a6176612e7574696c2e486173684d61700507dac1c31660d103000246000a6c6f6164466163746f724900097468726573686f6c6478703f400000000000037708000000040000000274000a6772616e745f7479706574000870617373776f7264740008757365726e616d6574001974657374696e67617364406d61696c696e61746f722e636f6d78737200256a6176612e7574696c2e436f6c6c656374696f6e7324556e6d6f6469666961626c65536574801d92d18f9b80550200007871007e0009737200176a6176612e7574696c2e4c696e6b656448617368536574d86cd75a95dd2a1e020000787200116a6176612e7574696c2e48617368536574ba44859596b8b7340300007870770c000000103f4000000000000274000472656164740005777269746578017371007e002c770c000000103f40000000000001737200426f72672e737072696e676672616d65776f726b2e73656375726974792e636f72652e617574686f726974792e53696d706c654772616e746564417574686f7269747900000000000001fe0200014c0004726f6c6571007e000f787074000455534552787371007e00233f40000000000000770800000010000000007870707371007e002c770c000000103f400000000000017400187265736f757263652d7365727665722d726573742d617069787371007e002c770c000000103f40000000000000787372004f6f72672e737072696e676672616d65776f726b2e73656375726974792e61757468656e7469636174696f6e2e557365726e616d6550617373776f726441757468656e7469636174696f6e546f6b656e00000000000001fe0200024c000b63726564656e7469616c7371007e00054c00097072696e636970616c71007e00057871007e0003017371007e00077371007e000b0000000277040000000271007e001171007e00167871007e003b737200176a6176612e7574696c2e4c696e6b6564486173684d617034c04e5c106cc0fb0200015a000b6163636573734f726465727871007e00233f400000000000067708000000080000000271007e002571007e002671007e002771007e00287800707372002c636f6d2e6a617469732e74656d706c6174652e757365726d616e6167656d656e742e6d6f64656c2e55736572006c1af87af6053f0200175a000e6163636f756e74457870697265645a000d6163636f756e744c6f636b65645a001263726564656e7469616c73457870697265645a000664656c6574655a0007656e61626c65644c000b617574686f72697469657371007e00044c00066272616e636871007e000f4c000963726561746564427971007e000e4c000b6372656174656454696d657400104c6a6176612f7574696c2f446174653b4c00086469766973696f6e71007e000f4c000b656d61696c53746174757371007e000f4c000866636d546f6b656e71007e000f4c000866756c6c4e616d6571007e000f4c00156c61737450617373776f726452657365744461746571007e003f4c00036f747071007e000f4c000870617373776f726471007e000f4c000673656372657471007e000f4c000975706461746564427971007e000e4c000b7570646174656454696d6571007e003f4c000675736572496471007e000e4c0007757365724e696b71007e000f4c0006757365724e6f71007e000f4c0008757365726e616d6571007e000f787000000000017371007e000b0000000277040000000271007e001171007e0016787070737200126a6176612e73716c2e54696d657374616d702618d5c80153bf650200014900056e616e6f737872000e6a6176612e7574696c2e44617465686a81014b597419030000787077080000016cad4e043878284af1007400076173646173646174000e456d61696c5f56657269666965647074000f617364616473465344474648474847707074003c24326124303824547a77672f324b344c6f7a524e364853706d73614b4f4e555a64445a6c33354658433448536a67655041436731344771556e6d724f70707371007e004277080000016cada7bcf87834de8bc07371007e001287c697720a38c3c390d63fff61c74eac7074000655736572363674001974657374696e67617364406d61696c696e61746f722e636f6d	270d88e377967fbd721ec26561396784
45898ff9e6794e3e4240837f81b579d2	\\xaced0005737200436f72672e737072696e676672616d65776f726b2e73656375726974792e6f61757468322e636f6d6d6f6e2e44656661756c744f4175746832416363657373546f6b656e0cb29e361b24face0200064c00156164646974696f6e616c496e666f726d6174696f6e74000f4c6a6176612f7574696c2f4d61703b4c000a65787069726174696f6e7400104c6a6176612f7574696c2f446174653b4c000c72656672657368546f6b656e74003f4c6f72672f737072696e676672616d65776f726b2f73656375726974792f6f61757468322f636f6d6d6f6e2f4f417574683252656672657368546f6b656e3b4c000573636f706574000f4c6a6176612f7574696c2f5365743b4c0009746f6b656e547970657400124c6a6176612f6c616e672f537472696e673b4c000576616c756571007e00057870737200176a6176612e7574696c2e4c696e6b6564486173684d617034c04e5c106cc0fb0200015a000b6163636573734f72646572787200116a6176612e7574696c2e486173684d61700507dac1c31660d103000246000a6c6f6164466163746f724900097468726573686f6c6478703f4000000000000177080000000200000001740008757365726e616d65740018696e7465726e616c31406d61696c696e61746f722e636f6d78007372000e6a6176612e7574696c2e44617465686a81014b597419030000787077080000016cbab1b354787372004c6f72672e737072696e676672616d65776f726b2e73656375726974792e6f61757468322e636f6d6d6f6e2e44656661756c744578706972696e674f417574683252656672657368546f6b656e2fdf47639dd0c9b70200014c000a65787069726174696f6e71007e0002787200446f72672e737072696e676672616d65776f726b2e73656375726974792e6f61757468322e636f6d6d6f6e2e44656661756c744f417574683252656672657368546f6b656e73e10e0a6354d45e0200014c000576616c756571007e0005787074002435663734613361652d653265342d346532332d626166392d6366396366613035376136617371007e000c77080000016d530b2a5478737200256a6176612e7574696c2e436f6c6c656374696f6e7324556e6d6f6469666961626c65536574801d92d18f9b80550200007872002c6a6176612e7574696c2e436f6c6c656374696f6e7324556e6d6f6469666961626c65436f6c6c656374696f6e19420080cb5ef71e0200014c0001637400164c6a6176612f7574696c2f436f6c6c656374696f6e3b7870737200176a6176612e7574696c2e4c696e6b656448617368536574d86cd75a95dd2a1e020000787200116a6176612e7574696c2e48617368536574ba44859596b8b7340300007870770c000000103f400000000000027400047265616474000577726974657874000662656172657274002463623330346562332d636332382d346135382d396537642d326337386463373531373865	3082e884aeeff376da7b34d04e7994dd	internal1@mailinator.com	spring-security-oauth2-read-write-client	\\xaced0005737200416f72672e737072696e676672616d65776f726b2e73656375726974792e6f61757468322e70726f76696465722e4f417574683241757468656e7469636174696f6ebd400b02166252130200024c000d73746f7265645265717565737474003c4c6f72672f737072696e676672616d65776f726b2f73656375726974792f6f61757468322f70726f76696465722f4f4175746832526571756573743b4c00127573657241757468656e7469636174696f6e7400324c6f72672f737072696e676672616d65776f726b2f73656375726974792f636f72652f41757468656e7469636174696f6e3b787200476f72672e737072696e676672616d65776f726b2e73656375726974792e61757468656e7469636174696f6e2e416273747261637441757468656e7469636174696f6e546f6b656ed3aa287e6e47640e0200035a000d61757468656e746963617465644c000b617574686f7269746965737400164c6a6176612f7574696c2f436f6c6c656374696f6e3b4c000764657461696c737400124c6a6176612f6c616e672f4f626a6563743b787000737200266a6176612e7574696c2e436f6c6c656374696f6e7324556e6d6f6469666961626c654c697374fc0f2531b5ec8e100200014c00046c6973747400104c6a6176612f7574696c2f4c6973743b7872002c6a6176612e7574696c2e436f6c6c656374696f6e7324556e6d6f6469666961626c65436f6c6c656374696f6e19420080cb5ef71e0200014c00016371007e00047870737200136a6176612e7574696c2e41727261794c6973747881d21d99c7619d03000149000473697a657870000000017704000000017372002c636f6d2e6a617469732e74656d706c6174652e757365726d616e6167656d656e742e6d6f64656c2e526f6c654be6a9a5b480d9a80200095a000664656c6574654c00096372656174656442797400104c6a6176612f7574696c2f555549443b4c000b6372656174656454696d657400104c6a6176612f7574696c2f446174653b4c0006726f6c65496471007e000e4c0008726f6c654e616d657400124c6a6176612f6c616e672f537472696e673b4c0006726f6c654e6f71007e00104c00067374617475737400134c6a6176612f6c616e672f426f6f6c65616e3b4c000975706461746564427971007e000e4c000b7570646174656454696d6571007e000f78700070707372000e6a6176612e7574696c2e55554944bc9903f7986d852f0200024a000c6c65617374536967426974734a000b6d6f7374536967426974737870830ea0cbb6d70e583396c01eaec545e974000541646d696e740006526f6c6530327070707871007e000c707372003a6f72672e737072696e676672616d65776f726b2e73656375726974792e6f61757468322e70726f76696465722e4f41757468325265717565737400000000000000010200075a0008617070726f7665644c000b617574686f72697469657371007e00044c000a657874656e73696f6e7374000f4c6a6176612f7574696c2f4d61703b4c000b726564697265637455726971007e00104c00077265667265736874003b4c6f72672f737072696e676672616d65776f726b2f73656375726974792f6f61757468322f70726f76696465722f546f6b656e526571756573743b4c000b7265736f7572636549647374000f4c6a6176612f7574696c2f5365743b4c000d726573706f6e7365547970657371007e001a787200386f72672e737072696e676672616d65776f726b2e73656375726974792e6f61757468322e70726f76696465722e426173655265717565737436287a3ea37169bd0200034c0008636c69656e74496471007e00104c001172657175657374506172616d657465727371007e00184c000573636f706571007e001a7870740028737072696e672d73656375726974792d6f61757468322d726561642d77726974652d636c69656e74737200256a6176612e7574696c2e436f6c6c656374696f6e7324556e6d6f6469666961626c654d6170f1a5a8fe74f507420200014c00016d71007e00187870737200116a6176612e7574696c2e486173684d61700507dac1c31660d103000246000a6c6f6164466163746f724900097468726573686f6c6478703f400000000000037708000000040000000274000a6772616e745f7479706574000870617373776f7264740008757365726e616d65740018696e7465726e616c31406d61696c696e61746f722e636f6d78737200256a6176612e7574696c2e436f6c6c656374696f6e7324556e6d6f6469666961626c65536574801d92d18f9b80550200007871007e0009737200176a6176612e7574696c2e4c696e6b656448617368536574d86cd75a95dd2a1e020000787200116a6176612e7574696c2e48617368536574ba44859596b8b7340300007870770c000000103f4000000000000274000472656164740005777269746578017371007e0029770c000000103f40000000000001737200426f72672e737072696e676672616d65776f726b2e73656375726974792e636f72652e617574686f726974792e53696d706c654772616e746564417574686f7269747900000000000001fe0200014c0004726f6c6571007e0010787074000455534552787371007e00203f40000000000000770800000010000000007870707371007e0029770c000000103f400000000000017400187265736f757263652d7365727665722d726573742d617069787371007e0029770c000000103f40000000000000787372004f6f72672e737072696e676672616d65776f726b2e73656375726974792e61757468656e7469636174696f6e2e557365726e616d6550617373776f726441757468656e7469636174696f6e546f6b656e00000000000001fe0200024c000b63726564656e7469616c7371007e00054c00097072696e636970616c71007e00057871007e0003017371007e00077371007e000b0000000177040000000171007e00127871007e0038737200176a6176612e7574696c2e4c696e6b6564486173684d617034c04e5c106cc0fb0200015a000b6163636573734f726465727871007e00203f400000000000067708000000080000000271007e002271007e002371007e002471007e00257800707372002c636f6d2e6a617469732e74656d706c6174652e757365726d616e6167656d656e742e6d6f64656c2e55736572006c1af87af6053f0200175a000e6163636f756e74457870697265645a000d6163636f756e744c6f636b65645a001263726564656e7469616c73457870697265645a000664656c6574655a0007656e61626c65644c000b617574686f72697469657371007e00044c00066272616e636871007e00104c000963726561746564427971007e000e4c000b6372656174656454696d6571007e000f4c00086469766973696f6e71007e00104c000b656d61696c53746174757371007e00104c000866636d546f6b656e71007e00104c000866756c6c4e616d6571007e00104c00156c61737450617373776f726452657365744461746571007e000f4c00036f747071007e00104c000870617373776f726471007e00104c000673656372657471007e00104c000975706461746564427971007e000e4c000b7570646174656454696d6571007e000f4c000675736572496471007e000e4c0007757365724e696b71007e00104c0006757365724e6f71007e00104c0008757365726e616d6571007e0010787000000000017371007e000b0000000177040000000171007e001278707371007e0013aa73620a4848ce3ac2899ff19373456c737200126a6176612e73716c2e54696d657374616d702618d5c80153bf650200014900056e616e6f737872000e6a6176612e7574696c2e44617465686a81014b597419030000787077080000016cb79da2687831a6924074000d41646d696e6973747261746f7274000e456d61696c5f56657269666965647074000e41646d696e2d496e7465726e616c707074003c2432612431302457454143696f4e766658484546322f5638426c6834656e5265476b693950697a4e6130456e6c6d416d39397933704662793272574370707371007e003f77080000016cb86710d0780496ed407371007e0013aef2be1b68d902bba606f12c51d54d4d70740006557365723833740018696e7465726e616c31406d61696c696e61746f722e636f6d	c0b4bf6d0507ecf4197ed582be7df036
49f1e85bf48b39b6ee147fc6f247e7a5	\\xaced0005737200436f72672e737072696e676672616d65776f726b2e73656375726974792e6f61757468322e636f6d6d6f6e2e44656661756c744f4175746832416363657373546f6b656e0cb29e361b24face0200064c00156164646974696f6e616c496e666f726d6174696f6e74000f4c6a6176612f7574696c2f4d61703b4c000a65787069726174696f6e7400104c6a6176612f7574696c2f446174653b4c000c72656672657368546f6b656e74003f4c6f72672f737072696e676672616d65776f726b2f73656375726974792f6f61757468322f636f6d6d6f6e2f4f417574683252656672657368546f6b656e3b4c000573636f706574000f4c6a6176612f7574696c2f5365743b4c0009746f6b656e547970657400124c6a6176612f6c616e672f537472696e673b4c000576616c756571007e00057870737200176a6176612e7574696c2e4c696e6b6564486173684d617034c04e5c106cc0fb0200015a000b6163636573734f72646572787200116a6176612e7574696c2e486173684d61700507dac1c31660d103000246000a6c6f6164466163746f724900097468726573686f6c6478703f4000000000000177080000000200000001740008757365726e616d6574001c74657374696e6761756c696131406d61696c696e61746f722e636f6d78007372000e6a6176612e7574696c2e44617465686a81014b597419030000787077080000016cbf82db4b787372004c6f72672e737072696e676672616d65776f726b2e73656375726974792e6f61757468322e636f6d6d6f6e2e44656661756c744578706972696e674f417574683252656672657368546f6b656e2fdf47639dd0c9b70200014c000a65787069726174696f6e71007e0002787200446f72672e737072696e676672616d65776f726b2e73656375726974792e6f61757468322e636f6d6d6f6e2e44656661756c744f417574683252656672657368546f6b656e73e10e0a6354d45e0200014c000576616c756571007e0005787074002439653864316464632d303739372d343539342d613031632d3632396534343563323062387371007e000c77080000016d57dc524b78737200256a6176612e7574696c2e436f6c6c656374696f6e7324556e6d6f6469666961626c65536574801d92d18f9b80550200007872002c6a6176612e7574696c2e436f6c6c656374696f6e7324556e6d6f6469666961626c65436f6c6c656374696f6e19420080cb5ef71e0200014c0001637400164c6a6176612f7574696c2f436f6c6c656374696f6e3b7870737200176a6176612e7574696c2e4c696e6b656448617368536574d86cd75a95dd2a1e020000787200116a6176612e7574696c2e48617368536574ba44859596b8b7340300007870770c000000103f400000000000027400047265616474000577726974657874000662656172657274002433653564333137662d346666662d346466632d623238662d623839323430383231343231	ccbffddc6ffd9c05fab9406c5ee082a6	testingaulia1@mailinator.com	spring-security-oauth2-read-write-client	\\xaced0005737200416f72672e737072696e676672616d65776f726b2e73656375726974792e6f61757468322e70726f76696465722e4f417574683241757468656e7469636174696f6ebd400b02166252130200024c000d73746f7265645265717565737474003c4c6f72672f737072696e676672616d65776f726b2f73656375726974792f6f61757468322f70726f76696465722f4f4175746832526571756573743b4c00127573657241757468656e7469636174696f6e7400324c6f72672f737072696e676672616d65776f726b2f73656375726974792f636f72652f41757468656e7469636174696f6e3b787200476f72672e737072696e676672616d65776f726b2e73656375726974792e61757468656e7469636174696f6e2e416273747261637441757468656e7469636174696f6e546f6b656ed3aa287e6e47640e0200035a000d61757468656e746963617465644c000b617574686f7269746965737400164c6a6176612f7574696c2f436f6c6c656374696f6e3b4c000764657461696c737400124c6a6176612f6c616e672f4f626a6563743b787000737200266a6176612e7574696c2e436f6c6c656374696f6e7324556e6d6f6469666961626c654c697374fc0f2531b5ec8e100200014c00046c6973747400104c6a6176612f7574696c2f4c6973743b7872002c6a6176612e7574696c2e436f6c6c656374696f6e7324556e6d6f6469666961626c65436f6c6c656374696f6e19420080cb5ef71e0200014c00016371007e00047870737200136a6176612e7574696c2e41727261794c6973747881d21d99c7619d03000149000473697a657870000000017704000000017372002c636f6d2e6a617469732e74656d706c6174652e757365726d616e6167656d656e742e6d6f64656c2e526f6c654be6a9a5b480d9a80200095a000664656c6574654c00096372656174656442797400104c6a6176612f7574696c2f555549443b4c000b6372656174656454696d657400104c6a6176612f7574696c2f446174653b4c0006726f6c65496471007e000e4c0008726f6c654e616d657400124c6a6176612f6c616e672f537472696e673b4c0006726f6c654e6f71007e00104c00067374617475737400134c6a6176612f6c616e672f426f6f6c65616e3b4c000975706461746564427971007e000e4c000b7570646174656454696d6571007e000f78700070707372000e6a6176612e7574696c2e55554944bc9903f7986d852f0200024a000c6c65617374536967426974734a000b6d6f7374536967426974737870a9624bb4b6c8bf4f70f2a76d8c514ba0740005526f6c6536740006526f6c6530367070707871007e000c707372003a6f72672e737072696e676672616d65776f726b2e73656375726974792e6f61757468322e70726f76696465722e4f41757468325265717565737400000000000000010200075a0008617070726f7665644c000b617574686f72697469657371007e00044c000a657874656e73696f6e7374000f4c6a6176612f7574696c2f4d61703b4c000b726564697265637455726971007e00104c00077265667265736874003b4c6f72672f737072696e676672616d65776f726b2f73656375726974792f6f61757468322f70726f76696465722f546f6b656e526571756573743b4c000b7265736f7572636549647374000f4c6a6176612f7574696c2f5365743b4c000d726573706f6e7365547970657371007e001a787200386f72672e737072696e676672616d65776f726b2e73656375726974792e6f61757468322e70726f76696465722e426173655265717565737436287a3ea37169bd0200034c0008636c69656e74496471007e00104c001172657175657374506172616d657465727371007e00184c000573636f706571007e001a7870740028737072696e672d73656375726974792d6f61757468322d726561642d77726974652d636c69656e74737200256a6176612e7574696c2e436f6c6c656374696f6e7324556e6d6f6469666961626c654d6170f1a5a8fe74f507420200014c00016d71007e00187870737200116a6176612e7574696c2e486173684d61700507dac1c31660d103000246000a6c6f6164466163746f724900097468726573686f6c6478703f400000000000067708000000080000000374000a6772616e745f7479706574000870617373776f7264740009636c69656e745f6964740028737072696e672d73656375726974792d6f61757468322d726561642d77726974652d636c69656e74740008757365726e616d6574001c74657374696e6761756c696131406d61696c696e61746f722e636f6d78737200256a6176612e7574696c2e436f6c6c656374696f6e7324556e6d6f6469666961626c65536574801d92d18f9b80550200007871007e0009737200176a6176612e7574696c2e4c696e6b656448617368536574d86cd75a95dd2a1e020000787200116a6176612e7574696c2e48617368536574ba44859596b8b7340300007870770c000000103f4000000000000274000472656164740005777269746578017371007e002b770c000000103f40000000000001737200426f72672e737072696e676672616d65776f726b2e73656375726974792e636f72652e617574686f726974792e53696d706c654772616e746564417574686f7269747900000000000001fe0200014c0004726f6c6571007e0010787074000455534552787371007e00203f40000000000000770800000010000000007870707371007e002b770c000000103f400000000000017400187265736f757263652d7365727665722d726573742d617069787371007e002b770c000000103f40000000000000787372004f6f72672e737072696e676672616d65776f726b2e73656375726974792e61757468656e7469636174696f6e2e557365726e616d6550617373776f726441757468656e7469636174696f6e546f6b656e00000000000001fe0200024c000b63726564656e7469616c7371007e00054c00097072696e636970616c71007e00057871007e0003017371007e00077371007e000b0000000177040000000171007e00127871007e003a737200176a6176612e7574696c2e4c696e6b6564486173684d617034c04e5c106cc0fb0200015a000b6163636573734f726465727871007e00203f400000000000067708000000080000000371007e002271007e002371007e002471007e002571007e002671007e00277800707372002c636f6d2e6a617469732e74656d706c6174652e757365726d616e6167656d656e742e6d6f64656c2e55736572006c1af87af6053f0200175a000e6163636f756e74457870697265645a000d6163636f756e744c6f636b65645a001263726564656e7469616c73457870697265645a000664656c6574655a0007656e61626c65644c000b617574686f72697469657371007e00044c00066272616e636871007e00104c000963726561746564427971007e000e4c000b6372656174656454696d6571007e000f4c00086469766973696f6e71007e00104c000b656d61696c53746174757371007e00104c000866636d546f6b656e71007e00104c000866756c6c4e616d6571007e00104c00156c61737450617373776f726452657365744461746571007e000f4c00036f747071007e00104c000870617373776f726471007e00104c000673656372657471007e00104c000975706461746564427971007e000e4c000b7570646174656454696d6571007e000f4c000675736572496471007e000e4c0007757365724e696b71007e00104c0006757365724e6f71007e00104c0008757365726e616d6571007e0010787000000000017371007e000b0000000177040000000171007e001278707371007e0013a1f14c0e8b500e96686457ccd6f94c87737200126a6176612e73716c2e54696d657374616d702618d5c80153bf650200014900056e616e6f737872000e6a6176612e7574696c2e44617465686a81014b597419030000787077080000016cbc8eaa107803473bc074000344457674000e456d61696c5f56657269666965647074001154657374696e672041756c696120315f31707074003c2432612431302454796a62617349506835484a39646b36307a4b4f77753334704e4564485958586d4e764e47366d496372614f7a78543665544a707170707371007e004177080000016cbd233d38780df28e807371007e0013a9bdb1cc136c8269e78724710e5c4d0c707400075573657231303074001c74657374696e6761756c696131406d61696c696e61746f722e636f6d	d413a7f50908180b38de3900b83f0cdd
d9be895a5aff6bd47c76cba6e13a4cb6	\\xaced0005737200436f72672e737072696e676672616d65776f726b2e73656375726974792e6f61757468322e636f6d6d6f6e2e44656661756c744f4175746832416363657373546f6b656e0cb29e361b24face0200064c00156164646974696f6e616c496e666f726d6174696f6e74000f4c6a6176612f7574696c2f4d61703b4c000a65787069726174696f6e7400104c6a6176612f7574696c2f446174653b4c000c72656672657368546f6b656e74003f4c6f72672f737072696e676672616d65776f726b2f73656375726974792f6f61757468322f636f6d6d6f6e2f4f417574683252656672657368546f6b656e3b4c000573636f706574000f4c6a6176612f7574696c2f5365743b4c0009746f6b656e547970657400124c6a6176612f6c616e672f537472696e673b4c000576616c756571007e00057870737200176a6176612e7574696c2e4c696e6b6564486173684d617034c04e5c106cc0fb0200015a000b6163636573734f72646572787200116a6176612e7574696c2e486173684d61700507dac1c31660d103000246000a6c6f6164466163746f724900097468726573686f6c6478703f4000000000000177080000000200000001740008757365726e616d6574001c74657374696e6761756c696132406d61696c696e61746f722e636f6d78007372000e6a6176612e7574696c2e44617465686a81014b597419030000787077080000016cbfaa9f23787372004c6f72672e737072696e676672616d65776f726b2e73656375726974792e6f61757468322e636f6d6d6f6e2e44656661756c744578706972696e674f417574683252656672657368546f6b656e2fdf47639dd0c9b70200014c000a65787069726174696f6e71007e0002787200446f72672e737072696e676672616d65776f726b2e73656375726974792e6f61757468322e636f6d6d6f6e2e44656661756c744f417574683252656672657368546f6b656e73e10e0a6354d45e0200014c000576616c756571007e0005787074002438356439303637642d363266622d346636612d613964632d3430633839623032366433357371007e000c77080000016d5804162378737200256a6176612e7574696c2e436f6c6c656374696f6e7324556e6d6f6469666961626c65536574801d92d18f9b80550200007872002c6a6176612e7574696c2e436f6c6c656374696f6e7324556e6d6f6469666961626c65436f6c6c656374696f6e19420080cb5ef71e0200014c0001637400164c6a6176612f7574696c2f436f6c6c656374696f6e3b7870737200176a6176612e7574696c2e4c696e6b656448617368536574d86cd75a95dd2a1e020000787200116a6176612e7574696c2e48617368536574ba44859596b8b7340300007870770c000000103f400000000000027400047265616474000577726974657874000662656172657274002462323462343232332d346234302d343235312d393565322d343765393036353231333839	f8754892fe2ff9a40276c162196341f2	testingaulia2@mailinator.com	spring-security-oauth2-read-write-client	\\xaced0005737200416f72672e737072696e676672616d65776f726b2e73656375726974792e6f61757468322e70726f76696465722e4f417574683241757468656e7469636174696f6ebd400b02166252130200024c000d73746f7265645265717565737474003c4c6f72672f737072696e676672616d65776f726b2f73656375726974792f6f61757468322f70726f76696465722f4f4175746832526571756573743b4c00127573657241757468656e7469636174696f6e7400324c6f72672f737072696e676672616d65776f726b2f73656375726974792f636f72652f41757468656e7469636174696f6e3b787200476f72672e737072696e676672616d65776f726b2e73656375726974792e61757468656e7469636174696f6e2e416273747261637441757468656e7469636174696f6e546f6b656ed3aa287e6e47640e0200035a000d61757468656e746963617465644c000b617574686f7269746965737400164c6a6176612f7574696c2f436f6c6c656374696f6e3b4c000764657461696c737400124c6a6176612f6c616e672f4f626a6563743b787000737200266a6176612e7574696c2e436f6c6c656374696f6e7324556e6d6f6469666961626c654c697374fc0f2531b5ec8e100200014c00046c6973747400104c6a6176612f7574696c2f4c6973743b7872002c6a6176612e7574696c2e436f6c6c656374696f6e7324556e6d6f6469666961626c65436f6c6c656374696f6e19420080cb5ef71e0200014c00016371007e00047870737200136a6176612e7574696c2e41727261794c6973747881d21d99c7619d03000149000473697a657870000000017704000000017372002c636f6d2e6a617469732e74656d706c6174652e757365726d616e6167656d656e742e6d6f64656c2e526f6c654be6a9a5b480d9a80200095a000664656c6574654c00096372656174656442797400104c6a6176612f7574696c2f555549443b4c000b6372656174656454696d657400104c6a6176612f7574696c2f446174653b4c0006726f6c65496471007e000e4c0008726f6c654e616d657400124c6a6176612f6c616e672f537472696e673b4c0006726f6c654e6f71007e00104c00067374617475737400134c6a6176612f6c616e672f426f6f6c65616e3b4c000975706461746564427971007e000e4c000b7570646174656454696d6571007e000f78700070707372000e6a6176612e7574696c2e55554944bc9903f7986d852f0200024a000c6c65617374536967426974734a000b6d6f7374536967426974737870a303b540951d935d77ed740cb9444297740006546573746572740006526f6c6530337070707871007e000c707372003a6f72672e737072696e676672616d65776f726b2e73656375726974792e6f61757468322e70726f76696465722e4f41757468325265717565737400000000000000010200075a0008617070726f7665644c000b617574686f72697469657371007e00044c000a657874656e73696f6e7374000f4c6a6176612f7574696c2f4d61703b4c000b726564697265637455726971007e00104c00077265667265736874003b4c6f72672f737072696e676672616d65776f726b2f73656375726974792f6f61757468322f70726f76696465722f546f6b656e526571756573743b4c000b7265736f7572636549647374000f4c6a6176612f7574696c2f5365743b4c000d726573706f6e7365547970657371007e001a787200386f72672e737072696e676672616d65776f726b2e73656375726974792e6f61757468322e70726f76696465722e426173655265717565737436287a3ea37169bd0200034c0008636c69656e74496471007e00104c001172657175657374506172616d657465727371007e00184c000573636f706571007e001a7870740028737072696e672d73656375726974792d6f61757468322d726561642d77726974652d636c69656e74737200256a6176612e7574696c2e436f6c6c656374696f6e7324556e6d6f6469666961626c654d6170f1a5a8fe74f507420200014c00016d71007e00187870737200116a6176612e7574696c2e486173684d61700507dac1c31660d103000246000a6c6f6164466163746f724900097468726573686f6c6478703f400000000000037708000000040000000274000a6772616e745f7479706574000870617373776f7264740008757365726e616d6574001c74657374696e6761756c696132406d61696c696e61746f722e636f6d78737200256a6176612e7574696c2e436f6c6c656374696f6e7324556e6d6f6469666961626c65536574801d92d18f9b80550200007871007e0009737200176a6176612e7574696c2e4c696e6b656448617368536574d86cd75a95dd2a1e020000787200116a6176612e7574696c2e48617368536574ba44859596b8b7340300007870770c000000103f4000000000000274000472656164740005777269746578017371007e0029770c000000103f40000000000001737200426f72672e737072696e676672616d65776f726b2e73656375726974792e636f72652e617574686f726974792e53696d706c654772616e746564417574686f7269747900000000000001fe0200014c0004726f6c6571007e0010787074000455534552787371007e00203f40000000000000770800000010000000007870707371007e0029770c000000103f400000000000017400187265736f757263652d7365727665722d726573742d617069787371007e0029770c000000103f40000000000000787372004f6f72672e737072696e676672616d65776f726b2e73656375726974792e61757468656e7469636174696f6e2e557365726e616d6550617373776f726441757468656e7469636174696f6e546f6b656e00000000000001fe0200024c000b63726564656e7469616c7371007e00054c00097072696e636970616c71007e00057871007e0003017371007e00077371007e000b0000000177040000000171007e00127871007e0038737200176a6176612e7574696c2e4c696e6b6564486173684d617034c04e5c106cc0fb0200015a000b6163636573734f726465727871007e00203f400000000000067708000000080000000271007e002271007e002371007e002471007e00257800707372002c636f6d2e6a617469732e74656d706c6174652e757365726d616e6167656d656e742e6d6f64656c2e55736572006c1af87af6053f0200175a000e6163636f756e74457870697265645a000d6163636f756e744c6f636b65645a001263726564656e7469616c73457870697265645a000664656c6574655a0007656e61626c65644c000b617574686f72697469657371007e00044c00066272616e636871007e00104c000963726561746564427971007e000e4c000b6372656174656454696d6571007e000f4c00086469766973696f6e71007e00104c000b656d61696c53746174757371007e00104c000866636d546f6b656e71007e00104c000866756c6c4e616d6571007e00104c00156c61737450617373776f726452657365744461746571007e000f4c00036f747071007e00104c000870617373776f726471007e00104c000673656372657471007e00104c000975706461746564427971007e000e4c000b7570646174656454696d6571007e000f4c000675736572496471007e000e4c0007757365724e696b71007e00104c0006757365724e6f71007e00104c0008757365726e616d6571007e0010787000000000017371007e000b0000000177040000000171007e001278707371007e0013a1f14c0e8b500e96686457ccd6f94c87737200126a6176612e73716c2e54696d657374616d702618d5c80153bf650200014900056e616e6f737872000e6a6176612e7574696c2e44617465686a81014b597419030000787077080000016cbd3941f07805e69ec07400045465737474000e456d61696c5f56657269666965647074000541756c6961707074003c2432612431302450333539637a794632356d47303678447646526d594f6b6956556f463466516774364f39666a6e5a6675627766392e734c52506d6570707371007e003f77080000016cbd3af388783a2c94007371007e00138a2b4df9da12d91dd12194661efb4767707400075573657231303074001c74657374696e6761756c696132406d61696c696e61746f722e636f6d	81b3a2e99a90181eabbc1c874b343f74
80a42990a6d5bb57a1bad3666d9f24a6	\\xaced0005737200436f72672e737072696e676672616d65776f726b2e73656375726974792e6f61757468322e636f6d6d6f6e2e44656661756c744f4175746832416363657373546f6b656e0cb29e361b24face0200064c00156164646974696f6e616c496e666f726d6174696f6e74000f4c6a6176612f7574696c2f4d61703b4c000a65787069726174696f6e7400104c6a6176612f7574696c2f446174653b4c000c72656672657368546f6b656e74003f4c6f72672f737072696e676672616d65776f726b2f73656375726974792f6f61757468322f636f6d6d6f6e2f4f417574683252656672657368546f6b656e3b4c000573636f706574000f4c6a6176612f7574696c2f5365743b4c0009746f6b656e547970657400124c6a6176612f6c616e672f537472696e673b4c000576616c756571007e00057870737200176a6176612e7574696c2e4c696e6b6564486173684d617034c04e5c106cc0fb0200015a000b6163636573734f72646572787200116a6176612e7574696c2e486173684d61700507dac1c31660d103000246000a6c6f6164466163746f724900097468726573686f6c6478703f4000000000000c77080000001000000001740008757365726e616d657400126468616e692e6d6e40676d61696c2e636f6d78007372000e6a6176612e7574696c2e44617465686a81014b597419030000787077080000016de07c2dd9787372004c6f72672e737072696e676672616d65776f726b2e73656375726974792e6f61757468322e636f6d6d6f6e2e44656661756c744578706972696e674f417574683252656672657368546f6b656e2fdf47639dd0c9b70200014c000a65787069726174696f6e71007e0002787200446f72672e737072696e676672616d65776f726b2e73656375726974792e6f61757468322e636f6d6d6f6e2e44656661756c744f417574683252656672657368546f6b656e73e10e0a6354d45e0200014c000576616c756571007e0005787074002435633436366164332d383964662d346561372d396137302d6338393362303162363830307371007e000c77080000016e78d5a4d878737200256a6176612e7574696c2e436f6c6c656374696f6e7324556e6d6f6469666961626c65536574801d92d18f9b80550200007872002c6a6176612e7574696c2e436f6c6c656374696f6e7324556e6d6f6469666961626c65436f6c6c656374696f6e19420080cb5ef71e0200014c0001637400164c6a6176612f7574696c2f436f6c6c656374696f6e3b7870737200176a6176612e7574696c2e4c696e6b656448617368536574d86cd75a95dd2a1e020000787200116a6176612e7574696c2e48617368536574ba44859596b8b7340300007870770c000000043f400000000000027400047265616474000577726974657874000662656172657274002436646666356162622d323061612d343364302d613562312d373364663436656436303661	18626c597301627502b6cb527171ebd5	dhani.mn@gmail.com	spring-security-oauth2-read-write-client	\\xaced0005737200416f72672e737072696e676672616d65776f726b2e73656375726974792e6f61757468322e70726f76696465722e4f417574683241757468656e7469636174696f6ebd400b02166252130200024c000d73746f7265645265717565737474003c4c6f72672f737072696e676672616d65776f726b2f73656375726974792f6f61757468322f70726f76696465722f4f4175746832526571756573743b4c00127573657241757468656e7469636174696f6e7400324c6f72672f737072696e676672616d65776f726b2f73656375726974792f636f72652f41757468656e7469636174696f6e3b787200476f72672e737072696e676672616d65776f726b2e73656375726974792e61757468656e7469636174696f6e2e416273747261637441757468656e7469636174696f6e546f6b656ed3aa287e6e47640e0200035a000d61757468656e746963617465644c000b617574686f7269746965737400164c6a6176612f7574696c2f436f6c6c656374696f6e3b4c000764657461696c737400124c6a6176612f6c616e672f4f626a6563743b787000737200266a6176612e7574696c2e436f6c6c656374696f6e7324556e6d6f6469666961626c654c697374fc0f2531b5ec8e100200014c00046c6973747400104c6a6176612f7574696c2f4c6973743b7872002c6a6176612e7574696c2e436f6c6c656374696f6e7324556e6d6f6469666961626c65436f6c6c656374696f6e19420080cb5ef71e0200014c00016371007e00047870737200136a6176612e7574696c2e41727261794c6973747881d21d99c7619d03000149000473697a657870000000027704000000027372002b636f6d2e6a617469732e74656d706c6174652e636f6d6d6f6e2e646f6d61696e2e436f6d6d6f6e526f6c654be6a9a5b480d9a80200034c0006726f6c6549647400104c6a6176612f7574696c2f555549443b4c0008726f6c654e616d657400124c6a6176612f6c616e672f537472696e673b4c0006726f6c654e6f71007e000f78707372000e6a6176612e7574696c2e55554944bc9903f7986d852f0200024a000c6c65617374536967426974734a000b6d6f7374536967426974737870af862616b743597808dd2aa2b4b44c7f74000c53756e616e646920526f6c65740006526f6c6532377371007e000d7371007e0011b94217065e20367c944649f2ca5447c974000a53656e6a6120526f6c65740006526f6c6533317871007e000c707372003a6f72672e737072696e676672616d65776f726b2e73656375726974792e6f61757468322e70726f76696465722e4f41757468325265717565737400000000000000010200075a0008617070726f7665644c000b617574686f72697469657371007e00044c000a657874656e73696f6e7374000f4c6a6176612f7574696c2f4d61703b4c000b726564697265637455726971007e000f4c00077265667265736874003b4c6f72672f737072696e676672616d65776f726b2f73656375726974792f6f61757468322f70726f76696465722f546f6b656e526571756573743b4c000b7265736f7572636549647374000f4c6a6176612f7574696c2f5365743b4c000d726573706f6e7365547970657371007e001c787200386f72672e737072696e676672616d65776f726b2e73656375726974792e6f61757468322e70726f76696465722e426173655265717565737436287a3ea37169bd0200034c0008636c69656e74496471007e000f4c001172657175657374506172616d657465727371007e001a4c000573636f706571007e001c7870740028737072696e672d73656375726974792d6f61757468322d726561642d77726974652d636c69656e74737200256a6176612e7574696c2e436f6c6c656374696f6e7324556e6d6f6469666961626c654d6170f1a5a8fe74f507420200014c00016d71007e001a7870737200116a6176612e7574696c2e486173684d61700507dac1c31660d103000246000a6c6f6164466163746f724900097468726573686f6c6478703f400000000000037708000000040000000274000a6772616e745f7479706574000870617373776f7264740008757365726e616d657400126468616e692e6d6e40676d61696c2e636f6d78737200256a6176612e7574696c2e436f6c6c656374696f6e7324556e6d6f6469666961626c65536574801d92d18f9b80550200007871007e0009737200176a6176612e7574696c2e4c696e6b656448617368536574d86cd75a95dd2a1e020000787200116a6176612e7574696c2e48617368536574ba44859596b8b7340300007870770c000000103f4000000000000274000472656164740005777269746578017371007e002b770c000000103f40000000000001737200426f72672e737072696e676672616d65776f726b2e73656375726974792e636f72652e617574686f726974792e53696d706c654772616e746564417574686f7269747900000000000001fe0200014c0004726f6c6571007e000f787074000455534552787371007e00223f40000000000000770800000010000000007870707371007e002b770c000000103f400000000000017400187265736f757263652d7365727665722d726573742d617069787371007e002b770c000000103f40000000000000787372004f6f72672e737072696e676672616d65776f726b2e73656375726974792e61757468656e7469636174696f6e2e557365726e616d6550617373776f726441757468656e7469636174696f6e546f6b656e00000000000001fe0200024c000b63726564656e7469616c7371007e00054c00097072696e636970616c71007e00057871007e0003017371007e00077371007e000b0000000277040000000271007e001071007e00157871007e003a737200176a6176612e7574696c2e4c696e6b6564486173684d617034c04e5c106cc0fb0200015a000b6163636573734f726465727871007e00223f400000000000067708000000080000000271007e002471007e002571007e002671007e002778007073720032636f6d2e6a617469732e74656d706c6174652e636f6d6d6f6e2e646f6d61696e2e436f6d6d6f6e5573657244657461696c7300000000000000010200155a000e6163636f756e74457870697265645a000d6163636f756e744c6f636b65645a001263726564656e7469616c73457870697265645a000c64656c6574655374617475735a0007656e61626c65644c000b617574686f72697469657371007e00044c00066272616e636871007e000f4c000963726561746564427971007e000e4c000b6372656174656454696d657400104c6a6176612f7574696c2f446174653b4c000a6469766973696f6e496471007e000e4c000b656d61696c53746174757371007e000f4c000866756c6c4e616d6571007e000f4c00156c61737450617373776f726452657365744461746571007e003e4c000870617373776f726471007e000f4c000673656372657471007e000f4c000975706461746564427971007e000e4c000b7570646174656454696d6571007e003e4c000675736572496471007e000e4c0007757365724e696b71007e000f4c0006757365724e6f71007e000f4c0008757365726e616d6571007e000f787000000000017371007e000b0000000277040000000271007e001071007e0015787070737200126a6176612e73716c2e54696d657374616d702618d5c80153bf650200014900056e616e6f737872000e6a6176612e7574696c2e44617465686a81014b597419030000787077080000016dde5309d87805a995c07371007e0011aa33340ea817033ca091eb99d04747fe74000e456d61696c5f56657269666965647400104d7568616d6164204e75726468616e697074003c243261243130244637426d3463724c2f5652515134312e51357265584f376e426f796734565364506d4c4a2f374e6f71654d6c563076554266364f3670707371007e004177080000016dde56c6e07812a800407371007e0011974f10ba3a7bd810d7a91141c0f64e9170740007557365723130307400126468616e692e6d6e40676d61696c2e636f6d	cb656081ddb0f6cbbc5f28b3f63a9b43
75736065159c20f8d1dc935b3347acd9	\\xaced0005737200436f72672e737072696e676672616d65776f726b2e73656375726974792e6f61757468322e636f6d6d6f6e2e44656661756c744f4175746832416363657373546f6b656e0cb29e361b24face0200064c00156164646974696f6e616c496e666f726d6174696f6e74000f4c6a6176612f7574696c2f4d61703b4c000a65787069726174696f6e7400104c6a6176612f7574696c2f446174653b4c000c72656672657368546f6b656e74003f4c6f72672f737072696e676672616d65776f726b2f73656375726974792f6f61757468322f636f6d6d6f6e2f4f417574683252656672657368546f6b656e3b4c000573636f706574000f4c6a6176612f7574696c2f5365743b4c0009746f6b656e547970657400124c6a6176612f6c616e672f537472696e673b4c000576616c756571007e00057870737200176a6176612e7574696c2e4c696e6b6564486173684d617034c04e5c106cc0fb0200015a000b6163636573734f72646572787200116a6176612e7574696c2e486173684d61700507dac1c31660d103000246000a6c6f6164466163746f724900097468726573686f6c6478703f4000000000000c77080000001000000001740008757365726e616d6574001c7477656e7479666976656f6374406d61696c696e61746f722e636f6d78007372000e6a6176612e7574696c2e44617465686a81014b597419030000787077080000016e02fae85d787372004c6f72672e737072696e676672616d65776f726b2e73656375726974792e6f61757468322e636f6d6d6f6e2e44656661756c744578706972696e674f417574683252656672657368546f6b656e2fdf47639dd0c9b70200014c000a65787069726174696f6e71007e0002787200446f72672e737072696e676672616d65776f726b2e73656375726974792e6f61757468322e636f6d6d6f6e2e44656661756c744f417574683252656672657368546f6b656e73e10e0a6354d45e0200014c000576616c756571007e0005787074002437373938626433302d353037662d346130352d393137372d3135613262653530353736367371007e000c77080000016e9b545f5d78737200256a6176612e7574696c2e436f6c6c656374696f6e7324556e6d6f6469666961626c65536574801d92d18f9b80550200007872002c6a6176612e7574696c2e436f6c6c656374696f6e7324556e6d6f6469666961626c65436f6c6c656374696f6e19420080cb5ef71e0200014c0001637400164c6a6176612f7574696c2f436f6c6c656374696f6e3b7870737200176a6176612e7574696c2e4c696e6b656448617368536574d86cd75a95dd2a1e020000787200116a6176612e7574696c2e48617368536574ba44859596b8b7340300007870770c000000043f400000000000027400047265616474000577726974657874000662656172657274002433613032346462372d356633312d343866642d616461362d376462623731386239643666	282b3a54aad6b915a1655722d5f64b47	twentyfiveoct@mailinator.com	spring-security-oauth2-read-write-client	\\xaced0005737200416f72672e737072696e676672616d65776f726b2e73656375726974792e6f61757468322e70726f76696465722e4f417574683241757468656e7469636174696f6ebd400b02166252130200024c000d73746f7265645265717565737474003c4c6f72672f737072696e676672616d65776f726b2f73656375726974792f6f61757468322f70726f76696465722f4f4175746832526571756573743b4c00127573657241757468656e7469636174696f6e7400324c6f72672f737072696e676672616d65776f726b2f73656375726974792f636f72652f41757468656e7469636174696f6e3b787200476f72672e737072696e676672616d65776f726b2e73656375726974792e61757468656e7469636174696f6e2e416273747261637441757468656e7469636174696f6e546f6b656ed3aa287e6e47640e0200035a000d61757468656e746963617465644c000b617574686f7269746965737400164c6a6176612f7574696c2f436f6c6c656374696f6e3b4c000764657461696c737400124c6a6176612f6c616e672f4f626a6563743b787000737200266a6176612e7574696c2e436f6c6c656374696f6e7324556e6d6f6469666961626c654c697374fc0f2531b5ec8e100200014c00046c6973747400104c6a6176612f7574696c2f4c6973743b7872002c6a6176612e7574696c2e436f6c6c656374696f6e7324556e6d6f6469666961626c65436f6c6c656374696f6e19420080cb5ef71e0200014c00016371007e00047870737200136a6176612e7574696c2e41727261794c6973747881d21d99c7619d03000149000473697a657870000000017704000000017372002b636f6d2e6a617469732e74656d706c6174652e636f6d6d6f6e2e646f6d61696e2e436f6d6d6f6e526f6c654be6a9a5b480d9a80200034c0006726f6c6549647400104c6a6176612f7574696c2f555549443b4c0008726f6c654e616d657400124c6a6176612f6c616e672f537472696e673b4c0006726f6c654e6f71007e000f78707372000e6a6176612e7574696c2e55554944bc9903f7986d852f0200024a000c6c65617374536967426974734a000b6d6f7374536967426974737870a303b540951d935d77ed740cb9444297740006546573746572740006526f6c6530337871007e000c707372003a6f72672e737072696e676672616d65776f726b2e73656375726974792e6f61757468322e70726f76696465722e4f41757468325265717565737400000000000000010200075a0008617070726f7665644c000b617574686f72697469657371007e00044c000a657874656e73696f6e7374000f4c6a6176612f7574696c2f4d61703b4c000b726564697265637455726971007e000f4c00077265667265736874003b4c6f72672f737072696e676672616d65776f726b2f73656375726974792f6f61757468322f70726f76696465722f546f6b656e526571756573743b4c000b7265736f7572636549647374000f4c6a6176612f7574696c2f5365743b4c000d726573706f6e7365547970657371007e0018787200386f72672e737072696e676672616d65776f726b2e73656375726974792e6f61757468322e70726f76696465722e426173655265717565737436287a3ea37169bd0200034c0008636c69656e74496471007e000f4c001172657175657374506172616d657465727371007e00164c000573636f706571007e00187870740028737072696e672d73656375726974792d6f61757468322d726561642d77726974652d636c69656e74737200256a6176612e7574696c2e436f6c6c656374696f6e7324556e6d6f6469666961626c654d6170f1a5a8fe74f507420200014c00016d71007e00167870737200116a6176612e7574696c2e486173684d61700507dac1c31660d103000246000a6c6f6164466163746f724900097468726573686f6c6478703f400000000000037708000000040000000274000a6772616e745f7479706574000870617373776f7264740008757365726e616d6574001c7477656e7479666976656f6374406d61696c696e61746f722e636f6d78737200256a6176612e7574696c2e436f6c6c656374696f6e7324556e6d6f6469666961626c65536574801d92d18f9b80550200007871007e0009737200176a6176612e7574696c2e4c696e6b656448617368536574d86cd75a95dd2a1e020000787200116a6176612e7574696c2e48617368536574ba44859596b8b7340300007870770c000000103f4000000000000274000472656164740005777269746578017371007e0027770c000000103f40000000000001737200426f72672e737072696e676672616d65776f726b2e73656375726974792e636f72652e617574686f726974792e53696d706c654772616e746564417574686f7269747900000000000001fe0200014c0004726f6c6571007e000f787074000455534552787371007e001e3f40000000000000770800000010000000007870707371007e0027770c000000103f400000000000017400187265736f757263652d7365727665722d726573742d617069787371007e0027770c000000103f40000000000000787372004f6f72672e737072696e676672616d65776f726b2e73656375726974792e61757468656e7469636174696f6e2e557365726e616d6550617373776f726441757468656e7469636174696f6e546f6b656e00000000000001fe0200024c000b63726564656e7469616c7371007e00054c00097072696e636970616c71007e00057871007e0003017371007e00077371007e000b0000000177040000000171007e00107871007e0036737200176a6176612e7574696c2e4c696e6b6564486173684d617034c04e5c106cc0fb0200015a000b6163636573734f726465727871007e001e3f400000000000067708000000080000000271007e002071007e002171007e002271007e002378007073720032636f6d2e6a617469732e74656d706c6174652e636f6d6d6f6e2e646f6d61696e2e436f6d6d6f6e5573657244657461696c7300000000000000010200155a000e6163636f756e74457870697265645a000d6163636f756e744c6f636b65645a001263726564656e7469616c73457870697265645a000c64656c6574655374617475735a0007656e61626c65644c000b617574686f72697469657371007e00044c00066272616e636871007e000f4c000963726561746564427971007e000e4c000b6372656174656454696d657400104c6a6176612f7574696c2f446174653b4c000a6469766973696f6e496471007e000e4c000b656d61696c53746174757371007e000f4c000866756c6c4e616d6571007e000f4c00156c61737450617373776f726452657365744461746571007e003a4c000870617373776f726471007e000f4c000673656372657471007e000f4c000975706461746564427971007e000e4c000b7570646174656454696d6571007e003a4c000675736572496471007e000e4c0007757365724e696b71007e000f4c0006757365724e6f71007e000f4c0008757365726e616d6571007e000f787000000000017371007e000b0000000177040000000171007e0010787070737200126a6176612e73716c2e54696d657374616d702618d5c80153bf650200014900056e616e6f737872000e6a6176612e7574696c2e44617465686a81014b597419030000787077080000016e00d4c3707804c4b4007371007e00118cacd8947dc3d3fc71c0ab743cdb492f74000e456d61696c5f566572696669656474000e5477656e747966697665204f63747074003c24326124313024562f6263696f524f436d67732f4b69513674594478756d6c6e77646172684469487664417932356f6e3078456e565a54326a42683670707371007e003d77080000016e00d511907823a4c1807371007e0011ac49140c134fbb8d7892e51b0f99437e707400075573657231303074001c7477656e7479666976656f6374406d61696c696e61746f722e636f6d	3cd3fbc96ce57d581bae49e880aae1ad
8c77e60f5a30b23d5ee195d9ff0ddc13	\\xaced0005737200436f72672e737072696e676672616d65776f726b2e73656375726974792e6f61757468322e636f6d6d6f6e2e44656661756c744f4175746832416363657373546f6b656e0cb29e361b24face0200064c00156164646974696f6e616c496e666f726d6174696f6e74000f4c6a6176612f7574696c2f4d61703b4c000a65787069726174696f6e7400104c6a6176612f7574696c2f446174653b4c000c72656672657368546f6b656e74003f4c6f72672f737072696e676672616d65776f726b2f73656375726974792f6f61757468322f636f6d6d6f6e2f4f417574683252656672657368546f6b656e3b4c000573636f706574000f4c6a6176612f7574696c2f5365743b4c0009746f6b656e547970657400124c6a6176612f6c616e672f537472696e673b4c000576616c756571007e00057870737200176a6176612e7574696c2e4c696e6b6564486173684d617034c04e5c106cc0fb0200015a000b6163636573734f72646572787200116a6176612e7574696c2e486173684d61700507dac1c31660d103000246000a6c6f6164466163746f724900097468726573686f6c6478703f4000000000000177080000000200000001740008757365726e616d6574001c74657374696e67686170757335406d61696c696e61746f722e636f6d78007372000e6a6176612e7574696c2e44617465686a81014b597419030000787077080000016cdf348861787372004c6f72672e737072696e676672616d65776f726b2e73656375726974792e6f61757468322e636f6d6d6f6e2e44656661756c744578706972696e674f417574683252656672657368546f6b656e2fdf47639dd0c9b70200014c000a65787069726174696f6e71007e0002787200446f72672e737072696e676672616d65776f726b2e73656375726974792e6f61757468322e636f6d6d6f6e2e44656661756c744f417574683252656672657368546f6b656e73e10e0a6354d45e0200014c000576616c756571007e0005787074002432393665306461632d663236372d343964642d616462322d6239643930623139663737367371007e000c77080000016d57e2430478737200256a6176612e7574696c2e436f6c6c656374696f6e7324556e6d6f6469666961626c65536574801d92d18f9b80550200007872002c6a6176612e7574696c2e436f6c6c656374696f6e7324556e6d6f6469666961626c65436f6c6c656374696f6e19420080cb5ef71e0200014c0001637400164c6a6176612f7574696c2f436f6c6c656374696f6e3b7870737200176a6176612e7574696c2e4c696e6b656448617368536574d86cd75a95dd2a1e020000787200116a6176612e7574696c2e48617368536574ba44859596b8b7340300007870770c000000103f400000000000027400047265616474000577726974657874000662656172657274002437356161663738342d386538612d343433382d383963632d623135643466643664393832	1c6762f6989b05d953c82d21b89f5e77	testinghapus5@mailinator.com	spring-security-oauth2-read-write-client	\\xaced0005737200416f72672e737072696e676672616d65776f726b2e73656375726974792e6f61757468322e70726f76696465722e4f417574683241757468656e7469636174696f6ebd400b02166252130200024c000d73746f7265645265717565737474003c4c6f72672f737072696e676672616d65776f726b2f73656375726974792f6f61757468322f70726f76696465722f4f4175746832526571756573743b4c00127573657241757468656e7469636174696f6e7400324c6f72672f737072696e676672616d65776f726b2f73656375726974792f636f72652f41757468656e7469636174696f6e3b787200476f72672e737072696e676672616d65776f726b2e73656375726974792e61757468656e7469636174696f6e2e416273747261637441757468656e7469636174696f6e546f6b656ed3aa287e6e47640e0200035a000d61757468656e746963617465644c000b617574686f7269746965737400164c6a6176612f7574696c2f436f6c6c656374696f6e3b4c000764657461696c737400124c6a6176612f6c616e672f4f626a6563743b787000737200266a6176612e7574696c2e436f6c6c656374696f6e7324556e6d6f6469666961626c654c697374fc0f2531b5ec8e100200014c00046c6973747400104c6a6176612f7574696c2f4c6973743b7872002c6a6176612e7574696c2e436f6c6c656374696f6e7324556e6d6f6469666961626c65436f6c6c656374696f6e19420080cb5ef71e0200014c00016371007e00047870737200136a6176612e7574696c2e41727261794c6973747881d21d99c7619d03000149000473697a657870000000017704000000017372002c636f6d2e6a617469732e74656d706c6174652e757365726d616e6167656d656e742e6d6f64656c2e526f6c654be6a9a5b480d9a80200095a000c64656c6574655374617475734c000c6163746976655374617475737400134c6a6176612f6c616e672f426f6f6c65616e3b4c00096372656174656442797400104c6a6176612f7574696c2f555549443b4c000b6372656174656454696d657400104c6a6176612f7574696c2f446174653b4c0006726f6c65496471007e000f4c0008726f6c654e616d657400124c6a6176612f6c616e672f537472696e673b4c0006726f6c654e6f71007e00114c000975706461746564427971007e000f4c000b7570646174656454696d6571007e00107870007070707372000e6a6176612e7574696c2e55554944bc9903f7986d852f0200024a000c6c65617374536967426974734a000b6d6f73745369674269747378709781aadce2d0ef7a69a74a9f481c49ee74000a4d6f7265205375706572740006526f6c65313170707871007e000c707372003a6f72672e737072696e676672616d65776f726b2e73656375726974792e6f61757468322e70726f76696465722e4f41757468325265717565737400000000000000010200075a0008617070726f7665644c000b617574686f72697469657371007e00044c000a657874656e73696f6e7374000f4c6a6176612f7574696c2f4d61703b4c000b726564697265637455726971007e00114c00077265667265736874003b4c6f72672f737072696e676672616d65776f726b2f73656375726974792f6f61757468322f70726f76696465722f546f6b656e526571756573743b4c000b7265736f7572636549647374000f4c6a6176612f7574696c2f5365743b4c000d726573706f6e7365547970657371007e001a787200386f72672e737072696e676672616d65776f726b2e73656375726974792e6f61757468322e70726f76696465722e426173655265717565737436287a3ea37169bd0200034c0008636c69656e74496471007e00114c001172657175657374506172616d657465727371007e00184c000573636f706571007e001a7870740028737072696e672d73656375726974792d6f61757468322d726561642d77726974652d636c69656e74737200256a6176612e7574696c2e436f6c6c656374696f6e7324556e6d6f6469666961626c654d6170f1a5a8fe74f507420200014c00016d71007e00187870737200116a6176612e7574696c2e486173684d61700507dac1c31660d103000246000a6c6f6164466163746f724900097468726573686f6c6478703f400000000000067708000000080000000374000a6772616e745f7479706574000870617373776f7264740009636c69656e745f6964740028737072696e672d73656375726974792d6f61757468322d726561642d77726974652d636c69656e74740008757365726e616d6574001c74657374696e67686170757335406d61696c696e61746f722e636f6d78737200256a6176612e7574696c2e436f6c6c656374696f6e7324556e6d6f6469666961626c65536574801d92d18f9b80550200007871007e0009737200176a6176612e7574696c2e4c696e6b656448617368536574d86cd75a95dd2a1e020000787200116a6176612e7574696c2e48617368536574ba44859596b8b7340300007870770c000000103f4000000000000274000472656164740005777269746578017371007e002b770c000000103f40000000000001737200426f72672e737072696e676672616d65776f726b2e73656375726974792e636f72652e617574686f726974792e53696d706c654772616e746564417574686f7269747900000000000001fe0200014c0004726f6c6571007e0011787074000455534552787371007e00203f40000000000000770800000010000000007870707371007e002b770c000000103f400000000000017400187265736f757263652d7365727665722d726573742d617069787371007e002b770c000000103f40000000000000787372004f6f72672e737072696e676672616d65776f726b2e73656375726974792e61757468656e7469636174696f6e2e557365726e616d6550617373776f726441757468656e7469636174696f6e546f6b656e00000000000001fe0200024c000b63726564656e7469616c7371007e00054c00097072696e636970616c71007e00057871007e0003017371007e00077371007e000b0000000177040000000171007e00127871007e003a737200176a6176612e7574696c2e4c696e6b6564486173684d617034c04e5c106cc0fb0200015a000b6163636573734f726465727871007e00203f400000000000067708000000080000000371007e002271007e002371007e002471007e002571007e002671007e00277800707372002c636f6d2e6a617469732e74656d706c6174652e757365726d616e6167656d656e742e6d6f64656c2e55736572006c1af87af6053f0200175a000e6163636f756e74457870697265645a000d6163636f756e744c6f636b65645a001263726564656e7469616c73457870697265645a000c64656c6574655374617475735a0007656e61626c65644c000b617574686f72697469657371007e00044c00066272616e636871007e00114c000963726561746564427971007e000f4c000b6372656174656454696d6571007e00104c00086469766973696f6e71007e00114c000b656d61696c53746174757371007e00114c000866636d546f6b656e71007e00114c000866756c6c4e616d6571007e00114c00156c61737450617373776f726452657365744461746571007e00104c00036f747071007e00114c000870617373776f726471007e00114c000673656372657471007e00114c000975706461746564427971007e000f4c000b7570646174656454696d6571007e00104c000675736572496471007e000f4c0007757365724e696b71007e00114c0006757365724e6f71007e00114c0008757365726e616d6571007e0011787000000000017371007e000b0000000177040000000171007e001278707371007e0013a3651494d3cdd8ef02c1c5e01a284d20737200126a6176612e73716c2e54696d657374616d702618d5c80153bf650200014900056e616e6f737872000e6a6176612e7574696c2e44617465686a81014b597419030000787077080000016cbd5dc980782d6b328074000344657674000e456d61696c5f56657269666965647074000d74657374696e67686170757335707074003c2432612431302447574b726852465a527558484748676a575873753675356b61496d7053374162534d4d44356855355a446148382f35744879426a367070707371007e00138f1dd554d7826b8c936d6e626b3b4273707400075573657231303074001c74657374696e67686170757335406d61696c696e61746f722e636f6d	9f4c75330e81a380a67b2af14bfed4c9
94ab995143c71a784fc9c18c437eca0f	\\xaced0005737200436f72672e737072696e676672616d65776f726b2e73656375726974792e6f61757468322e636f6d6d6f6e2e44656661756c744f4175746832416363657373546f6b656e0cb29e361b24face0200064c00156164646974696f6e616c496e666f726d6174696f6e74000f4c6a6176612f7574696c2f4d61703b4c000a65787069726174696f6e7400104c6a6176612f7574696c2f446174653b4c000c72656672657368546f6b656e74003f4c6f72672f737072696e676672616d65776f726b2f73656375726974792f6f61757468322f636f6d6d6f6e2f4f417574683252656672657368546f6b656e3b4c000573636f706574000f4c6a6176612f7574696c2f5365743b4c0009746f6b656e547970657400124c6a6176612f6c616e672f537472696e673b4c000576616c756571007e00057870737200176a6176612e7574696c2e4c696e6b6564486173684d617034c04e5c106cc0fb0200015a000b6163636573734f72646572787200116a6176612e7574696c2e486173684d61700507dac1c31660d103000246000a6c6f6164466163746f724900097468726573686f6c6478703f4000000000000177080000000200000001740008757365726e616d6574001e616e6767756e2e6167756e6740706a692d736f6c7574696f6e732e636f6d78007372000e6a6176612e7574696c2e44617465686a81014b597419030000787077080000016dee924f0c787372004c6f72672e737072696e676672616d65776f726b2e73656375726974792e6f61757468322e636f6d6d6f6e2e44656661756c744578706972696e674f417574683252656672657368546f6b656e2fdf47639dd0c9b70200014c000a65787069726174696f6e71007e0002787200446f72672e737072696e676672616d65776f726b2e73656375726974792e6f61757468322e636f6d6d6f6e2e44656661756c744f417574683252656672657368546f6b656e73e10e0a6354d45e0200014c000576616c756571007e0005787074002433326338613365652d343965352d343237312d623634302d3732343237663135376139637371007e000c77080000016e86ebc60c78737200256a6176612e7574696c2e436f6c6c656374696f6e7324556e6d6f6469666961626c65536574801d92d18f9b80550200007872002c6a6176612e7574696c2e436f6c6c656374696f6e7324556e6d6f6469666961626c65436f6c6c656374696f6e19420080cb5ef71e0200014c0001637400164c6a6176612f7574696c2f436f6c6c656374696f6e3b7870737200176a6176612e7574696c2e4c696e6b656448617368536574d86cd75a95dd2a1e020000787200116a6176612e7574696c2e48617368536574ba44859596b8b7340300007870770c000000103f400000000000027400047265616474000577726974657874000662656172657274002462373135643661342d383337352d343331322d383562652d373933346239356534646665	0bcae040f85645ede66364d77b7b79ff	anggun.agung@pji-solutions.com	spring-security-oauth2-read-write-client	\\xaced0005737200416f72672e737072696e676672616d65776f726b2e73656375726974792e6f61757468322e70726f76696465722e4f417574683241757468656e7469636174696f6ebd400b02166252130200024c000d73746f7265645265717565737474003c4c6f72672f737072696e676672616d65776f726b2f73656375726974792f6f61757468322f70726f76696465722f4f4175746832526571756573743b4c00127573657241757468656e7469636174696f6e7400324c6f72672f737072696e676672616d65776f726b2f73656375726974792f636f72652f41757468656e7469636174696f6e3b787200476f72672e737072696e676672616d65776f726b2e73656375726974792e61757468656e7469636174696f6e2e416273747261637441757468656e7469636174696f6e546f6b656ed3aa287e6e47640e0200035a000d61757468656e746963617465644c000b617574686f7269746965737400164c6a6176612f7574696c2f436f6c6c656374696f6e3b4c000764657461696c737400124c6a6176612f6c616e672f4f626a6563743b787000737200266a6176612e7574696c2e436f6c6c656374696f6e7324556e6d6f6469666961626c654c697374fc0f2531b5ec8e100200014c00046c6973747400104c6a6176612f7574696c2f4c6973743b7872002c6a6176612e7574696c2e436f6c6c656374696f6e7324556e6d6f6469666961626c65436f6c6c656374696f6e19420080cb5ef71e0200014c00016371007e00047870737200136a6176612e7574696c2e41727261794c6973747881d21d99c7619d03000149000473697a657870000000017704000000017372002b636f6d2e6a617469732e74656d706c6174652e636f6d6d6f6e2e646f6d61696e2e436f6d6d6f6e526f6c654be6a9a5b480d9a80200034c0006726f6c6549647400104c6a6176612f7574696c2f555549443b4c0008726f6c654e616d657400124c6a6176612f6c616e672f537472696e673b4c0006726f6c654e6f71007e000f78707372000e6a6176612e7574696c2e55554944bc9903f7986d852f0200024a000c6c65617374536967426974734a000b6d6f73745369674269747378709895bd293389da1ffd1909d41386425f7400036e6577740006526f6c6535307871007e000c707372003a6f72672e737072696e676672616d65776f726b2e73656375726974792e6f61757468322e70726f76696465722e4f41757468325265717565737400000000000000010200075a0008617070726f7665644c000b617574686f72697469657371007e00044c000a657874656e73696f6e7374000f4c6a6176612f7574696c2f4d61703b4c000b726564697265637455726971007e000f4c00077265667265736874003b4c6f72672f737072696e676672616d65776f726b2f73656375726974792f6f61757468322f70726f76696465722f546f6b656e526571756573743b4c000b7265736f7572636549647374000f4c6a6176612f7574696c2f5365743b4c000d726573706f6e7365547970657371007e0018787200386f72672e737072696e676672616d65776f726b2e73656375726974792e6f61757468322e70726f76696465722e426173655265717565737436287a3ea37169bd0200034c0008636c69656e74496471007e000f4c001172657175657374506172616d657465727371007e00164c000573636f706571007e00187870740028737072696e672d73656375726974792d6f61757468322d726561642d77726974652d636c69656e74737200256a6176612e7574696c2e436f6c6c656374696f6e7324556e6d6f6469666961626c654d6170f1a5a8fe74f507420200014c00016d71007e00167870737200116a6176612e7574696c2e486173684d61700507dac1c31660d103000246000a6c6f6164466163746f724900097468726573686f6c6478703f400000000000037708000000040000000274000a6772616e745f7479706574000870617373776f7264740008757365726e616d6574001e616e6767756e2e6167756e6740706a692d736f6c7574696f6e732e636f6d78737200256a6176612e7574696c2e436f6c6c656374696f6e7324556e6d6f6469666961626c65536574801d92d18f9b80550200007871007e0009737200176a6176612e7574696c2e4c696e6b656448617368536574d86cd75a95dd2a1e020000787200116a6176612e7574696c2e48617368536574ba44859596b8b7340300007870770c000000103f4000000000000274000472656164740005777269746578017371007e0027770c000000103f40000000000001737200426f72672e737072696e676672616d65776f726b2e73656375726974792e636f72652e617574686f726974792e53696d706c654772616e746564417574686f7269747900000000000001fe0200014c0004726f6c6571007e000f787074000455534552787371007e001e3f40000000000000770800000010000000007870707371007e0027770c000000103f400000000000017400187265736f757263652d7365727665722d726573742d617069787371007e0027770c000000103f40000000000000787372004f6f72672e737072696e676672616d65776f726b2e73656375726974792e61757468656e7469636174696f6e2e557365726e616d6550617373776f726441757468656e7469636174696f6e546f6b656e00000000000001fe0200024c000b63726564656e7469616c7371007e00054c00097072696e636970616c71007e00057871007e0003017371007e00077371007e000b0000000177040000000171007e00107871007e0036737200176a6176612e7574696c2e4c696e6b6564486173684d617034c04e5c106cc0fb0200015a000b6163636573734f726465727871007e001e3f400000000000067708000000080000000271007e002071007e002171007e002271007e002378007073720032636f6d2e6a617469732e74656d706c6174652e636f6d6d6f6e2e646f6d61696e2e436f6d6d6f6e5573657244657461696c7300000000000000010200155a000e6163636f756e74457870697265645a000d6163636f756e744c6f636b65645a001263726564656e7469616c73457870697265645a000c64656c6574655374617475735a0007656e61626c65644c000b617574686f72697469657371007e00044c00066272616e636871007e000f4c000963726561746564427971007e000e4c000b6372656174656454696d657400104c6a6176612f7574696c2f446174653b4c000a6469766973696f6e496471007e000e4c000b656d61696c53746174757371007e000f4c000866756c6c4e616d6571007e000f4c00156c61737450617373776f726452657365744461746571007e003a4c000870617373776f726471007e000f4c000673656372657471007e000f4c000975706461746564427971007e000e4c000b7570646174656454696d6571007e003a4c000675736572496471007e000e4c0007757365724e696b71007e000f4c0006757365724e6f71007e000f4c0008757365726e616d6571007e000f787000000000017371007e000b0000000177040000000171007e0010787070737200126a6176612e73716c2e54696d657374616d702618d5c80153bf650200014900056e616e6f737872000e6a6176612e7574696c2e44617465686a81014b597419030000787077080000016d4d8d7c0878082a74407371007e0011aa33340ea817033ca091eb99d04747fe74000e456d61696c5f5665726966696564740006616e6767756e7074003c24326124313024586978674f474e7a37354b4c456f5246796f744e522e665069626271554b55703973794d79724d553279596f303743315a3553334370707371007e003d77080000016d6728d7e8781d34ce807371007e0011b62610f3aae3a5d050c79b97f8bb4be3707400075573657231303074001e616e6767756e2e6167756e6740706a692d736f6c7574696f6e732e636f6d	d12bd870f4f1bf26a14022667605f929
8c4f6f0df9e375d0161318181eeaecde	\\xaced0005737200436f72672e737072696e676672616d65776f726b2e73656375726974792e6f61757468322e636f6d6d6f6e2e44656661756c744f4175746832416363657373546f6b656e0cb29e361b24face0200064c00156164646974696f6e616c496e666f726d6174696f6e74000f4c6a6176612f7574696c2f4d61703b4c000a65787069726174696f6e7400104c6a6176612f7574696c2f446174653b4c000c72656672657368546f6b656e74003f4c6f72672f737072696e676672616d65776f726b2f73656375726974792f6f61757468322f636f6d6d6f6e2f4f417574683252656672657368546f6b656e3b4c000573636f706574000f4c6a6176612f7574696c2f5365743b4c0009746f6b656e547970657400124c6a6176612f6c616e672f537472696e673b4c000576616c756571007e00057870737200176a6176612e7574696c2e4c696e6b6564486173684d617034c04e5c106cc0fb0200015a000b6163636573734f72646572787200116a6176612e7574696c2e486173684d61700507dac1c31660d103000246000a6c6f6164466163746f724900097468726573686f6c6478703f4000000000000c77080000001000000001740008757365726e616d6574001573757065722e61646d696e406a617469732e636f6d78007372000e6a6176612e7574696c2e44617465686a81014b597419030000787077080000016e02f8ad07787372004c6f72672e737072696e676672616d65776f726b2e73656375726974792e6f61757468322e636f6d6d6f6e2e44656661756c744578706972696e674f417574683252656672657368546f6b656e2fdf47639dd0c9b70200014c000a65787069726174696f6e71007e0002787200446f72672e737072696e676672616d65776f726b2e73656375726974792e6f61757468322e636f6d6d6f6e2e44656661756c744f417574683252656672657368546f6b656e73e10e0a6354d45e0200014c000576616c756571007e0005787074002465636465633162642d303464642d343534612d393463362d3165633339336561323436667371007e000c77080000016e3f98bc3c78737200256a6176612e7574696c2e436f6c6c656374696f6e7324556e6d6f6469666961626c65536574801d92d18f9b80550200007872002c6a6176612e7574696c2e436f6c6c656374696f6e7324556e6d6f6469666961626c65436f6c6c656374696f6e19420080cb5ef71e0200014c0001637400164c6a6176612f7574696c2f436f6c6c656374696f6e3b7870737200176a6176612e7574696c2e4c696e6b656448617368536574d86cd75a95dd2a1e020000787200116a6176612e7574696c2e48617368536574ba44859596b8b7340300007870770c000000043f400000000000027400047265616474000577726974657874000662656172657274002434633534303861612d326262642d346333352d396563322d376434393938353534313938	b7e85cea805fce2d98e1b698b823b624	super.admin@jatis.com	spring-security-oauth2-read-write-client	\\xaced0005737200416f72672e737072696e676672616d65776f726b2e73656375726974792e6f61757468322e70726f76696465722e4f417574683241757468656e7469636174696f6ebd400b02166252130200024c000d73746f7265645265717565737474003c4c6f72672f737072696e676672616d65776f726b2f73656375726974792f6f61757468322f70726f76696465722f4f4175746832526571756573743b4c00127573657241757468656e7469636174696f6e7400324c6f72672f737072696e676672616d65776f726b2f73656375726974792f636f72652f41757468656e7469636174696f6e3b787200476f72672e737072696e676672616d65776f726b2e73656375726974792e61757468656e7469636174696f6e2e416273747261637441757468656e7469636174696f6e546f6b656ed3aa287e6e47640e0200035a000d61757468656e746963617465644c000b617574686f7269746965737400164c6a6176612f7574696c2f436f6c6c656374696f6e3b4c000764657461696c737400124c6a6176612f6c616e672f4f626a6563743b787000737200266a6176612e7574696c2e436f6c6c656374696f6e7324556e6d6f6469666961626c654c697374fc0f2531b5ec8e100200014c00046c6973747400104c6a6176612f7574696c2f4c6973743b7872002c6a6176612e7574696c2e436f6c6c656374696f6e7324556e6d6f6469666961626c65436f6c6c656374696f6e19420080cb5ef71e0200014c00016371007e00047870737200136a6176612e7574696c2e41727261794c6973747881d21d99c7619d03000149000473697a657870000000017704000000017372002b636f6d2e6a617469732e74656d706c6174652e636f6d6d6f6e2e646f6d61696e2e436f6d6d6f6e526f6c654be6a9a5b480d9a80200034c0006726f6c6549647400104c6a6176612f7574696c2f555549443b4c0008726f6c654e616d657400124c6a6176612f6c616e672f537472696e673b4c0006726f6c654e6f71007e000f78707372000e6a6176612e7574696c2e55554944bc9903f7986d852f0200024a000c6c65617374536967426974734a000b6d6f7374536967426974737870830ea0cbb6d70e583396c01eaec545e974000541646d696e740006526f6c6530327871007e000c707372003a6f72672e737072696e676672616d65776f726b2e73656375726974792e6f61757468322e70726f76696465722e4f41757468325265717565737400000000000000010200075a0008617070726f7665644c000b617574686f72697469657371007e00044c000a657874656e73696f6e7374000f4c6a6176612f7574696c2f4d61703b4c000b726564697265637455726971007e000f4c00077265667265736874003b4c6f72672f737072696e676672616d65776f726b2f73656375726974792f6f61757468322f70726f76696465722f546f6b656e526571756573743b4c000b7265736f7572636549647374000f4c6a6176612f7574696c2f5365743b4c000d726573706f6e7365547970657371007e0018787200386f72672e737072696e676672616d65776f726b2e73656375726974792e6f61757468322e70726f76696465722e426173655265717565737436287a3ea37169bd0200034c0008636c69656e74496471007e000f4c001172657175657374506172616d657465727371007e00164c000573636f706571007e00187870740028737072696e672d73656375726974792d6f61757468322d726561642d77726974652d636c69656e74737200256a6176612e7574696c2e436f6c6c656374696f6e7324556e6d6f6469666961626c654d6170f1a5a8fe74f507420200014c00016d71007e00167870737200116a6176612e7574696c2e486173684d61700507dac1c31660d103000246000a6c6f6164466163746f724900097468726573686f6c6478703f400000000000037708000000040000000274000a6772616e745f7479706574000870617373776f7264740008757365726e616d6574001573757065722e61646d696e406a617469732e636f6d78737200256a6176612e7574696c2e436f6c6c656374696f6e7324556e6d6f6469666961626c65536574801d92d18f9b80550200007871007e0009737200176a6176612e7574696c2e4c696e6b656448617368536574d86cd75a95dd2a1e020000787200116a6176612e7574696c2e48617368536574ba44859596b8b7340300007870770c000000103f4000000000000274000472656164740005777269746578017371007e0027770c000000103f40000000000001737200426f72672e737072696e676672616d65776f726b2e73656375726974792e636f72652e617574686f726974792e53696d706c654772616e746564417574686f7269747900000000000001fe0200014c0004726f6c6571007e000f787074000455534552787371007e001e3f40000000000000770800000010000000007870707371007e0027770c000000103f400000000000017400187265736f757263652d7365727665722d726573742d617069787371007e0027770c000000103f40000000000000787372004f6f72672e737072696e676672616d65776f726b2e73656375726974792e61757468656e7469636174696f6e2e557365726e616d6550617373776f726441757468656e7469636174696f6e546f6b656e00000000000001fe0200024c000b63726564656e7469616c7371007e00054c00097072696e636970616c71007e00057871007e0003017371007e00077371007e000b0000000177040000000171007e00107871007e0036737200176a6176612e7574696c2e4c696e6b6564486173684d617034c04e5c106cc0fb0200015a000b6163636573734f726465727871007e001e3f400000000000067708000000080000000271007e002071007e002171007e002271007e002378007073720032636f6d2e6a617469732e74656d706c6174652e636f6d6d6f6e2e646f6d61696e2e436f6d6d6f6e5573657244657461696c7300000000000000010200155a000e6163636f756e74457870697265645a000d6163636f756e744c6f636b65645a001263726564656e7469616c73457870697265645a000c64656c6574655374617475735a0007656e61626c65644c000b617574686f72697469657371007e00044c00066272616e636871007e000f4c000963726561746564427971007e000e4c000b6372656174656454696d657400104c6a6176612f7574696c2f446174653b4c000a6469766973696f6e496471007e000e4c000b656d61696c53746174757371007e000f4c000866756c6c4e616d6571007e000f4c00156c61737450617373776f726452657365744461746571007e003a4c000870617373776f726471007e000f4c000673656372657471007e000f4c000975706461746564427971007e000e4c000b7570646174656454696d6571007e003a4c000675736572496471007e000e4c0007757365724e696b71007e000f4c0006757365724e6f71007e000f4c0008757365726e616d6571007e000f787000000000017371007e000b0000000177040000000171007e00107874000d4b656c61706120476164696e677371007e0011bb56fc35e685794ce9311edd22094afb737200126a6176612e73716c2e54696d657374616d702618d5c80153bf650200014900056e616e6f737872000e6a6176612e7574696c2e44617465686a81014b597419030000787077080000016c70be1c38782282d6c07371007e0011825b1c3448f499d3e5a7678c0aab4cc574000e456d61696c5f566572696669656474000b53757065722041646d696e7074003c24326124303824674d694f706c7761464548544376534d685a56424f75725654725659724c6c726a58394762334d526a6d55645257485a756f526a4370707371007e003f77080000016d6171d0c0780cd0a3c07371007e0011a3651494d3cdd8ef02c1c5e01a284d207400103132333435363738383736353433323174000655736572303174001573757065722e61646d696e406a617469732e636f6d	b13d640d1aaf8a8a8ee8587bc1f74069
e89759f611e75d7fc9d9b40d6e8060ab	\\xaced0005737200436f72672e737072696e676672616d65776f726b2e73656375726974792e6f61757468322e636f6d6d6f6e2e44656661756c744f4175746832416363657373546f6b656e0cb29e361b24face0200064c00156164646974696f6e616c496e666f726d6174696f6e74000f4c6a6176612f7574696c2f4d61703b4c000a65787069726174696f6e7400104c6a6176612f7574696c2f446174653b4c000c72656672657368546f6b656e74003f4c6f72672f737072696e676672616d65776f726b2f73656375726974792f6f61757468322f636f6d6d6f6e2f4f417574683252656672657368546f6b656e3b4c000573636f706574000f4c6a6176612f7574696c2f5365743b4c0009746f6b656e547970657400124c6a6176612f6c616e672f537472696e673b4c000576616c756571007e00057870737200176a6176612e7574696c2e4c696e6b6564486173684d617034c04e5c106cc0fb0200015a000b6163636573734f72646572787200116a6176612e7574696c2e486173684d61700507dac1c31660d103000246000a6c6f6164466163746f724900097468726573686f6c6478703f4000000000000c77080000001000000001740008757365726e616d6574000f61646d696e406a617469732e636f6d78007372000e6a6176612e7574696c2e44617465686a81014b597419030000787077080000016e8e46878a787372004c6f72672e737072696e676672616d65776f726b2e73656375726974792e6f61757468322e636f6d6d6f6e2e44656661756c744578706972696e674f417574683252656672657368546f6b656e2fdf47639dd0c9b70200014c000a65787069726174696f6e71007e0002787200446f72672e737072696e676672616d65776f726b2e73656375726974792e6f61757468322e636f6d6d6f6e2e44656661756c744f417574683252656672657368546f6b656e73e10e0a6354d45e0200014c000576616c756571007e0005787074002461646665623032342d626531302d343435312d386631642d6164386466316634636566657371007e000c77080000016ed4458b7f78737200256a6176612e7574696c2e436f6c6c656374696f6e7324556e6d6f6469666961626c65536574801d92d18f9b80550200007872002c6a6176612e7574696c2e436f6c6c656374696f6e7324556e6d6f6469666961626c65436f6c6c656374696f6e19420080cb5ef71e0200014c0001637400164c6a6176612f7574696c2f436f6c6c656374696f6e3b7870737200176a6176612e7574696c2e4c696e6b656448617368536574d86cd75a95dd2a1e020000787200116a6176612e7574696c2e48617368536574ba44859596b8b7340300007870770c000000043f400000000000027400047265616474000577726974657874000662656172657274002433363539653833652d396136302d343135652d613930342d383461396161663336396534	90a467c68fa7f83e5f6a83309238c726	admin@jatis.com	spring-security-oauth2-read-write-client	\\xaced0005737200416f72672e737072696e676672616d65776f726b2e73656375726974792e6f61757468322e70726f76696465722e4f417574683241757468656e7469636174696f6ebd400b02166252130200024c000d73746f7265645265717565737474003c4c6f72672f737072696e676672616d65776f726b2f73656375726974792f6f61757468322f70726f76696465722f4f4175746832526571756573743b4c00127573657241757468656e7469636174696f6e7400324c6f72672f737072696e676672616d65776f726b2f73656375726974792f636f72652f41757468656e7469636174696f6e3b787200476f72672e737072696e676672616d65776f726b2e73656375726974792e61757468656e7469636174696f6e2e416273747261637441757468656e7469636174696f6e546f6b656ed3aa287e6e47640e0200035a000d61757468656e746963617465644c000b617574686f7269746965737400164c6a6176612f7574696c2f436f6c6c656374696f6e3b4c000764657461696c737400124c6a6176612f6c616e672f4f626a6563743b787000737200266a6176612e7574696c2e436f6c6c656374696f6e7324556e6d6f6469666961626c654c697374fc0f2531b5ec8e100200014c00046c6973747400104c6a6176612f7574696c2f4c6973743b7872002c6a6176612e7574696c2e436f6c6c656374696f6e7324556e6d6f6469666961626c65436f6c6c656374696f6e19420080cb5ef71e0200014c00016371007e00047870737200136a6176612e7574696c2e41727261794c6973747881d21d99c7619d03000149000473697a657870000000017704000000017372002b636f6d2e6a617469732e74656d706c6174652e636f6d6d6f6e2e646f6d61696e2e436f6d6d6f6e526f6c654be6a9a5b480d9a80200034c0006726f6c6549647400104c6a6176612f7574696c2f555549443b4c0008726f6c654e616d657400124c6a6176612f6c616e672f537472696e673b4c0006726f6c654e6f71007e000f78707372000e6a6176612e7574696c2e55554944bc9903f7986d852f0200024a000c6c65617374536967426974734a000b6d6f7374536967426974737870b50b61b3ab078ce2febcc8a1d52d454174000b53757065722041646d696e740006526f6c6530317871007e000c707372003a6f72672e737072696e676672616d65776f726b2e73656375726974792e6f61757468322e70726f76696465722e4f41757468325265717565737400000000000000010200075a0008617070726f7665644c000b617574686f72697469657371007e00044c000a657874656e73696f6e7374000f4c6a6176612f7574696c2f4d61703b4c000b726564697265637455726971007e000f4c00077265667265736874003b4c6f72672f737072696e676672616d65776f726b2f73656375726974792f6f61757468322f70726f76696465722f546f6b656e526571756573743b4c000b7265736f7572636549647374000f4c6a6176612f7574696c2f5365743b4c000d726573706f6e7365547970657371007e0018787200386f72672e737072696e676672616d65776f726b2e73656375726974792e6f61757468322e70726f76696465722e426173655265717565737436287a3ea37169bd0200034c0008636c69656e74496471007e000f4c001172657175657374506172616d657465727371007e00164c000573636f706571007e00187870740028737072696e672d73656375726974792d6f61757468322d726561642d77726974652d636c69656e74737200256a6176612e7574696c2e436f6c6c656374696f6e7324556e6d6f6469666961626c654d6170f1a5a8fe74f507420200014c00016d71007e00167870737200116a6176612e7574696c2e486173684d61700507dac1c31660d103000246000a6c6f6164466163746f724900097468726573686f6c6478703f400000000000037708000000040000000274000a6772616e745f7479706574000870617373776f7264740008757365726e616d6574000f61646d696e406a617469732e636f6d78737200256a6176612e7574696c2e436f6c6c656374696f6e7324556e6d6f6469666961626c65536574801d92d18f9b80550200007871007e0009737200176a6176612e7574696c2e4c696e6b656448617368536574d86cd75a95dd2a1e020000787200116a6176612e7574696c2e48617368536574ba44859596b8b7340300007870770c000000103f4000000000000274000472656164740005777269746578017371007e0027770c000000103f40000000000001737200426f72672e737072696e676672616d65776f726b2e73656375726974792e636f72652e617574686f726974792e53696d706c654772616e746564417574686f7269747900000000000001fe0200014c0004726f6c6571007e000f787074000455534552787371007e001e3f40000000000000770800000010000000007870707371007e0027770c000000103f400000000000017400187265736f757263652d7365727665722d726573742d617069787371007e0027770c000000103f40000000000000787372004f6f72672e737072696e676672616d65776f726b2e73656375726974792e61757468656e7469636174696f6e2e557365726e616d6550617373776f726441757468656e7469636174696f6e546f6b656e00000000000001fe0200024c000b63726564656e7469616c7371007e00054c00097072696e636970616c71007e00057871007e0003017371007e00077371007e000b0000000177040000000171007e00107871007e0036737200176a6176612e7574696c2e4c696e6b6564486173684d617034c04e5c106cc0fb0200015a000b6163636573734f726465727871007e001e3f400000000000067708000000080000000271007e002071007e002171007e002271007e002378007073720032636f6d2e6a617469732e74656d706c6174652e636f6d6d6f6e2e646f6d61696e2e436f6d6d6f6e5573657244657461696c7300000000000000010200155a000e6163636f756e74457870697265645a000d6163636f756e744c6f636b65645a001263726564656e7469616c73457870697265645a000c64656c6574655374617475735a0007656e61626c65644c000b617574686f72697469657371007e00044c00066272616e636871007e000f4c000963726561746564427971007e000e4c000b6372656174656454696d657400104c6a6176612f7574696c2f446174653b4c000a6469766973696f6e496471007e000e4c000b656d61696c53746174757371007e000f4c000866756c6c4e616d6571007e000f4c00156c61737450617373776f726452657365744461746571007e003a4c000870617373776f726471007e000f4c000673656372657471007e000f4c000975706461746564427971007e000e4c000b7570646174656454696d6571007e003a4c000675736572496471007e000e4c0007757365724e696b71007e000f4c0006757365724e6f71007e000f4c0008757365726e616d6571007e000f787000000000017371007e000b0000000177040000000171007e001078707371007e0011bb56fc35e685794ce9311edd22094afb737200126a6176612e73716c2e54696d657374616d702618d5c80153bf650200014900056e616e6f737872000e6a6176612e7574696c2e44617465686a81014b597419030000787077080000016c715700d87802625a007371007e0011aa33340ea817033ca091eb99d04747fe74000e456d61696c5f566572696669656474000b41646d696e204a617469737074003c2432612431302430617942496c613466307135425349726b56424c7a4f5138364a6e3336416d70667a332f515835566558737379454d7855746f434f707371007e0011b5172f1e41ab3444e7332d59c2854a6d7371007e003e77080000016d1969a528783178cb807371007e0011a1f14c0e8b500e96686457ccd6f94c877074000655736572303274000f61646d696e406a617469732e636f6d	39306972ba7fc7df7aeacfdca814c04f
9cab57234308af51acc0d0a2d707c20f	\\xaced0005737200436f72672e737072696e676672616d65776f726b2e73656375726974792e6f61757468322e636f6d6d6f6e2e44656661756c744f4175746832416363657373546f6b656e0cb29e361b24face0200064c00156164646974696f6e616c496e666f726d6174696f6e74000f4c6a6176612f7574696c2f4d61703b4c000a65787069726174696f6e7400104c6a6176612f7574696c2f446174653b4c000c72656672657368546f6b656e74003f4c6f72672f737072696e676672616d65776f726b2f73656375726974792f6f61757468322f636f6d6d6f6e2f4f417574683252656672657368546f6b656e3b4c000573636f706574000f4c6a6176612f7574696c2f5365743b4c0009746f6b656e547970657400124c6a6176612f6c616e672f537472696e673b4c000576616c756571007e00057870737200176a6176612e7574696c2e4c696e6b6564486173684d617034c04e5c106cc0fb0200015a000b6163636573734f72646572787200116a6176612e7574696c2e486173684d61700507dac1c31660d103000246000a6c6f6164466163746f724900097468726573686f6c6478703f4000000000000c77080000001000000001740008757365726e616d6574001673617472696f2e75746f6d6f406a617469732e636f6d78007372000e6a6176612e7574696c2e44617465686a81014b597419030000787077080000016d4f9a0eba787372004c6f72672e737072696e676672616d65776f726b2e73656375726974792e6f61757468322e636f6d6d6f6e2e44656661756c744578706972696e674f417574683252656672657368546f6b656e2fdf47639dd0c9b70200014c000a65787069726174696f6e71007e0002787200446f72672e737072696e676672616d65776f726b2e73656375726974792e6f61757468322e636f6d6d6f6e2e44656661756c744f417574683252656672657368546f6b656e73e10e0a6354d45e0200014c000576616c756571007e0005787074002437323537396261332d646131342d343964332d383762342d3430663864346238323361387371007e000c77080000016daf4a326f78737200256a6176612e7574696c2e436f6c6c656374696f6e7324556e6d6f6469666961626c65536574801d92d18f9b80550200007872002c6a6176612e7574696c2e436f6c6c656374696f6e7324556e6d6f6469666961626c65436f6c6c656374696f6e19420080cb5ef71e0200014c0001637400164c6a6176612f7574696c2f436f6c6c656374696f6e3b7870737200176a6176612e7574696c2e4c696e6b656448617368536574d86cd75a95dd2a1e020000787200116a6176612e7574696c2e48617368536574ba44859596b8b7340300007870770c000000043f400000000000027400047265616474000577726974657874000662656172657274002465376539313131642d643064342d343334652d383936312d313366346232333731343934	e2a281c56ddf13c5921a53839a9897e6	satrio.utomo@jatis.com	spring-security-oauth2-read-write-client	\\xaced0005737200416f72672e737072696e676672616d65776f726b2e73656375726974792e6f61757468322e70726f76696465722e4f417574683241757468656e7469636174696f6ebd400b02166252130200024c000d73746f7265645265717565737474003c4c6f72672f737072696e676672616d65776f726b2f73656375726974792f6f61757468322f70726f76696465722f4f4175746832526571756573743b4c00127573657241757468656e7469636174696f6e7400324c6f72672f737072696e676672616d65776f726b2f73656375726974792f636f72652f41757468656e7469636174696f6e3b787200476f72672e737072696e676672616d65776f726b2e73656375726974792e61757468656e7469636174696f6e2e416273747261637441757468656e7469636174696f6e546f6b656ed3aa287e6e47640e0200035a000d61757468656e746963617465644c000b617574686f7269746965737400164c6a6176612f7574696c2f436f6c6c656374696f6e3b4c000764657461696c737400124c6a6176612f6c616e672f4f626a6563743b787000737200266a6176612e7574696c2e436f6c6c656374696f6e7324556e6d6f6469666961626c654c697374fc0f2531b5ec8e100200014c00046c6973747400104c6a6176612f7574696c2f4c6973743b7872002c6a6176612e7574696c2e436f6c6c656374696f6e7324556e6d6f6469666961626c65436f6c6c656374696f6e19420080cb5ef71e0200014c00016371007e00047870737200136a6176612e7574696c2e41727261794c6973747881d21d99c7619d03000149000473697a657870000000017704000000017372002b636f6d2e6a617469732e74656d706c6174652e636f6d6d6f6e2e646f6d61696e2e436f6d6d6f6e526f6c654be6a9a5b480d9a80200034c0006726f6c6549647400104c6a6176612f7574696c2f555549443b4c0008726f6c654e616d657400124c6a6176612f6c616e672f537472696e673b4c0006726f6c654e6f71007e000f78707372000e6a6176612e7574696c2e55554944bc9903f7986d852f0200024a000c6c65617374536967426974734a000b6d6f7374536967426974737870b50b61b3ab078ce2febcc8a1d52d454174000b53757065722041646d696e740006526f6c6530317871007e000c707372003a6f72672e737072696e676672616d65776f726b2e73656375726974792e6f61757468322e70726f76696465722e4f41757468325265717565737400000000000000010200075a0008617070726f7665644c000b617574686f72697469657371007e00044c000a657874656e73696f6e7374000f4c6a6176612f7574696c2f4d61703b4c000b726564697265637455726971007e000f4c00077265667265736874003b4c6f72672f737072696e676672616d65776f726b2f73656375726974792f6f61757468322f70726f76696465722f546f6b656e526571756573743b4c000b7265736f7572636549647374000f4c6a6176612f7574696c2f5365743b4c000d726573706f6e7365547970657371007e0018787200386f72672e737072696e676672616d65776f726b2e73656375726974792e6f61757468322e70726f76696465722e426173655265717565737436287a3ea37169bd0200034c0008636c69656e74496471007e000f4c001172657175657374506172616d657465727371007e00164c000573636f706571007e00187870740028737072696e672d73656375726974792d6f61757468322d726561642d77726974652d636c69656e74737200256a6176612e7574696c2e436f6c6c656374696f6e7324556e6d6f6469666961626c654d6170f1a5a8fe74f507420200014c00016d71007e00167870737200116a6176612e7574696c2e486173684d61700507dac1c31660d103000246000a6c6f6164466163746f724900097468726573686f6c6478703f400000000000037708000000040000000274000a6772616e745f7479706574000870617373776f7264740008757365726e616d6574001673617472696f2e75746f6d6f406a617469732e636f6d78737200256a6176612e7574696c2e436f6c6c656374696f6e7324556e6d6f6469666961626c65536574801d92d18f9b80550200007871007e0009737200176a6176612e7574696c2e4c696e6b656448617368536574d86cd75a95dd2a1e020000787200116a6176612e7574696c2e48617368536574ba44859596b8b7340300007870770c000000103f4000000000000274000472656164740005777269746578017371007e0027770c000000103f40000000000001737200426f72672e737072696e676672616d65776f726b2e73656375726974792e636f72652e617574686f726974792e53696d706c654772616e746564417574686f7269747900000000000001fe0200014c0004726f6c6571007e000f787074000455534552787371007e001e3f40000000000000770800000010000000007870707371007e0027770c000000103f400000000000017400187265736f757263652d7365727665722d726573742d617069787371007e0027770c000000103f40000000000000787372004f6f72672e737072696e676672616d65776f726b2e73656375726974792e61757468656e7469636174696f6e2e557365726e616d6550617373776f726441757468656e7469636174696f6e546f6b656e00000000000001fe0200024c000b63726564656e7469616c7371007e00054c00097072696e636970616c71007e00057871007e0003017371007e00077371007e000b0000000177040000000171007e00107871007e0036737200176a6176612e7574696c2e4c696e6b6564486173684d617034c04e5c106cc0fb0200015a000b6163636573734f726465727871007e001e3f400000000000067708000000080000000271007e002071007e002171007e002271007e002378007073720032636f6d2e6a617469732e74656d706c6174652e636f6d6d6f6e2e646f6d61696e2e436f6d6d6f6e5573657244657461696c7300000000000000010200155a000e6163636f756e74457870697265645a000d6163636f756e744c6f636b65645a001263726564656e7469616c73457870697265645a000c64656c6574655374617475735a0007656e61626c65644c000b617574686f72697469657371007e00044c00066272616e636871007e000f4c000963726561746564427971007e000e4c000b6372656174656454696d657400104c6a6176612f7574696c2f446174653b4c000a6469766973696f6e496471007e000e4c000b656d61696c53746174757371007e000f4c000866756c6c4e616d6571007e000f4c00156c61737450617373776f726452657365744461746571007e003a4c000870617373776f726471007e000f4c000673656372657471007e000f4c000975706461746564427971007e000e4c000b7570646174656454696d6571007e003a4c000675736572496471007e000e4c0007757365724e696b71007e000f4c0006757365724e6f71007e000f4c0008757365726e616d6571007e000f787000000000017371007e000b0000000177040000000171007e0010787070737200126a6176612e73716c2e54696d657374616d702618d5c80153bf650200014900056e616e6f737872000e6a6176612e7574696c2e44617465686a81014b597419030000787077080000016ca8d948e07825f7d9407371007e0011be139f8ede8fc8df6b88c4798dd1499b74000e456d61696c5f566572696669656474000c53617472696f2055746f6d6f7074003c24326124303824376c6578585a705349596d362f5044424f5643412f7573512e37707232755765482f4d4e5550423750372f59347474334b707133537070707371007e0011a07dd12349bb380c278c3df4b7884f3d7074000655736572353574001673617472696f2e75746f6d6f406a617469732e636f6d	6f0edd5ebd67f0214b4328335b7e4de7
347b3942c706ea26d7aee7176fa47c63	\\xaced0005737200436f72672e737072696e676672616d65776f726b2e73656375726974792e6f61757468322e636f6d6d6f6e2e44656661756c744f4175746832416363657373546f6b656e0cb29e361b24face0200064c00156164646974696f6e616c496e666f726d6174696f6e74000f4c6a6176612f7574696c2f4d61703b4c000a65787069726174696f6e7400104c6a6176612f7574696c2f446174653b4c000c72656672657368546f6b656e74003f4c6f72672f737072696e676672616d65776f726b2f73656375726974792f6f61757468322f636f6d6d6f6e2f4f417574683252656672657368546f6b656e3b4c000573636f706574000f4c6a6176612f7574696c2f5365743b4c0009746f6b656e547970657400124c6a6176612f6c616e672f537472696e673b4c000576616c756571007e00057870737200176a6176612e7574696c2e4c696e6b6564486173684d617034c04e5c106cc0fb0200015a000b6163636573734f72646572787200116a6176612e7574696c2e486173684d61700507dac1c31660d103000246000a6c6f6164466163746f724900097468726573686f6c6478703f4000000000000177080000000200000001740008757365726e616d657400176c616b756e2e7465737465726c40676d61696c2e636f6d78007372000e6a6176612e7574696c2e44617465686a81014b597419030000787077080000016d689a9a96787372004c6f72672e737072696e676672616d65776f726b2e73656375726974792e6f61757468322e636f6d6d6f6e2e44656661756c744578706972696e674f417574683252656672657368546f6b656e2fdf47639dd0c9b70200014c000a65787069726174696f6e71007e0002787200446f72672e737072696e676672616d65776f726b2e73656375726974792e6f61757468322e636f6d6d6f6e2e44656661756c744f417574683252656672657368546f6b656e73e10e0a6354d45e0200014c000576616c756571007e0005787074002466643338323933332d326364662d346530382d396265622d3138313630376436653538397371007e000c77080000016dd34ea3f678737200256a6176612e7574696c2e436f6c6c656374696f6e7324556e6d6f6469666961626c65536574801d92d18f9b80550200007872002c6a6176612e7574696c2e436f6c6c656374696f6e7324556e6d6f6469666961626c65436f6c6c656374696f6e19420080cb5ef71e0200014c0001637400164c6a6176612f7574696c2f436f6c6c656374696f6e3b7870737200176a6176612e7574696c2e4c696e6b656448617368536574d86cd75a95dd2a1e020000787200116a6176612e7574696c2e48617368536574ba44859596b8b7340300007870770c000000103f400000000000027400047265616474000577726974657874000662656172657274002439666135323564382d666339332d343366362d383335322d343266626331313635633535	199575515adc7f3aa1ad2e9f6e762329	lakun.testerl@gmail.com	spring-security-oauth2-read-write-client	\\xaced0005737200416f72672e737072696e676672616d65776f726b2e73656375726974792e6f61757468322e70726f76696465722e4f417574683241757468656e7469636174696f6ebd400b02166252130200024c000d73746f7265645265717565737474003c4c6f72672f737072696e676672616d65776f726b2f73656375726974792f6f61757468322f70726f76696465722f4f4175746832526571756573743b4c00127573657241757468656e7469636174696f6e7400324c6f72672f737072696e676672616d65776f726b2f73656375726974792f636f72652f41757468656e7469636174696f6e3b787200476f72672e737072696e676672616d65776f726b2e73656375726974792e61757468656e7469636174696f6e2e416273747261637441757468656e7469636174696f6e546f6b656ed3aa287e6e47640e0200035a000d61757468656e746963617465644c000b617574686f7269746965737400164c6a6176612f7574696c2f436f6c6c656374696f6e3b4c000764657461696c737400124c6a6176612f6c616e672f4f626a6563743b787000737200266a6176612e7574696c2e436f6c6c656374696f6e7324556e6d6f6469666961626c654c697374fc0f2531b5ec8e100200014c00046c6973747400104c6a6176612f7574696c2f4c6973743b7872002c6a6176612e7574696c2e436f6c6c656374696f6e7324556e6d6f6469666961626c65436f6c6c656374696f6e19420080cb5ef71e0200014c00016371007e00047870737200136a6176612e7574696c2e41727261794c6973747881d21d99c7619d03000149000473697a657870000000017704000000017372002b636f6d2e6a617469732e74656d706c6174652e636f6d6d6f6e2e646f6d61696e2e436f6d6d6f6e526f6c654be6a9a5b480d9a80200034c0006726f6c6549647400104c6a6176612f7574696c2f555549443b4c0008726f6c654e616d657400124c6a6176612f6c616e672f537472696e673b4c0006726f6c654e6f71007e000f78707372000e6a6176612e7574696c2e55554944bc9903f7986d852f0200024a000c6c65617374536967426974734a000b6d6f7374536967426974737870b50b61b3ab078ce2febcc8a1d52d454174000b53757065722041646d696e740006526f6c6530317871007e000c707372003a6f72672e737072696e676672616d65776f726b2e73656375726974792e6f61757468322e70726f76696465722e4f41757468325265717565737400000000000000010200075a0008617070726f7665644c000b617574686f72697469657371007e00044c000a657874656e73696f6e7374000f4c6a6176612f7574696c2f4d61703b4c000b726564697265637455726971007e000f4c00077265667265736874003b4c6f72672f737072696e676672616d65776f726b2f73656375726974792f6f61757468322f70726f76696465722f546f6b656e526571756573743b4c000b7265736f7572636549647374000f4c6a6176612f7574696c2f5365743b4c000d726573706f6e7365547970657371007e0018787200386f72672e737072696e676672616d65776f726b2e73656375726974792e6f61757468322e70726f76696465722e426173655265717565737436287a3ea37169bd0200034c0008636c69656e74496471007e000f4c001172657175657374506172616d657465727371007e00164c000573636f706571007e00187870740028737072696e672d73656375726974792d6f61757468322d726561642d77726974652d636c69656e74737200256a6176612e7574696c2e436f6c6c656374696f6e7324556e6d6f6469666961626c654d6170f1a5a8fe74f507420200014c00016d71007e00167870737200116a6176612e7574696c2e486173684d61700507dac1c31660d103000246000a6c6f6164466163746f724900097468726573686f6c6478703f400000000000037708000000040000000274000a6772616e745f7479706574000870617373776f7264740008757365726e616d657400176c616b756e2e7465737465726c40676d61696c2e636f6d78737200256a6176612e7574696c2e436f6c6c656374696f6e7324556e6d6f6469666961626c65536574801d92d18f9b80550200007871007e0009737200176a6176612e7574696c2e4c696e6b656448617368536574d86cd75a95dd2a1e020000787200116a6176612e7574696c2e48617368536574ba44859596b8b7340300007870770c000000103f4000000000000274000472656164740005777269746578017371007e0027770c000000103f40000000000001737200426f72672e737072696e676672616d65776f726b2e73656375726974792e636f72652e617574686f726974792e53696d706c654772616e746564417574686f7269747900000000000001fe0200014c0004726f6c6571007e000f787074000455534552787371007e001e3f40000000000000770800000010000000007870707371007e0027770c000000103f400000000000017400187265736f757263652d7365727665722d726573742d617069787371007e0027770c000000103f40000000000000787372004f6f72672e737072696e676672616d65776f726b2e73656375726974792e61757468656e7469636174696f6e2e557365726e616d6550617373776f726441757468656e7469636174696f6e546f6b656e00000000000001fe0200024c000b63726564656e7469616c7371007e00054c00097072696e636970616c71007e00057871007e0003017371007e00077371007e000b0000000177040000000171007e00107871007e0036737200176a6176612e7574696c2e4c696e6b6564486173684d617034c04e5c106cc0fb0200015a000b6163636573734f726465727871007e001e3f400000000000067708000000080000000271007e002071007e002171007e002271007e002378007073720032636f6d2e6a617469732e74656d706c6174652e636f6d6d6f6e2e646f6d61696e2e436f6d6d6f6e5573657244657461696c7300000000000000010200155a000e6163636f756e74457870697265645a000d6163636f756e744c6f636b65645a001263726564656e7469616c73457870697265645a000c64656c6574655374617475735a0007656e61626c65644c000b617574686f72697469657371007e00044c00066272616e636871007e000f4c000963726561746564427971007e000e4c000b6372656174656454696d657400104c6a6176612f7574696c2f446174653b4c000a6469766973696f6e496471007e000e4c000b656d61696c53746174757371007e000f4c000866756c6c4e616d6571007e000f4c00156c61737450617373776f726452657365744461746571007e003a4c000870617373776f726471007e000f4c000673656372657471007e000f4c000975706461746564427971007e000e4c000b7570646174656454696d6571007e003a4c000675736572496471007e000e4c0007757365724e696b71007e000f4c0006757365724e6f71007e000f4c0008757365726e616d6571007e000f787000000000017371007e000b0000000177040000000171007e001078707371007e0011a3651494d3cdd8ef02c1c5e01a284d20737200126a6176612e73716c2e54696d657374616d702618d5c80153bf650200014900056e616e6f737872000e6a6176612e7574696c2e44617465686a81014b597419030000787077080000016c994c5bb078204e43807371007e0011be139f8ede8fc8df6b88c4798dd1499b74000e456d61696c5f566572696669656474000b416b756e205465737465727074003c243261243130244b7436364879434872346d2f36736243356b3335312e5150567466486f2e585a616738375a6c75326b4e46386d75385479774c426d707371007e0011aa73620a4848ce3ac2899ff19373456c7371007e003e77080000016cf0ca5680782e5f56807371007e001189a874dfa3f26b80d3dfd89469004a98707400065573657234397400176c616b756e2e7465737465726c40676d61696c2e636f6d	279b52c4600e1f0ca8569b98286d1569
5a50d87d767277ecb3410c3c3d6cd291	\\xaced0005737200436f72672e737072696e676672616d65776f726b2e73656375726974792e6f61757468322e636f6d6d6f6e2e44656661756c744f4175746832416363657373546f6b656e0cb29e361b24face0200064c00156164646974696f6e616c496e666f726d6174696f6e74000f4c6a6176612f7574696c2f4d61703b4c000a65787069726174696f6e7400104c6a6176612f7574696c2f446174653b4c000c72656672657368546f6b656e74003f4c6f72672f737072696e676672616d65776f726b2f73656375726974792f6f61757468322f636f6d6d6f6e2f4f417574683252656672657368546f6b656e3b4c000573636f706574000f4c6a6176612f7574696c2f5365743b4c0009746f6b656e547970657400124c6a6176612f6c616e672f537472696e673b4c000576616c756571007e00057870737200176a6176612e7574696c2e4c696e6b6564486173684d617034c04e5c106cc0fb0200015a000b6163636573734f72646572787200116a6176612e7574696c2e486173684d61700507dac1c31660d103000246000a6c6f6164466163746f724900097468726573686f6c6478703f4000000000000177080000000200000001740008757365726e616d6574001661756c69612e7261686d616e406a617469732e636f6d78007372000e6a6176612e7574696c2e44617465686a81014b597419030000787077080000016e1e78a9a4787372004c6f72672e737072696e676672616d65776f726b2e73656375726974792e6f61757468322e636f6d6d6f6e2e44656661756c744578706972696e674f417574683252656672657368546f6b656e2fdf47639dd0c9b70200014c000a65787069726174696f6e71007e0002787200446f72672e737072696e676672616d65776f726b2e73656375726974792e6f61757468322e636f6d6d6f6e2e44656661756c744f417574683252656672657368546f6b656e73e10e0a6354d45e0200014c000576616c756571007e0005787074002436353565626666652d323630652d346337612d396235372d6661646333656466353630627371007e000c77080000016e7779a3cc78737200256a6176612e7574696c2e436f6c6c656374696f6e7324556e6d6f6469666961626c65536574801d92d18f9b80550200007872002c6a6176612e7574696c2e436f6c6c656374696f6e7324556e6d6f6469666961626c65436f6c6c656374696f6e19420080cb5ef71e0200014c0001637400164c6a6176612f7574696c2f436f6c6c656374696f6e3b7870737200176a6176612e7574696c2e4c696e6b656448617368536574d86cd75a95dd2a1e020000787200116a6176612e7574696c2e48617368536574ba44859596b8b7340300007870770c000000103f400000000000027400047265616474000577726974657874000662656172657274002464643763373265302d643465302d343131322d616638612d303531663066393738363336	7b73b19128091cd16e679eb2855a9e53	aulia.rahman@jatis.com	spring-security-oauth2-read-write-client	\\xaced0005737200416f72672e737072696e676672616d65776f726b2e73656375726974792e6f61757468322e70726f76696465722e4f417574683241757468656e7469636174696f6ebd400b02166252130200024c000d73746f7265645265717565737474003c4c6f72672f737072696e676672616d65776f726b2f73656375726974792f6f61757468322f70726f76696465722f4f4175746832526571756573743b4c00127573657241757468656e7469636174696f6e7400324c6f72672f737072696e676672616d65776f726b2f73656375726974792f636f72652f41757468656e7469636174696f6e3b787200476f72672e737072696e676672616d65776f726b2e73656375726974792e61757468656e7469636174696f6e2e416273747261637441757468656e7469636174696f6e546f6b656ed3aa287e6e47640e0200035a000d61757468656e746963617465644c000b617574686f7269746965737400164c6a6176612f7574696c2f436f6c6c656374696f6e3b4c000764657461696c737400124c6a6176612f6c616e672f4f626a6563743b787000737200266a6176612e7574696c2e436f6c6c656374696f6e7324556e6d6f6469666961626c654c697374fc0f2531b5ec8e100200014c00046c6973747400104c6a6176612f7574696c2f4c6973743b7872002c6a6176612e7574696c2e436f6c6c656374696f6e7324556e6d6f6469666961626c65436f6c6c656374696f6e19420080cb5ef71e0200014c00016371007e00047870737200136a6176612e7574696c2e41727261794c6973747881d21d99c7619d03000149000473697a657870000000017704000000017372002b636f6d2e6a617469732e74656d706c6174652e636f6d6d6f6e2e646f6d61696e2e436f6d6d6f6e526f6c654be6a9a5b480d9a80200034c0006726f6c6549647400104c6a6176612f7574696c2f555549443b4c0008726f6c654e616d657400124c6a6176612f6c616e672f537472696e673b4c0006726f6c654e6f71007e000f78707372000e6a6176612e7574696c2e55554944bc9903f7986d852f0200024a000c6c65617374536967426974734a000b6d6f73745369674269747378708b4775eaefe6769fbbf132b258404f2574000a41756c69612054657374740006526f6c6534357871007e000c707372003a6f72672e737072696e676672616d65776f726b2e73656375726974792e6f61757468322e70726f76696465722e4f41757468325265717565737400000000000000010200075a0008617070726f7665644c000b617574686f72697469657371007e00044c000a657874656e73696f6e7374000f4c6a6176612f7574696c2f4d61703b4c000b726564697265637455726971007e000f4c00077265667265736874003b4c6f72672f737072696e676672616d65776f726b2f73656375726974792f6f61757468322f70726f76696465722f546f6b656e526571756573743b4c000b7265736f7572636549647374000f4c6a6176612f7574696c2f5365743b4c000d726573706f6e7365547970657371007e0018787200386f72672e737072696e676672616d65776f726b2e73656375726974792e6f61757468322e70726f76696465722e426173655265717565737436287a3ea37169bd0200034c0008636c69656e74496471007e000f4c001172657175657374506172616d657465727371007e00164c000573636f706571007e00187870740028737072696e672d73656375726974792d6f61757468322d726561642d77726974652d636c69656e74737200256a6176612e7574696c2e436f6c6c656374696f6e7324556e6d6f6469666961626c654d6170f1a5a8fe74f507420200014c00016d71007e00167870737200116a6176612e7574696c2e486173684d61700507dac1c31660d103000246000a6c6f6164466163746f724900097468726573686f6c6478703f400000000000037708000000040000000274000a6772616e745f7479706574000870617373776f7264740008757365726e616d6574001661756c69612e7261686d616e406a617469732e636f6d78737200256a6176612e7574696c2e436f6c6c656374696f6e7324556e6d6f6469666961626c65536574801d92d18f9b80550200007871007e0009737200176a6176612e7574696c2e4c696e6b656448617368536574d86cd75a95dd2a1e020000787200116a6176612e7574696c2e48617368536574ba44859596b8b7340300007870770c000000103f4000000000000274000472656164740005777269746578017371007e0027770c000000103f40000000000001737200426f72672e737072696e676672616d65776f726b2e73656375726974792e636f72652e617574686f726974792e53696d706c654772616e746564417574686f7269747900000000000001fe0200014c0004726f6c6571007e000f787074000455534552787371007e001e3f40000000000000770800000010000000007870707371007e0027770c000000103f400000000000017400187265736f757263652d7365727665722d726573742d617069787371007e0027770c000000103f40000000000000787372004f6f72672e737072696e676672616d65776f726b2e73656375726974792e61757468656e7469636174696f6e2e557365726e616d6550617373776f726441757468656e7469636174696f6e546f6b656e00000000000001fe0200024c000b63726564656e7469616c7371007e00054c00097072696e636970616c71007e00057871007e0003017371007e00077371007e000b0000000177040000000171007e00107871007e0036737200176a6176612e7574696c2e4c696e6b6564486173684d617034c04e5c106cc0fb0200015a000b6163636573734f726465727871007e001e3f400000000000067708000000080000000271007e002071007e002171007e002271007e002378007073720032636f6d2e6a617469732e74656d706c6174652e636f6d6d6f6e2e646f6d61696e2e436f6d6d6f6e5573657244657461696c7300000000000000010200155a000e6163636f756e74457870697265645a000d6163636f756e744c6f636b65645a001263726564656e7469616c73457870697265645a000c64656c6574655374617475735a0007656e61626c65644c000b617574686f72697469657371007e00044c00066272616e636871007e000f4c000963726561746564427971007e000e4c000b6372656174656454696d657400104c6a6176612f7574696c2f446174653b4c000a6469766973696f6e496471007e000e4c000b656d61696c53746174757371007e000f4c000866756c6c4e616d6571007e000f4c00156c61737450617373776f726452657365744461746571007e003a4c000870617373776f726471007e000f4c000673656372657471007e000f4c000975706461746564427971007e000e4c000b7570646174656454696d6571007e003a4c000675736572496471007e000e4c0007757365724e696b71007e000f4c0006757365724e6f71007e000f4c0008757365726e616d6571007e000f787000000000017371007e000b0000000177040000000171007e001078707371007e0011a3651494d3cdd8ef02c1c5e01a284d20737200126a6176612e73716c2e54696d657374616d702618d5c80153bf650200014900056e616e6f737872000e6a6176612e7574696c2e44617465686a81014b597419030000787077080000016c937adb307831c516c07371007e0011be139f8ede8fc8df6b88c4798dd1499b74000e456d61696c5f566572696669656474000c41756c6961205261686d616e7074003c243261243130244e6e5071444b64686135696c3267484a6c42486f37656a594d374c5157706239676b794662774e4878524c5053495248325855434770707371007e003e77080000016d237e2a7078322fe6807371007e0011aa73620a4848ce3ac2899ff19373456c7074000655736572343074001661756c69612e7261686d616e406a617469732e636f6d	fad26ad61bd52b3a4365900d6f96d374
0c9d283f6d5f85fbfcf34e0fd7658fc0	\\xaced0005737200436f72672e737072696e676672616d65776f726b2e73656375726974792e6f61757468322e636f6d6d6f6e2e44656661756c744f4175746832416363657373546f6b656e0cb29e361b24face0200064c00156164646974696f6e616c496e666f726d6174696f6e74000f4c6a6176612f7574696c2f4d61703b4c000a65787069726174696f6e7400104c6a6176612f7574696c2f446174653b4c000c72656672657368546f6b656e74003f4c6f72672f737072696e676672616d65776f726b2f73656375726974792f6f61757468322f636f6d6d6f6e2f4f417574683252656672657368546f6b656e3b4c000573636f706574000f4c6a6176612f7574696c2f5365743b4c0009746f6b656e547970657400124c6a6176612f6c616e672f537472696e673b4c000576616c756571007e00057870737200176a6176612e7574696c2e4c696e6b6564486173684d617034c04e5c106cc0fb0200015a000b6163636573734f72646572787200116a6176612e7574696c2e486173684d61700507dac1c31660d103000246000a6c6f6164466163746f724900097468726573686f6c6478703f4000000000000177080000000200000001740008757365726e616d65740015616e6767756e406d61696c696e61746f722e636f6d78007372000e6a6176612e7574696c2e44617465686a81014b597419030000787077080000016d6946ec25787372004c6f72672e737072696e676672616d65776f726b2e73656375726974792e6f61757468322e636f6d6d6f6e2e44656661756c744578706972696e674f417574683252656672657368546f6b656e2fdf47639dd0c9b70200014c000a65787069726174696f6e71007e0002787200446f72672e737072696e676672616d65776f726b2e73656375726974792e6f61757468322e636f6d6d6f6e2e44656661756c744f417574683252656672657368546f6b656e73e10e0a6354d45e0200014c000576616c756571007e0005787074002439653238616530652d353638352d346435372d626164652d3061316562613234323235387371007e000c77080000016e01a0632578737200256a6176612e7574696c2e436f6c6c656374696f6e7324556e6d6f6469666961626c65536574801d92d18f9b80550200007872002c6a6176612e7574696c2e436f6c6c656374696f6e7324556e6d6f6469666961626c65436f6c6c656374696f6e19420080cb5ef71e0200014c0001637400164c6a6176612f7574696c2f436f6c6c656374696f6e3b7870737200176a6176612e7574696c2e4c696e6b656448617368536574d86cd75a95dd2a1e020000787200116a6176612e7574696c2e48617368536574ba44859596b8b7340300007870770c000000103f400000000000027400047265616474000577726974657874000662656172657274002437643561303339302d316166342d343630372d386562372d653837353833383832663633	d7b1ac5f5ebebe6d56166dad26cccba8	anggun@mailinator.com	spring-security-oauth2-read-write-client	\\xaced0005737200416f72672e737072696e676672616d65776f726b2e73656375726974792e6f61757468322e70726f76696465722e4f417574683241757468656e7469636174696f6ebd400b02166252130200024c000d73746f7265645265717565737474003c4c6f72672f737072696e676672616d65776f726b2f73656375726974792f6f61757468322f70726f76696465722f4f4175746832526571756573743b4c00127573657241757468656e7469636174696f6e7400324c6f72672f737072696e676672616d65776f726b2f73656375726974792f636f72652f41757468656e7469636174696f6e3b787200476f72672e737072696e676672616d65776f726b2e73656375726974792e61757468656e7469636174696f6e2e416273747261637441757468656e7469636174696f6e546f6b656ed3aa287e6e47640e0200035a000d61757468656e746963617465644c000b617574686f7269746965737400164c6a6176612f7574696c2f436f6c6c656374696f6e3b4c000764657461696c737400124c6a6176612f6c616e672f4f626a6563743b787000737200266a6176612e7574696c2e436f6c6c656374696f6e7324556e6d6f6469666961626c654c697374fc0f2531b5ec8e100200014c00046c6973747400104c6a6176612f7574696c2f4c6973743b7872002c6a6176612e7574696c2e436f6c6c656374696f6e7324556e6d6f6469666961626c65436f6c6c656374696f6e19420080cb5ef71e0200014c00016371007e00047870737200136a6176612e7574696c2e41727261794c6973747881d21d99c7619d03000149000473697a657870000000017704000000017372002b636f6d2e6a617469732e74656d706c6174652e636f6d6d6f6e2e646f6d61696e2e436f6d6d6f6e526f6c654be6a9a5b480d9a80200034c0006726f6c6549647400104c6a6176612f7574696c2f555549443b4c0008726f6c654e616d657400124c6a6176612f6c616e672f537472696e673b4c0006726f6c654e6f71007e000f78707372000e6a6176612e7574696c2e55554944bc9903f7986d852f0200024a000c6c65617374536967426974734a000b6d6f7374536967426974737870830ea0cbb6d70e583396c01eaec545e974000541646d696e740006526f6c6530327871007e000c707372003a6f72672e737072696e676672616d65776f726b2e73656375726974792e6f61757468322e70726f76696465722e4f41757468325265717565737400000000000000010200075a0008617070726f7665644c000b617574686f72697469657371007e00044c000a657874656e73696f6e7374000f4c6a6176612f7574696c2f4d61703b4c000b726564697265637455726971007e000f4c00077265667265736874003b4c6f72672f737072696e676672616d65776f726b2f73656375726974792f6f61757468322f70726f76696465722f546f6b656e526571756573743b4c000b7265736f7572636549647374000f4c6a6176612f7574696c2f5365743b4c000d726573706f6e7365547970657371007e0018787200386f72672e737072696e676672616d65776f726b2e73656375726974792e6f61757468322e70726f76696465722e426173655265717565737436287a3ea37169bd0200034c0008636c69656e74496471007e000f4c001172657175657374506172616d657465727371007e00164c000573636f706571007e00187870740028737072696e672d73656375726974792d6f61757468322d726561642d77726974652d636c69656e74737200256a6176612e7574696c2e436f6c6c656374696f6e7324556e6d6f6469666961626c654d6170f1a5a8fe74f507420200014c00016d71007e00167870737200116a6176612e7574696c2e486173684d61700507dac1c31660d103000246000a6c6f6164466163746f724900097468726573686f6c6478703f400000000000037708000000040000000274000a6772616e745f7479706574000870617373776f7264740008757365726e616d65740015616e6767756e406d61696c696e61746f722e636f6d78737200256a6176612e7574696c2e436f6c6c656374696f6e7324556e6d6f6469666961626c65536574801d92d18f9b80550200007871007e0009737200176a6176612e7574696c2e4c696e6b656448617368536574d86cd75a95dd2a1e020000787200116a6176612e7574696c2e48617368536574ba44859596b8b7340300007870770c000000103f4000000000000274000472656164740005777269746578017371007e0027770c000000103f40000000000001737200426f72672e737072696e676672616d65776f726b2e73656375726974792e636f72652e617574686f726974792e53696d706c654772616e746564417574686f7269747900000000000001fe0200014c0004726f6c6571007e000f787074000455534552787371007e001e3f40000000000000770800000010000000007870707371007e0027770c000000103f400000000000017400187265736f757263652d7365727665722d726573742d617069787371007e0027770c000000103f40000000000000787372004f6f72672e737072696e676672616d65776f726b2e73656375726974792e61757468656e7469636174696f6e2e557365726e616d6550617373776f726441757468656e7469636174696f6e546f6b656e00000000000001fe0200024c000b63726564656e7469616c7371007e00054c00097072696e636970616c71007e00057871007e0003017371007e00077371007e000b0000000177040000000171007e00107871007e0036737200176a6176612e7574696c2e4c696e6b6564486173684d617034c04e5c106cc0fb0200015a000b6163636573734f726465727871007e001e3f400000000000067708000000080000000271007e002071007e002171007e002271007e002378007073720032636f6d2e6a617469732e74656d706c6174652e636f6d6d6f6e2e646f6d61696e2e436f6d6d6f6e5573657244657461696c7300000000000000010200155a000e6163636f756e74457870697265645a000d6163636f756e744c6f636b65645a001263726564656e7469616c73457870697265645a000c64656c6574655374617475735a0007656e61626c65644c000b617574686f72697469657371007e00044c00066272616e636871007e000f4c000963726561746564427971007e000e4c000b6372656174656454696d657400104c6a6176612f7574696c2f446174653b4c000a6469766973696f6e496471007e000e4c000b656d61696c53746174757371007e000f4c000866756c6c4e616d6571007e000f4c00156c61737450617373776f726452657365744461746571007e003a4c000870617373776f726471007e000f4c000673656372657471007e000f4c000975706461746564427971007e000e4c000b7570646174656454696d6571007e003a4c000675736572496471007e000e4c0007757365724e696b71007e000f4c0006757365724e6f71007e000f4c0008757365726e616d6571007e000f787000000000017371007e000b0000000177040000000171007e0010787070737200126a6176612e73716c2e54696d657374616d702618d5c80153bf650200014900056e616e6f737872000e6a6176612e7574696c2e44617465686a81014b597419030000787077080000016d67202d287814be0f007371007e00119316929b361fa78862f87ee5ade5425a74000e456d61696c5f5665726966696564740007616e6767756e317074003c24326124313024666b4d6e525149384758426a5a5563704a6a3659502e353661486d713273774733774436747376376351456f756a6f39494453585770707371007e003d77080000016d67212b107807b062407371007e0011a52711a027c0f91d2b059dad3f6a4a3f7074000755736572313030740015616e6767756e406d61696c696e61746f722e636f6d	361f79765d105a620c424e5bdbd804dc
\.


--
-- TOC entry 3182 (class 0 OID 3169863)
-- Dependencies: 186
-- Data for Name: oauth_client_details; Type: TABLE DATA; Schema: public; Owner: template
--

COPY public.oauth_client_details (client_id, resource_ids, client_secret, scope, authorized_grant_types, web_server_redirect_uri, authorities, access_token_validity, refresh_token_validity, additional_information, autoapprove) FROM stdin;
spring-security-oauth2-read-client	resource-server-rest-api	$2a$04$WGq2P9egiOYoOFemBRfsiO9qTcyJtNRnPKNBl5tokP7IP.eZn93km	read	password,authorization_code,refresh_token,implicit	\N	USER	36000	2592000	\N	\N
spring-security-oauth2-read-write-client	resource-server-rest-api	$2a$04$soeOR.QFmClXeFIrhJVLWOQxfHjsJLSpWrU1iGxcMGdu.a5hvfY4W	read,write	password,authorization_code,refresh_token,implicit	\N	USER	36000	2592000	\N	\N
\.


--
-- TOC entry 3183 (class 0 OID 3169869)
-- Dependencies: 187
-- Data for Name: oauth_refresh_token; Type: TABLE DATA; Schema: public; Owner: template
--

COPY public.oauth_refresh_token (token_id, token, authentication) FROM stdin;
89f6f3b864f19353e6d4f07046200518	\\xaced00057372004c6f72672e737072696e676672616d65776f726b2e73656375726974792e6f61757468322e636f6d6d6f6e2e44656661756c744578706972696e674f417574683252656672657368546f6b656e2fdf47639dd0c9b70200014c000a65787069726174696f6e7400104c6a6176612f7574696c2f446174653b787200446f72672e737072696e676672616d65776f726b2e73656375726974792e6f61757468322e636f6d6d6f6e2e44656661756c744f417574683252656672657368546f6b656e73e10e0a6354d45e0200014c000576616c75657400124c6a6176612f6c616e672f537472696e673b787074002462663364353933652d356661302d346634362d626636322d3966346631313965376336377372000e6a6176612e7574696c2e44617465686a81014b597419030000787077080000016dd343208e78	\\xaced0005737200416f72672e737072696e676672616d65776f726b2e73656375726974792e6f61757468322e70726f76696465722e4f417574683241757468656e7469636174696f6ebd400b02166252130200024c000d73746f7265645265717565737474003c4c6f72672f737072696e676672616d65776f726b2f73656375726974792f6f61757468322f70726f76696465722f4f4175746832526571756573743b4c00127573657241757468656e7469636174696f6e7400324c6f72672f737072696e676672616d65776f726b2f73656375726974792f636f72652f41757468656e7469636174696f6e3b787200476f72672e737072696e676672616d65776f726b2e73656375726974792e61757468656e7469636174696f6e2e416273747261637441757468656e7469636174696f6e546f6b656ed3aa287e6e47640e0200035a000d61757468656e746963617465644c000b617574686f7269746965737400164c6a6176612f7574696c2f436f6c6c656374696f6e3b4c000764657461696c737400124c6a6176612f6c616e672f4f626a6563743b787000737200266a6176612e7574696c2e436f6c6c656374696f6e7324556e6d6f6469666961626c654c697374fc0f2531b5ec8e100200014c00046c6973747400104c6a6176612f7574696c2f4c6973743b7872002c6a6176612e7574696c2e436f6c6c656374696f6e7324556e6d6f6469666961626c65436f6c6c656374696f6e19420080cb5ef71e0200014c00016371007e00047870737200136a6176612e7574696c2e41727261794c6973747881d21d99c7619d03000149000473697a657870000000017704000000017372002c636f6d2e6a617469732e74656d706c6174652e757365726d616e6167656d656e742e6d6f64656c2e526f6c654be6a9a5b480d9a80200095a000c64656c6574655374617475734c000c6163746976655374617475737400134c6a6176612f6c616e672f426f6f6c65616e3b4c00096372656174656442797400104c6a6176612f7574696c2f555549443b4c000b6372656174656454696d657400104c6a6176612f7574696c2f446174653b4c0006726f6c65496471007e000f4c0008726f6c654e616d657400124c6a6176612f6c616e672f537472696e673b4c0006726f6c654e6f71007e00114c000975706461746564427971007e000f4c000b7570646174656454696d6571007e00107870007070707372000e6a6176612e7574696c2e55554944bc9903f7986d852f0200024a000c6c65617374536967426974734a000b6d6f7374536967426974737870b50b61b3ab078ce2febcc8a1d52d454174000b53757065722041646d696e740006526f6c65303170707871007e000c707372003a6f72672e737072696e676672616d65776f726b2e73656375726974792e6f61757468322e70726f76696465722e4f41757468325265717565737400000000000000010200075a0008617070726f7665644c000b617574686f72697469657371007e00044c000a657874656e73696f6e7374000f4c6a6176612f7574696c2f4d61703b4c000b726564697265637455726971007e00114c00077265667265736874003b4c6f72672f737072696e676672616d65776f726b2f73656375726974792f6f61757468322f70726f76696465722f546f6b656e526571756573743b4c000b7265736f7572636549647374000f4c6a6176612f7574696c2f5365743b4c000d726573706f6e7365547970657371007e001a787200386f72672e737072696e676672616d65776f726b2e73656375726974792e6f61757468322e70726f76696465722e426173655265717565737436287a3ea37169bd0200034c0008636c69656e74496471007e00114c001172657175657374506172616d657465727371007e00184c000573636f706571007e001a7870740028737072696e672d73656375726974792d6f61757468322d726561642d77726974652d636c69656e74737200256a6176612e7574696c2e436f6c6c656374696f6e7324556e6d6f6469666961626c654d6170f1a5a8fe74f507420200014c00016d71007e00187870737200116a6176612e7574696c2e486173684d61700507dac1c31660d103000246000a6c6f6164466163746f724900097468726573686f6c6478703f400000000000037708000000040000000274000a6772616e745f7479706574000870617373776f7264740008757365726e616d657400176c616b756e2e7465737465726c40676d61696c2e636f6d78737200256a6176612e7574696c2e436f6c6c656374696f6e7324556e6d6f6469666961626c65536574801d92d18f9b80550200007871007e0009737200176a6176612e7574696c2e4c696e6b656448617368536574d86cd75a95dd2a1e020000787200116a6176612e7574696c2e48617368536574ba44859596b8b7340300007870770c000000103f4000000000000274000472656164740005777269746578017371007e0029770c000000103f40000000000001737200426f72672e737072696e676672616d65776f726b2e73656375726974792e636f72652e617574686f726974792e53696d706c654772616e746564417574686f7269747900000000000001fe0200014c0004726f6c6571007e0011787074000455534552787371007e00203f40000000000000770800000010000000007870707371007e0029770c000000103f400000000000017400187265736f757263652d7365727665722d726573742d617069787371007e0029770c000000103f40000000000000787372004f6f72672e737072696e676672616d65776f726b2e73656375726974792e61757468656e7469636174696f6e2e557365726e616d6550617373776f726441757468656e7469636174696f6e546f6b656e00000000000001fe0200024c000b63726564656e7469616c7371007e00054c00097072696e636970616c71007e00057871007e0003017371007e00077371007e000b0000000177040000000171007e00127871007e0038737200176a6176612e7574696c2e4c696e6b6564486173684d617034c04e5c106cc0fb0200015a000b6163636573734f726465727871007e00203f400000000000067708000000080000000271007e002271007e002371007e002471007e00257800707372002c636f6d2e6a617469732e74656d706c6174652e757365726d616e6167656d656e742e6d6f64656c2e55736572006c1af87af6053f0200175a000e6163636f756e74457870697265645a000d6163636f756e744c6f636b65645a001263726564656e7469616c73457870697265645a000c64656c6574655374617475735a0007656e61626c65644c000b617574686f72697469657371007e00044c00066272616e636871007e00114c000963726561746564427971007e000f4c000b6372656174656454696d6571007e00104c000a6469766973696f6e496471007e000f4c000b656d61696c53746174757371007e00114c000866636d546f6b656e71007e00114c000866756c6c4e616d6571007e00114c00156c61737450617373776f726452657365744461746571007e00104c00036f747071007e00114c000870617373776f726471007e00114c000673656372657471007e00114c000975706461746564427971007e000f4c000b7570646174656454696d6571007e00104c000675736572496471007e000f4c0007757365724e696b71007e00114c0006757365724e6f71007e00114c0008757365726e616d6571007e0011787000000000017371007e000b0000000177040000000171007e001278707371007e0013a3651494d3cdd8ef02c1c5e01a284d20737200126a6176612e73716c2e54696d657374616d702618d5c80153bf650200014900056e616e6f737872000e6a6176612e7574696c2e44617465686a81014b597419030000787077080000016c994c5bb078204e43807371007e0013be139f8ede8fc8df6b88c4798dd1499b74000e456d61696c5f56657269666965647074000b416b756e20546573746572707074003c243261243130244b7436364879434872346d2f36736243356b3335312e5150567466486f2e585a616738375a6c75326b4e46386d75385479774c426d707371007e0013aa73620a4848ce3ac2899ff19373456c7371007e003f77080000016cf0ca5680782e5f56807371007e001389a874dfa3f26b80d3dfd89469004a98707400065573657234397400176c616b756e2e7465737465726c40676d61696c2e636f6d
4d081dcd96db9beaacfffcc370afdb0f	\\xaced00057372004c6f72672e737072696e676672616d65776f726b2e73656375726974792e6f61757468322e636f6d6d6f6e2e44656661756c744578706972696e674f417574683252656672657368546f6b656e2fdf47639dd0c9b70200014c000a65787069726174696f6e7400104c6a6176612f7574696c2f446174653b787200446f72672e737072696e676672616d65776f726b2e73656375726974792e6f61757468322e636f6d6d6f6e2e44656661756c744f417574683252656672657368546f6b656e73e10e0a6354d45e0200014c000576616c75657400124c6a6176612f6c616e672f537472696e673b787074002463333966363036332d653539642d343762372d623032342d6264616232633662316538667372000e6a6176612e7574696c2e44617465686a81014b597419030000787077080000016dd34c7c7778	\\xaced0005737200416f72672e737072696e676672616d65776f726b2e73656375726974792e6f61757468322e70726f76696465722e4f417574683241757468656e7469636174696f6ebd400b02166252130200024c000d73746f7265645265717565737474003c4c6f72672f737072696e676672616d65776f726b2f73656375726974792f6f61757468322f70726f76696465722f4f4175746832526571756573743b4c00127573657241757468656e7469636174696f6e7400324c6f72672f737072696e676672616d65776f726b2f73656375726974792f636f72652f41757468656e7469636174696f6e3b787200476f72672e737072696e676672616d65776f726b2e73656375726974792e61757468656e7469636174696f6e2e416273747261637441757468656e7469636174696f6e546f6b656ed3aa287e6e47640e0200035a000d61757468656e746963617465644c000b617574686f7269746965737400164c6a6176612f7574696c2f436f6c6c656374696f6e3b4c000764657461696c737400124c6a6176612f6c616e672f4f626a6563743b787000737200266a6176612e7574696c2e436f6c6c656374696f6e7324556e6d6f6469666961626c654c697374fc0f2531b5ec8e100200014c00046c6973747400104c6a6176612f7574696c2f4c6973743b7872002c6a6176612e7574696c2e436f6c6c656374696f6e7324556e6d6f6469666961626c65436f6c6c656374696f6e19420080cb5ef71e0200014c00016371007e00047870737200136a6176612e7574696c2e41727261794c6973747881d21d99c7619d03000149000473697a657870000000017704000000017372002c636f6d2e6a617469732e74656d706c6174652e757365726d616e6167656d656e742e6d6f64656c2e526f6c654be6a9a5b480d9a80200095a000c64656c6574655374617475734c000c6163746976655374617475737400134c6a6176612f6c616e672f426f6f6c65616e3b4c00096372656174656442797400104c6a6176612f7574696c2f555549443b4c000b6372656174656454696d657400104c6a6176612f7574696c2f446174653b4c0006726f6c65496471007e000f4c0008726f6c654e616d657400124c6a6176612f6c616e672f537472696e673b4c0006726f6c654e6f71007e00114c000975706461746564427971007e000f4c000b7570646174656454696d6571007e00107870007070707372000e6a6176612e7574696c2e55554944bc9903f7986d852f0200024a000c6c65617374536967426974734a000b6d6f7374536967426974737870b50b61b3ab078ce2febcc8a1d52d454174000b53757065722041646d696e740006526f6c65303170707871007e000c707372003a6f72672e737072696e676672616d65776f726b2e73656375726974792e6f61757468322e70726f76696465722e4f41757468325265717565737400000000000000010200075a0008617070726f7665644c000b617574686f72697469657371007e00044c000a657874656e73696f6e7374000f4c6a6176612f7574696c2f4d61703b4c000b726564697265637455726971007e00114c00077265667265736874003b4c6f72672f737072696e676672616d65776f726b2f73656375726974792f6f61757468322f70726f76696465722f546f6b656e526571756573743b4c000b7265736f7572636549647374000f4c6a6176612f7574696c2f5365743b4c000d726573706f6e7365547970657371007e001a787200386f72672e737072696e676672616d65776f726b2e73656375726974792e6f61757468322e70726f76696465722e426173655265717565737436287a3ea37169bd0200034c0008636c69656e74496471007e00114c001172657175657374506172616d657465727371007e00184c000573636f706571007e001a7870740028737072696e672d73656375726974792d6f61757468322d726561642d77726974652d636c69656e74737200256a6176612e7574696c2e436f6c6c656374696f6e7324556e6d6f6469666961626c654d6170f1a5a8fe74f507420200014c00016d71007e00187870737200116a6176612e7574696c2e486173684d61700507dac1c31660d103000246000a6c6f6164466163746f724900097468726573686f6c6478703f400000000000067708000000080000000374000a6772616e745f7479706574000870617373776f7264740009636c69656e745f6964740028737072696e672d73656375726974792d6f61757468322d726561642d77726974652d636c69656e74740008757365726e616d657400176c616b756e2e7465737465726c40676d61696c2e636f6d78737200256a6176612e7574696c2e436f6c6c656374696f6e7324556e6d6f6469666961626c65536574801d92d18f9b80550200007871007e0009737200176a6176612e7574696c2e4c696e6b656448617368536574d86cd75a95dd2a1e020000787200116a6176612e7574696c2e48617368536574ba44859596b8b7340300007870770c000000103f4000000000000274000472656164740005777269746578017371007e002b770c000000103f40000000000001737200426f72672e737072696e676672616d65776f726b2e73656375726974792e636f72652e617574686f726974792e53696d706c654772616e746564417574686f7269747900000000000001fe0200014c0004726f6c6571007e0011787074000455534552787371007e00203f40000000000000770800000010000000007870707371007e002b770c000000103f400000000000017400187265736f757263652d7365727665722d726573742d617069787371007e002b770c000000103f40000000000000787372004f6f72672e737072696e676672616d65776f726b2e73656375726974792e61757468656e7469636174696f6e2e557365726e616d6550617373776f726441757468656e7469636174696f6e546f6b656e00000000000001fe0200024c000b63726564656e7469616c7371007e00054c00097072696e636970616c71007e00057871007e0003017371007e00077371007e000b0000000177040000000171007e00127871007e003a737200176a6176612e7574696c2e4c696e6b6564486173684d617034c04e5c106cc0fb0200015a000b6163636573734f726465727871007e00203f400000000000067708000000080000000371007e002271007e002371007e002471007e002571007e002671007e00277800707372002c636f6d2e6a617469732e74656d706c6174652e757365726d616e6167656d656e742e6d6f64656c2e55736572006c1af87af6053f0200175a000e6163636f756e74457870697265645a000d6163636f756e744c6f636b65645a001263726564656e7469616c73457870697265645a000c64656c6574655374617475735a0007656e61626c65644c000b617574686f72697469657371007e00044c00066272616e636871007e00114c000963726561746564427971007e000f4c000b6372656174656454696d6571007e00104c000a6469766973696f6e496471007e000f4c000b656d61696c53746174757371007e00114c000866636d546f6b656e71007e00114c000866756c6c4e616d6571007e00114c00156c61737450617373776f726452657365744461746571007e00104c00036f747071007e00114c000870617373776f726471007e00114c000673656372657471007e00114c000975706461746564427971007e000f4c000b7570646174656454696d6571007e00104c000675736572496471007e000f4c0007757365724e696b71007e00114c0006757365724e6f71007e00114c0008757365726e616d6571007e0011787000000000017371007e000b0000000177040000000171007e001278707371007e0013a3651494d3cdd8ef02c1c5e01a284d20737200126a6176612e73716c2e54696d657374616d702618d5c80153bf650200014900056e616e6f737872000e6a6176612e7574696c2e44617465686a81014b597419030000787077080000016c994c5bb078204e43807371007e0013be139f8ede8fc8df6b88c4798dd1499b74000e456d61696c5f56657269666965647074000b416b756e20546573746572707074003c243261243130244b7436364879434872346d2f36736243356b3335312e5150567466486f2e585a616738375a6c75326b4e46386d75385479774c426d707371007e0013aa73620a4848ce3ac2899ff19373456c7371007e004177080000016cf0ca5680782e5f56807371007e001389a874dfa3f26b80d3dfd89469004a98707400065573657234397400176c616b756e2e7465737465726c40676d61696c2e636f6d
0e6c233618854a809b54a4d56962cb9b	\\xaced00057372004c6f72672e737072696e676672616d65776f726b2e73656375726974792e6f61757468322e636f6d6d6f6e2e44656661756c744578706972696e674f417574683252656672657368546f6b656e2fdf47639dd0c9b70200014c000a65787069726174696f6e7400104c6a6176612f7574696c2f446174653b787200446f72672e737072696e676672616d65776f726b2e73656375726974792e6f61757468322e636f6d6d6f6e2e44656661756c744f417574683252656672657368546f6b656e73e10e0a6354d45e0200014c000576616c75657400124c6a6176612f6c616e672f537472696e673b787074002464393635366531652d333335612d343632362d623866362d3331616662666363376462657372000e6a6176612e7574696c2e44617465686a81014b597419030000787077080000016d0645117e78	\\xaced0005737200416f72672e737072696e676672616d65776f726b2e73656375726974792e6f61757468322e70726f76696465722e4f417574683241757468656e7469636174696f6ebd400b02166252130200024c000d73746f7265645265717565737474003c4c6f72672f737072696e676672616d65776f726b2f73656375726974792f6f61757468322f70726f76696465722f4f4175746832526571756573743b4c00127573657241757468656e7469636174696f6e7400324c6f72672f737072696e676672616d65776f726b2f73656375726974792f636f72652f41757468656e7469636174696f6e3b787200476f72672e737072696e676672616d65776f726b2e73656375726974792e61757468656e7469636174696f6e2e416273747261637441757468656e7469636174696f6e546f6b656ed3aa287e6e47640e0200035a000d61757468656e746963617465644c000b617574686f7269746965737400164c6a6176612f7574696c2f436f6c6c656374696f6e3b4c000764657461696c737400124c6a6176612f6c616e672f4f626a6563743b787000737200266a6176612e7574696c2e436f6c6c656374696f6e7324556e6d6f6469666961626c654c697374fc0f2531b5ec8e100200014c00046c6973747400104c6a6176612f7574696c2f4c6973743b7872002c6a6176612e7574696c2e436f6c6c656374696f6e7324556e6d6f6469666961626c65436f6c6c656374696f6e19420080cb5ef71e0200014c00016371007e00047870737200136a6176612e7574696c2e41727261794c6973747881d21d99c7619d03000149000473697a657870000000027704000000027372002c636f6d2e6a617469732e74656d706c6174652e757365726d616e6167656d656e742e6d6f64656c2e526f6c654be6a9a5b480d9a80200044c0006726f6c6549647400104c6a6176612f7574696c2f555549443b4c0008726f6c654e616d657400124c6a6176612f6c616e672f537472696e673b4c0006726f6c654e6f71007e000f4c00067374617475737400134c6a6176612f6c616e672f426f6f6c65616e3b78707372000e6a6176612e7574696c2e55554944bc9903f7986d852f0200024a000c6c65617374536967426974734a000b6d6f737453696742697473787088334411fbd38c98070ecec607c0410e740009524559505553494e4770737200116a6176612e6c616e672e426f6f6c65616ecd207280d59cfaee0200015a000576616c75657870017371007e000d7371007e0012808aa4b898a1d972d3d788143612446074001e54657374696e672064696d616e6120696e69207361747520706172656e74707371007e0015007871007e000c707372003a6f72672e737072696e676672616d65776f726b2e73656375726974792e6f61757468322e70726f76696465722e4f41757468325265717565737400000000000000010200075a0008617070726f7665644c000b617574686f72697469657371007e00044c000a657874656e73696f6e7374000f4c6a6176612f7574696c2f4d61703b4c000b726564697265637455726971007e000f4c00077265667265736874003b4c6f72672f737072696e676672616d65776f726b2f73656375726974792f6f61757468322f70726f76696465722f546f6b656e526571756573743b4c000b7265736f7572636549647374000f4c6a6176612f7574696c2f5365743b4c000d726573706f6e7365547970657371007e001e787200386f72672e737072696e676672616d65776f726b2e73656375726974792e6f61757468322e70726f76696465722e426173655265717565737436287a3ea37169bd0200034c0008636c69656e74496471007e000f4c001172657175657374506172616d657465727371007e001c4c000573636f706571007e001e7870740028737072696e672d73656375726974792d6f61757468322d726561642d77726974652d636c69656e74737200256a6176612e7574696c2e436f6c6c656374696f6e7324556e6d6f6469666961626c654d6170f1a5a8fe74f507420200014c00016d71007e001c7870737200116a6176612e7574696c2e486173684d61700507dac1c31660d103000246000a6c6f6164466163746f724900097468726573686f6c6478703f400000000000067708000000080000000374000a6772616e745f7479706574000870617373776f7264740009636c69656e745f6964740028737072696e672d73656375726974792d6f61757468322d726561642d77726974652d636c69656e74740008757365726e616d6574001661726368616e69737472656e40676d61696c2e636f6d78737200256a6176612e7574696c2e436f6c6c656374696f6e7324556e6d6f6469666961626c65536574801d92d18f9b80550200007871007e0009737200176a6176612e7574696c2e4c696e6b656448617368536574d86cd75a95dd2a1e020000787200116a6176612e7574696c2e48617368536574ba44859596b8b7340300007870770c000000103f4000000000000274000472656164740005777269746578017371007e002f770c000000103f40000000000001737200426f72672e737072696e676672616d65776f726b2e73656375726974792e636f72652e617574686f726974792e53696d706c654772616e746564417574686f7269747900000000000001fe0200014c0004726f6c6571007e000f787074000455534552787371007e00243f40000000000000770800000010000000007870707371007e002f770c000000103f400000000000017400187265736f757263652d7365727665722d726573742d617069787371007e002f770c000000103f40000000000000787372004f6f72672e737072696e676672616d65776f726b2e73656375726974792e61757468656e7469636174696f6e2e557365726e616d6550617373776f726441757468656e7469636174696f6e546f6b656e00000000000001fe0200024c000b63726564656e7469616c7371007e00054c00097072696e636970616c71007e00057871007e0003017371007e00077371007e000b0000000277040000000271007e001171007e00177871007e003e737200176a6176612e7574696c2e4c696e6b6564486173684d617034c04e5c106cc0fb0200015a000b6163636573734f726465727871007e00243f400000000000067708000000080000000371007e002671007e002771007e002871007e002971007e002a71007e002b7800707372002c636f6d2e6a617469732e74656d706c6174652e757365726d616e6167656d656e742e6d6f64656c2e55736572006c1af87af6053f0200155a000e6163636f756e74457870697265645a000d6163636f756e744c6f636b65645a001263726564656e7469616c73457870697265645a0007656e61626c65644c000b617574686f72697469657371007e00044c00066272616e636871007e000f4c000963726561746564427971007e000e4c000b6372656174656454696d657400104c6a6176612f7574696c2f446174653b4c00086469766973696f6e71007e000f4c000b656d61696c53746174757371007e000f4c000866636d546f6b656e71007e000f4c000866756c6c4e616d6571007e000f4c00156c61737450617373776f726452657365744461746571007e00424c000870617373776f726471007e000f4c000673656372657471007e000f4c000975706461746564427971007e000e4c000b7570646174656454696d6571007e00424c000675736572496471007e000e4c0007757365724e696b71007e000f4c0006757365724e6f71007e000f4c0008757365726e616d6571007e000f7870000000017372002f6f72672e68696265726e6174652e636f6c6c656374696f6e2e696e7465726e616c2e50657273697374656e744261673e6a0d30495f208f0200014c000362616771007e00087872003e6f72672e68696265726e6174652e636f6c6c656374696f6e2e696e7465726e616c2e416273747261637450657273697374656e74436f6c6c656374696f6e402cf80d58d552f202000b5a001b616c6c6f774c6f61644f7574736964655472616e73616374696f6e49000a63616368656453697a655a000564697274795a000e656c656d656e7452656d6f7665645a000b696e697469616c697a65645a000d697354656d7053657373696f6e4c00036b65797400164c6a6176612f696f2f53657269616c697a61626c653b4c00056f776e657271007e00054c0004726f6c6571007e000f4c001273657373696f6e466163746f72795575696471007e000f4c000e73746f726564536e617073686f7471007e0046787000ffffffff000001007371007e0012a3651494d3cdd8ef02c1c5e01a284d2071007e0043740038636f6d2e6a617469732e74656d706c6174652e757365726d616e6167656d656e742e6d6f64656c2e557365722e617574686f726974696573707371007e000b0000000277040000000271007e001171007e0017787371007e000b0000000277040000000271007e001171007e001778707371007e0012bb56fc35e685794ce9311edd22094afb737200126a6176612e73716c2e54696d657374616d702618d5c80153bf650200014900056e616e6f737872000e6a6176612e7574696c2e44617465686a81014b597419030000787077080000016c70be1c38782282d6c074000746696e616e6365740010456d61696c5f526567697374657265647074000d41726368616e6973742052656e7074003c243261243038245a377449552e6772327a766b4a57376d2e324c4b412e4e656c36462e625a784d52764d6b4d2e53735a4b4c2f38593069797949556d70707071007e00487074000655736572303174001661726368616e69737472656e40676d61696c2e636f6d
8d626bb5627fb1775e75166e1e78be15	\\xaced00057372004c6f72672e737072696e676672616d65776f726b2e73656375726974792e6f61757468322e636f6d6d6f6e2e44656661756c744578706972696e674f417574683252656672657368546f6b656e2fdf47639dd0c9b70200014c000a65787069726174696f6e7400104c6a6176612f7574696c2f446174653b787200446f72672e737072696e676672616d65776f726b2e73656375726974792e6f61757468322e636f6d6d6f6e2e44656661756c744f417574683252656672657368546f6b656e73e10e0a6354d45e0200014c000576616c75657400124c6a6176612f6c616e672f537472696e673b787074002430653863323232622d373565612d346331632d616137632d6565386237643038633663647372000e6a6176612e7574696c2e44617465686a81014b597419030000787077080000016d1f52875d78	\\xaced0005737200416f72672e737072696e676672616d65776f726b2e73656375726974792e6f61757468322e70726f76696465722e4f417574683241757468656e7469636174696f6ebd400b02166252130200024c000d73746f7265645265717565737474003c4c6f72672f737072696e676672616d65776f726b2f73656375726974792f6f61757468322f70726f76696465722f4f4175746832526571756573743b4c00127573657241757468656e7469636174696f6e7400324c6f72672f737072696e676672616d65776f726b2f73656375726974792f636f72652f41757468656e7469636174696f6e3b787200476f72672e737072696e676672616d65776f726b2e73656375726974792e61757468656e7469636174696f6e2e416273747261637441757468656e7469636174696f6e546f6b656ed3aa287e6e47640e0200035a000d61757468656e746963617465644c000b617574686f7269746965737400164c6a6176612f7574696c2f436f6c6c656374696f6e3b4c000764657461696c737400124c6a6176612f6c616e672f4f626a6563743b787000737200266a6176612e7574696c2e436f6c6c656374696f6e7324556e6d6f6469666961626c654c697374fc0f2531b5ec8e100200014c00046c6973747400104c6a6176612f7574696c2f4c6973743b7872002c6a6176612e7574696c2e436f6c6c656374696f6e7324556e6d6f6469666961626c65436f6c6c656374696f6e19420080cb5ef71e0200014c00016371007e00047870737200136a6176612e7574696c2e41727261794c6973747881d21d99c7619d03000149000473697a657870000000047704000000047372002c636f6d2e6a617469732e74656d706c6174652e757365726d616e6167656d656e742e6d6f64656c2e526f6c654be6a9a5b480d9a80200044c0006726f6c6549647400104c6a6176612f7574696c2f555549443b4c0008726f6c654e616d657400124c6a6176612f6c616e672f537472696e673b4c0006726f6c654e6f71007e000f4c00067374617475737400134c6a6176612f6c616e672f426f6f6c65616e3b78707372000e6a6176612e7574696c2e55554944bc9903f7986d852f0200024a000c6c65617374536967426974734a000b6d6f73745369674269747378708db2e5cce7fd442d4e1b68e74ce647067400076c616c6c616c61740006526f6c653035737200116a6176612e6c616e672e426f6f6c65616ecd207280d59cfaee0200015a000576616c75657870017371007e000d7371007e00129506cbd0fd387882630c946d7cdd429374000b74657374426f6c6c65616e740006526f6c65303671007e00177371007e000d7371007e0012b88a6df6a491ffc968e293b13b27475c74000f322061646420707269766c65646765740006526f6c6530337371007e0016007371007e000d7371007e0012a16080a9185d3c7b69b232b807f7410574000f7465737442616b616c446945646974740006526f6c65303471007e00207871007e000c707372003a6f72672e737072696e676672616d65776f726b2e73656375726974792e6f61757468322e70726f76696465722e4f41757468325265717565737400000000000000010200075a0008617070726f7665644c000b617574686f72697469657371007e00044c000a657874656e73696f6e7374000f4c6a6176612f7574696c2f4d61703b4c000b726564697265637455726971007e000f4c00077265667265736874003b4c6f72672f737072696e676672616d65776f726b2f73656375726974792f6f61757468322f70726f76696465722f546f6b656e526571756573743b4c000b7265736f7572636549647374000f4c6a6176612f7574696c2f5365743b4c000d726573706f6e7365547970657371007e0028787200386f72672e737072696e676672616d65776f726b2e73656375726974792e6f61757468322e70726f76696465722e426173655265717565737436287a3ea37169bd0200034c0008636c69656e74496471007e000f4c001172657175657374506172616d657465727371007e00264c000573636f706571007e00287870740028737072696e672d73656375726974792d6f61757468322d726561642d77726974652d636c69656e74737200256a6176612e7574696c2e436f6c6c656374696f6e7324556e6d6f6469666961626c654d6170f1a5a8fe74f507420200014c00016d71007e00267870737200116a6176612e7574696c2e486173684d61700507dac1c31660d103000246000a6c6f6164466163746f724900097468726573686f6c6478703f400000000000067708000000080000000374000a6772616e745f7479706574000870617373776f7264740009636c69656e745f6964740028737072696e672d73656375726974792d6f61757468322d726561642d77726974652d636c69656e74740008757365726e616d6574002166616973616c2e616264696c6c616840706a692d736f6c7574696f6e732e636f6d78737200256a6176612e7574696c2e436f6c6c656374696f6e7324556e6d6f6469666961626c65536574801d92d18f9b80550200007871007e0009737200176a6176612e7574696c2e4c696e6b656448617368536574d86cd75a95dd2a1e020000787200116a6176612e7574696c2e48617368536574ba44859596b8b7340300007870770c000000103f4000000000000274000472656164740005777269746578017371007e0039770c000000103f40000000000001737200426f72672e737072696e676672616d65776f726b2e73656375726974792e636f72652e617574686f726974792e53696d706c654772616e746564417574686f7269747900000000000001fe0200014c0004726f6c6571007e000f787074000455534552787371007e002e3f40000000000000770800000010000000007870707371007e0039770c000000103f400000000000017400187265736f757263652d7365727665722d726573742d617069787371007e0039770c000000103f40000000000000787372004f6f72672e737072696e676672616d65776f726b2e73656375726974792e61757468656e7469636174696f6e2e557365726e616d6550617373776f726441757468656e7469636174696f6e546f6b656e00000000000001fe0200024c000b63726564656e7469616c7371007e00054c00097072696e636970616c71007e00057871007e0003017371007e00077371007e000b0000000477040000000471007e001171007e001871007e001c71007e00217871007e0048737200176a6176612e7574696c2e4c696e6b6564486173684d617034c04e5c106cc0fb0200015a000b6163636573734f726465727871007e002e3f400000000000067708000000080000000371007e003071007e003171007e003271007e003371007e003471007e00357800707372002c636f6d2e6a617469732e74656d706c6174652e757365726d616e6167656d656e742e6d6f64656c2e55736572006c1af87af6053f0200165a000e6163636f756e74457870697265645a000d6163636f756e744c6f636b65645a001263726564656e7469616c73457870697265645a0007656e61626c65644c000b617574686f72697469657371007e00044c00066272616e636871007e000f4c000963726561746564427971007e000e4c000b6372656174656454696d657400104c6a6176612f7574696c2f446174653b4c00086469766973696f6e71007e000f4c000b656d61696c53746174757371007e000f4c000866636d546f6b656e71007e000f4c000866756c6c4e616d6571007e000f4c00156c61737450617373776f726452657365744461746571007e004c4c00036f747071007e000f4c000870617373776f726471007e000f4c000673656372657471007e000f4c000975706461746564427971007e000e4c000b7570646174656454696d6571007e004c4c000675736572496471007e000e4c0007757365724e696b71007e000f4c0006757365724e6f71007e000f4c0008757365726e616d6571007e000f7870000000017372002f6f72672e68696265726e6174652e636f6c6c656374696f6e2e696e7465726e616c2e50657273697374656e744261673e6a0d30495f208f0200014c000362616771007e00087872003e6f72672e68696265726e6174652e636f6c6c656374696f6e2e696e7465726e616c2e416273747261637450657273697374656e74436f6c6c656374696f6e402cf80d58d552f202000b5a001b616c6c6f774c6f61644f7574736964655472616e73616374696f6e49000a63616368656453697a655a000564697274795a000e656c656d656e7452656d6f7665645a000b696e697469616c697a65645a000d697354656d7053657373696f6e4c00036b65797400164c6a6176612f696f2f53657269616c697a61626c653b4c00056f776e657271007e00054c0004726f6c6571007e000f4c001273657373696f6e466163746f72795575696471007e000f4c000e73746f726564536e617073686f7471007e0050787000ffffffff000001007371007e001292b0c8eaaef262afeef7c5aaecf9426671007e004d740038636f6d2e6a617469732e74656d706c6174652e757365726d616e6167656d656e742e6d6f64656c2e557365722e617574686f726974696573707371007e000b0000000477040000000471007e001171007e001871007e001c71007e0021787371007e000b0000000477040000000471007e001171007e001871007e001c71007e002178707371007e0012a3651494d3cdd8ef02c1c5e01a284d20737200126a6176612e73716c2e54696d657374616d702618d5c80153bf650200014900056e616e6f737872000e6a6176612e7574696c2e44617465686a81014b597419030000787077080000016c84b16ce0782e6e98c0740009446576656c6f706572740010456d61696c5f56657269666965640d0a70740006686168616861707074003c243261243038246d4954666177514d6d4869636b4b6b567a4951614f6534684a444c6a646970644c4b55644f7a3533662f453239612e70766a4c564770707371007e005777080000016c855a6e8078043b5fc071007e00527074000655736572303974002166616973616c2e616264696c6c616840706a692d736f6c7574696f6e732e636f6d
9abad9b7a8ab747372bdfb7f4c84fa55	\\xaced00057372004c6f72672e737072696e676672616d65776f726b2e73656375726974792e6f61757468322e636f6d6d6f6e2e44656661756c744578706972696e674f417574683252656672657368546f6b656e2fdf47639dd0c9b70200014c000a65787069726174696f6e7400104c6a6176612f7574696c2f446174653b787200446f72672e737072696e676672616d65776f726b2e73656375726974792e6f61757468322e636f6d6d6f6e2e44656661756c744f417574683252656672657368546f6b656e73e10e0a6354d45e0200014c000576616c75657400124c6a6176612f6c616e672f537472696e673b787074002461396638613130642d316464392d343539392d383137632d6134643065613830383162667372000e6a6176612e7574696c2e44617465686a81014b597419030000787077080000016d255a544878	\\xaced0005737200416f72672e737072696e676672616d65776f726b2e73656375726974792e6f61757468322e70726f76696465722e4f417574683241757468656e7469636174696f6ebd400b02166252130200024c000d73746f7265645265717565737474003c4c6f72672f737072696e676672616d65776f726b2f73656375726974792f6f61757468322f70726f76696465722f4f4175746832526571756573743b4c00127573657241757468656e7469636174696f6e7400324c6f72672f737072696e676672616d65776f726b2f73656375726974792f636f72652f41757468656e7469636174696f6e3b787200476f72672e737072696e676672616d65776f726b2e73656375726974792e61757468656e7469636174696f6e2e416273747261637441757468656e7469636174696f6e546f6b656ed3aa287e6e47640e0200035a000d61757468656e746963617465644c000b617574686f7269746965737400164c6a6176612f7574696c2f436f6c6c656374696f6e3b4c000764657461696c737400124c6a6176612f6c616e672f4f626a6563743b787000737200266a6176612e7574696c2e436f6c6c656374696f6e7324556e6d6f6469666961626c654c697374fc0f2531b5ec8e100200014c00046c6973747400104c6a6176612f7574696c2f4c6973743b7872002c6a6176612e7574696c2e436f6c6c656374696f6e7324556e6d6f6469666961626c65436f6c6c656374696f6e19420080cb5ef71e0200014c00016371007e00047870737200136a6176612e7574696c2e41727261794c6973747881d21d99c7619d03000149000473697a657870000000017704000000017372002c636f6d2e6a617469732e74656d706c6174652e757365726d616e6167656d656e742e6d6f64656c2e526f6c654be6a9a5b480d9a80200044c0006726f6c6549647400104c6a6176612f7574696c2f555549443b4c0008726f6c654e616d657400124c6a6176612f6c616e672f537472696e673b4c0006726f6c654e6f71007e000f4c00067374617475737400134c6a6176612f6c616e672f426f6f6c65616e3b78707372000e6a6176612e7574696c2e55554944bc9903f7986d852f0200024a000c6c65617374536967426974734a000b6d6f73745369674269747378708e59881adde955e8606ac5703df048bf74000541646d696e740006526f6c653233737200116a6176612e6c616e672e426f6f6c65616ecd207280d59cfaee0200015a000576616c75657870017871007e000c707372003a6f72672e737072696e676672616d65776f726b2e73656375726974792e6f61757468322e70726f76696465722e4f41757468325265717565737400000000000000010200075a0008617070726f7665644c000b617574686f72697469657371007e00044c000a657874656e73696f6e7374000f4c6a6176612f7574696c2f4d61703b4c000b726564697265637455726971007e000f4c00077265667265736874003b4c6f72672f737072696e676672616d65776f726b2f73656375726974792f6f61757468322f70726f76696465722f546f6b656e526571756573743b4c000b7265736f7572636549647374000f4c6a6176612f7574696c2f5365743b4c000d726573706f6e7365547970657371007e001b787200386f72672e737072696e676672616d65776f726b2e73656375726974792e6f61757468322e70726f76696465722e426173655265717565737436287a3ea37169bd0200034c0008636c69656e74496471007e000f4c001172657175657374506172616d657465727371007e00194c000573636f706571007e001b7870740028737072696e672d73656375726974792d6f61757468322d726561642d77726974652d636c69656e74737200256a6176612e7574696c2e436f6c6c656374696f6e7324556e6d6f6469666961626c654d6170f1a5a8fe74f507420200014c00016d71007e00197870737200116a6176612e7574696c2e486173684d61700507dac1c31660d103000246000a6c6f6164466163746f724900097468726573686f6c6478703f400000000000067708000000080000000374000a6772616e745f7479706574000870617373776f7264740009636c69656e745f6964740028737072696e672d73656375726974792d6f61757468322d726561642d77726974652d636c69656e74740008757365726e616d657400176c616b756e2e7465737465726c40676d61696c2e636f6d78737200256a6176612e7574696c2e436f6c6c656374696f6e7324556e6d6f6469666961626c65536574801d92d18f9b80550200007871007e0009737200176a6176612e7574696c2e4c696e6b656448617368536574d86cd75a95dd2a1e020000787200116a6176612e7574696c2e48617368536574ba44859596b8b7340300007870770c000000103f4000000000000274000472656164740005777269746578017371007e002c770c000000103f40000000000001737200426f72672e737072696e676672616d65776f726b2e73656375726974792e636f72652e617574686f726974792e53696d706c654772616e746564417574686f7269747900000000000001fe0200014c0004726f6c6571007e000f787074000455534552787371007e00213f40000000000000770800000010000000007870707371007e002c770c000000103f400000000000017400187265736f757263652d7365727665722d726573742d617069787371007e002c770c000000103f40000000000000787372004f6f72672e737072696e676672616d65776f726b2e73656375726974792e61757468656e7469636174696f6e2e557365726e616d6550617373776f726441757468656e7469636174696f6e546f6b656e00000000000001fe0200024c000b63726564656e7469616c7371007e00054c00097072696e636970616c71007e00057871007e0003017371007e00077371007e000b0000000177040000000171007e00117871007e003b737200176a6176612e7574696c2e4c696e6b6564486173684d617034c04e5c106cc0fb0200015a000b6163636573734f726465727871007e00213f400000000000067708000000080000000371007e002371007e002471007e002571007e002671007e002771007e00287800707372002c636f6d2e6a617469732e74656d706c6174652e757365726d616e6167656d656e742e6d6f64656c2e55736572006c1af87af6053f0200165a000e6163636f756e74457870697265645a000d6163636f756e744c6f636b65645a001263726564656e7469616c73457870697265645a0007656e61626c65644c000b617574686f72697469657371007e00044c00066272616e636871007e000f4c000963726561746564427971007e000e4c000b6372656174656454696d657400104c6a6176612f7574696c2f446174653b4c00086469766973696f6e71007e000f4c000b656d61696c53746174757371007e000f4c000866636d546f6b656e71007e000f4c000866756c6c4e616d6571007e000f4c00156c61737450617373776f726452657365744461746571007e003f4c00036f747071007e000f4c000870617373776f726471007e000f4c000673656372657471007e000f4c000975706461746564427971007e000e4c000b7570646174656454696d6571007e003f4c000675736572496471007e000e4c0007757365724e696b71007e000f4c0006757365724e6f71007e000f4c0008757365726e616d6571007e000f7870000000017372002f6f72672e68696265726e6174652e636f6c6c656374696f6e2e696e7465726e616c2e50657273697374656e744261673e6a0d30495f208f0200014c000362616771007e00087872003e6f72672e68696265726e6174652e636f6c6c656374696f6e2e696e7465726e616c2e416273747261637450657273697374656e74436f6c6c656374696f6e402cf80d58d552f202000b5a001b616c6c6f774c6f61644f7574736964655472616e73616374696f6e49000a63616368656453697a655a000564697274795a000e656c656d656e7452656d6f7665645a000b696e697469616c697a65645a000d697354656d7053657373696f6e4c00036b65797400164c6a6176612f696f2f53657269616c697a61626c653b4c00056f776e657271007e00054c0004726f6c6571007e000f4c001273657373696f6e466163746f72795575696471007e000f4c000e73746f726564536e617073686f7471007e0043787000ffffffff000001007371007e0012b702d5b0e767b9a21f361b9b2b60476571007e0040740038636f6d2e6a617469732e74656d706c6174652e757365726d616e6167656d656e742e6d6f64656c2e557365722e617574686f726974696573707371007e000b0000000177040000000171007e0011787371007e000b0000000177040000000171007e001178707371007e0012a3651494d3cdd8ef02c1c5e01a284d20737200126a6176612e73716c2e54696d657374616d702618d5c80153bf650200014900056e616e6f737872000e6a6176612e7574696c2e44617465686a81014b597419030000787077080000016c8ad5d408780496ed40740009446576656c6f70657274000e456d61696c5f56657269666965647074000b416b756e20546573746572707074003c2432612430382449734b56687479374646686d3741584442616753426533596454424746702f7a48336243366c724c352e7073716d395046496d616570707071007e0045707400065573657233317400176c616b756e2e7465737465726c40676d61696c2e636f6d
754bab9c20b278d094b5ce639849a327	\\xaced00057372004c6f72672e737072696e676672616d65776f726b2e73656375726974792e6f61757468322e636f6d6d6f6e2e44656661756c744578706972696e674f417574683252656672657368546f6b656e2fdf47639dd0c9b70200014c000a65787069726174696f6e7400104c6a6176612f7574696c2f446174653b787200446f72672e737072696e676672616d65776f726b2e73656375726974792e6f61757468322e636f6d6d6f6e2e44656661756c744f417574683252656672657368546f6b656e73e10e0a6354d45e0200014c000576616c75657400124c6a6176612f6c616e672f537472696e673b787074002462373134316161362d313833622d343266302d383661392d3136353164383464623233377372000e6a6176612e7574696c2e44617465686a81014b597419030000787077080000016d2a1d9e7d78	\\xaced0005737200416f72672e737072696e676672616d65776f726b2e73656375726974792e6f61757468322e70726f76696465722e4f417574683241757468656e7469636174696f6ebd400b02166252130200024c000d73746f7265645265717565737474003c4c6f72672f737072696e676672616d65776f726b2f73656375726974792f6f61757468322f70726f76696465722f4f4175746832526571756573743b4c00127573657241757468656e7469636174696f6e7400324c6f72672f737072696e676672616d65776f726b2f73656375726974792f636f72652f41757468656e7469636174696f6e3b787200476f72672e737072696e676672616d65776f726b2e73656375726974792e61757468656e7469636174696f6e2e416273747261637441757468656e7469636174696f6e546f6b656ed3aa287e6e47640e0200035a000d61757468656e746963617465644c000b617574686f7269746965737400164c6a6176612f7574696c2f436f6c6c656374696f6e3b4c000764657461696c737400124c6a6176612f6c616e672f4f626a6563743b787000737200266a6176612e7574696c2e436f6c6c656374696f6e7324556e6d6f6469666961626c654c697374fc0f2531b5ec8e100200014c00046c6973747400104c6a6176612f7574696c2f4c6973743b7872002c6a6176612e7574696c2e436f6c6c656374696f6e7324556e6d6f6469666961626c65436f6c6c656374696f6e19420080cb5ef71e0200014c00016371007e00047870737200136a6176612e7574696c2e41727261794c6973747881d21d99c7619d03000149000473697a657870000000027704000000027372002c636f6d2e6a617469732e74656d706c6174652e757365726d616e6167656d656e742e6d6f64656c2e526f6c654be6a9a5b480d9a80200044c0006726f6c6549647400104c6a6176612f7574696c2f555549443b4c0008726f6c654e616d657400124c6a6176612f6c616e672f537472696e673b4c0006726f6c654e6f71007e000f4c00067374617475737400134c6a6176612f6c616e672f426f6f6c65616e3b78707372000e6a6176612e7574696c2e55554944bc9903f7986d852f0200024a000c6c65617374536967426974734a000b6d6f7374536967426974737870b50b61b3ab078ce2febcc8a1d52d454174000b53757065722041646d696e740006526f6c653031737200116a6176612e6c616e672e426f6f6c65616ecd207280d59cfaee0200015a000576616c756578700171007e00117871007e000c707372003a6f72672e737072696e676672616d65776f726b2e73656375726974792e6f61757468322e70726f76696465722e4f41757468325265717565737400000000000000010200075a0008617070726f7665644c000b617574686f72697469657371007e00044c000a657874656e73696f6e7374000f4c6a6176612f7574696c2f4d61703b4c000b726564697265637455726971007e000f4c00077265667265736874003b4c6f72672f737072696e676672616d65776f726b2f73656375726974792f6f61757468322f70726f76696465722f546f6b656e526571756573743b4c000b7265736f7572636549647374000f4c6a6176612f7574696c2f5365743b4c000d726573706f6e7365547970657371007e001b787200386f72672e737072696e676672616d65776f726b2e73656375726974792e6f61757468322e70726f76696465722e426173655265717565737436287a3ea37169bd0200034c0008636c69656e74496471007e000f4c001172657175657374506172616d657465727371007e00194c000573636f706571007e001b7870740028737072696e672d73656375726974792d6f61757468322d726561642d77726974652d636c69656e74737200256a6176612e7574696c2e436f6c6c656374696f6e7324556e6d6f6469666961626c654d6170f1a5a8fe74f507420200014c00016d71007e00197870737200116a6176612e7574696c2e486173684d61700507dac1c31660d103000246000a6c6f6164466163746f724900097468726573686f6c6478703f400000000000067708000000080000000374000a6772616e745f7479706574000870617373776f7264740009636c69656e745f6964740028737072696e672d73656375726974792d6f61757468322d726561642d77726974652d636c69656e74740008757365726e616d657400156661757a616e406d61696c696e61746f722e636f6d78737200256a6176612e7574696c2e436f6c6c656374696f6e7324556e6d6f6469666961626c65536574801d92d18f9b80550200007871007e0009737200176a6176612e7574696c2e4c696e6b656448617368536574d86cd75a95dd2a1e020000787200116a6176612e7574696c2e48617368536574ba44859596b8b7340300007870770c000000103f4000000000000274000472656164740005777269746578017371007e002c770c000000103f40000000000001737200426f72672e737072696e676672616d65776f726b2e73656375726974792e636f72652e617574686f726974792e53696d706c654772616e746564417574686f7269747900000000000001fe0200014c0004726f6c6571007e000f787074000455534552787371007e00213f40000000000000770800000010000000007870707371007e002c770c000000103f400000000000017400187265736f757263652d7365727665722d726573742d617069787371007e002c770c000000103f40000000000000787372004f6f72672e737072696e676672616d65776f726b2e73656375726974792e61757468656e7469636174696f6e2e557365726e616d6550617373776f726441757468656e7469636174696f6e546f6b656e00000000000001fe0200024c000b63726564656e7469616c7371007e00054c00097072696e636970616c71007e00057871007e0003017371007e00077371007e000b0000000277040000000271007e001171007e00117871007e003b737200176a6176612e7574696c2e4c696e6b6564486173684d617034c04e5c106cc0fb0200015a000b6163636573734f726465727871007e00213f400000000000067708000000080000000371007e002371007e002471007e002571007e002671007e002771007e00287800707372002c636f6d2e6a617469732e74656d706c6174652e757365726d616e6167656d656e742e6d6f64656c2e55736572006c1af87af6053f0200165a000e6163636f756e74457870697265645a000d6163636f756e744c6f636b65645a001263726564656e7469616c73457870697265645a0007656e61626c65644c000b617574686f72697469657371007e00044c00066272616e636871007e000f4c000963726561746564427971007e000e4c000b6372656174656454696d657400104c6a6176612f7574696c2f446174653b4c00086469766973696f6e71007e000f4c000b656d61696c53746174757371007e000f4c000866636d546f6b656e71007e000f4c000866756c6c4e616d6571007e000f4c00156c61737450617373776f726452657365744461746571007e003f4c00036f747071007e000f4c000870617373776f726471007e000f4c000673656372657471007e000f4c000975706461746564427971007e000e4c000b7570646174656454696d6571007e003f4c000675736572496471007e000e4c0007757365724e696b71007e000f4c0006757365724e6f71007e000f4c0008757365726e616d6571007e000f7870000000017372002f6f72672e68696265726e6174652e636f6c6c656374696f6e2e696e7465726e616c2e50657273697374656e744261673e6a0d30495f208f0200014c000362616771007e00087872003e6f72672e68696265726e6174652e636f6c6c656374696f6e2e696e7465726e616c2e416273747261637450657273697374656e74436f6c6c656374696f6e402cf80d58d552f202000b5a001b616c6c6f774c6f61644f7574736964655472616e73616374696f6e49000a63616368656453697a655a000564697274795a000e656c656d656e7452656d6f7665645a000b696e697469616c697a65645a000d697354656d7053657373696f6e4c00036b65797400164c6a6176612f696f2f53657269616c697a61626c653b4c00056f776e657271007e00054c0004726f6c6571007e000f4c001273657373696f6e466163746f72795575696471007e000f4c000e73746f726564536e617073686f7471007e0043787000ffffffff000001007371007e0012bf28208a97bc86a2c311e24e577e4b0871007e0040740038636f6d2e6a617469732e74656d706c6174652e757365726d616e6167656d656e742e6d6f64656c2e557365722e617574686f726974696573707371007e000b0000000277040000000271007e001171007e0011787371007e000b0000000277040000000271007e001171007e0011787070737200126a6176612e73716c2e54696d657374616d702618d5c80153bf650200014900056e616e6f737872000e6a6176612e7574696c2e44617465686a81014b597419030000787077080000016c8f173ac07801ab3f00740009646576656c6f70657274000e456d61696c5f56657269666965647074000b6661757a616e2074657374707074003c24326124303824664237386b4667446862477272586752557855506c4f5169506879357a50356268714e7a78444b313644646979774452644f33626d70707371007e004977080000016c8f9ce580783577224071007e0045707400065573657233387400156661757a616e406d61696c696e61746f722e636f6d
6f0edd5ebd67f0214b4328335b7e4de7	\\xaced00057372004c6f72672e737072696e676672616d65776f726b2e73656375726974792e6f61757468322e636f6d6d6f6e2e44656661756c744578706972696e674f417574683252656672657368546f6b656e2fdf47639dd0c9b70200014c000a65787069726174696f6e7400104c6a6176612f7574696c2f446174653b787200446f72672e737072696e676672616d65776f726b2e73656375726974792e6f61757468322e636f6d6d6f6e2e44656661756c744f417574683252656672657368546f6b656e73e10e0a6354d45e0200014c000576616c75657400124c6a6176612f6c616e672f537472696e673b787074002437323537396261332d646131342d343964332d383762342d3430663864346238323361387372000e6a6176612e7574696c2e44617465686a81014b597419030000787077080000016daf4a326f78	\\xaced0005737200416f72672e737072696e676672616d65776f726b2e73656375726974792e6f61757468322e70726f76696465722e4f417574683241757468656e7469636174696f6ebd400b02166252130200024c000d73746f7265645265717565737474003c4c6f72672f737072696e676672616d65776f726b2f73656375726974792f6f61757468322f70726f76696465722f4f4175746832526571756573743b4c00127573657241757468656e7469636174696f6e7400324c6f72672f737072696e676672616d65776f726b2f73656375726974792f636f72652f41757468656e7469636174696f6e3b787200476f72672e737072696e676672616d65776f726b2e73656375726974792e61757468656e7469636174696f6e2e416273747261637441757468656e7469636174696f6e546f6b656ed3aa287e6e47640e0200035a000d61757468656e746963617465644c000b617574686f7269746965737400164c6a6176612f7574696c2f436f6c6c656374696f6e3b4c000764657461696c737400124c6a6176612f6c616e672f4f626a6563743b787000737200266a6176612e7574696c2e436f6c6c656374696f6e7324556e6d6f6469666961626c654c697374fc0f2531b5ec8e100200014c00046c6973747400104c6a6176612f7574696c2f4c6973743b7872002c6a6176612e7574696c2e436f6c6c656374696f6e7324556e6d6f6469666961626c65436f6c6c656374696f6e19420080cb5ef71e0200014c00016371007e00047870737200136a6176612e7574696c2e41727261794c6973747881d21d99c7619d03000149000473697a657870000000017704000000017372002b636f6d2e6a617469732e74656d706c6174652e636f6d6d6f6e2e646f6d61696e2e436f6d6d6f6e526f6c654be6a9a5b480d9a80200034c0006726f6c6549647400104c6a6176612f7574696c2f555549443b4c0008726f6c654e616d657400124c6a6176612f6c616e672f537472696e673b4c0006726f6c654e6f71007e000f78707372000e6a6176612e7574696c2e55554944bc9903f7986d852f0200024a000c6c65617374536967426974734a000b6d6f7374536967426974737870b50b61b3ab078ce2febcc8a1d52d454174000b53757065722041646d696e740006526f6c6530317871007e000c707372003a6f72672e737072696e676672616d65776f726b2e73656375726974792e6f61757468322e70726f76696465722e4f41757468325265717565737400000000000000010200075a0008617070726f7665644c000b617574686f72697469657371007e00044c000a657874656e73696f6e7374000f4c6a6176612f7574696c2f4d61703b4c000b726564697265637455726971007e000f4c00077265667265736874003b4c6f72672f737072696e676672616d65776f726b2f73656375726974792f6f61757468322f70726f76696465722f546f6b656e526571756573743b4c000b7265736f7572636549647374000f4c6a6176612f7574696c2f5365743b4c000d726573706f6e7365547970657371007e0018787200386f72672e737072696e676672616d65776f726b2e73656375726974792e6f61757468322e70726f76696465722e426173655265717565737436287a3ea37169bd0200034c0008636c69656e74496471007e000f4c001172657175657374506172616d657465727371007e00164c000573636f706571007e00187870740028737072696e672d73656375726974792d6f61757468322d726561642d77726974652d636c69656e74737200256a6176612e7574696c2e436f6c6c656374696f6e7324556e6d6f6469666961626c654d6170f1a5a8fe74f507420200014c00016d71007e00167870737200116a6176612e7574696c2e486173684d61700507dac1c31660d103000246000a6c6f6164466163746f724900097468726573686f6c6478703f400000000000037708000000040000000274000a6772616e745f7479706574000870617373776f7264740008757365726e616d6574001673617472696f2e75746f6d6f406a617469732e636f6d78737200256a6176612e7574696c2e436f6c6c656374696f6e7324556e6d6f6469666961626c65536574801d92d18f9b80550200007871007e0009737200176a6176612e7574696c2e4c696e6b656448617368536574d86cd75a95dd2a1e020000787200116a6176612e7574696c2e48617368536574ba44859596b8b7340300007870770c000000103f4000000000000274000472656164740005777269746578017371007e0027770c000000103f40000000000001737200426f72672e737072696e676672616d65776f726b2e73656375726974792e636f72652e617574686f726974792e53696d706c654772616e746564417574686f7269747900000000000001fe0200014c0004726f6c6571007e000f787074000455534552787371007e001e3f40000000000000770800000010000000007870707371007e0027770c000000103f400000000000017400187265736f757263652d7365727665722d726573742d617069787371007e0027770c000000103f40000000000000787372004f6f72672e737072696e676672616d65776f726b2e73656375726974792e61757468656e7469636174696f6e2e557365726e616d6550617373776f726441757468656e7469636174696f6e546f6b656e00000000000001fe0200024c000b63726564656e7469616c7371007e00054c00097072696e636970616c71007e00057871007e0003017371007e00077371007e000b0000000177040000000171007e00107871007e0036737200176a6176612e7574696c2e4c696e6b6564486173684d617034c04e5c106cc0fb0200015a000b6163636573734f726465727871007e001e3f400000000000067708000000080000000271007e002071007e002171007e002271007e002378007073720032636f6d2e6a617469732e74656d706c6174652e636f6d6d6f6e2e646f6d61696e2e436f6d6d6f6e5573657244657461696c7300000000000000010200155a000e6163636f756e74457870697265645a000d6163636f756e744c6f636b65645a001263726564656e7469616c73457870697265645a000c64656c6574655374617475735a0007656e61626c65644c000b617574686f72697469657371007e00044c00066272616e636871007e000f4c000963726561746564427971007e000e4c000b6372656174656454696d657400104c6a6176612f7574696c2f446174653b4c000a6469766973696f6e496471007e000e4c000b656d61696c53746174757371007e000f4c000866756c6c4e616d6571007e000f4c00156c61737450617373776f726452657365744461746571007e003a4c000870617373776f726471007e000f4c000673656372657471007e000f4c000975706461746564427971007e000e4c000b7570646174656454696d6571007e003a4c000675736572496471007e000e4c0007757365724e696b71007e000f4c0006757365724e6f71007e000f4c0008757365726e616d6571007e000f787000000000017371007e000b0000000177040000000171007e0010787070737200126a6176612e73716c2e54696d657374616d702618d5c80153bf650200014900056e616e6f737872000e6a6176612e7574696c2e44617465686a81014b597419030000787077080000016ca8d948e07825f7d9407371007e0011be139f8ede8fc8df6b88c4798dd1499b74000e456d61696c5f566572696669656474000c53617472696f2055746f6d6f7074003c24326124303824376c6578585a705349596d362f5044424f5643412f7573512e37707232755765482f4d4e5550423750372f59347474334b707133537070707371007e0011a07dd12349bb380c278c3df4b7884f3d7074000655736572353574001673617472696f2e75746f6d6f406a617469732e636f6d
e8b48a223df243da094159b3c5461fcc	\\xaced00057372004c6f72672e737072696e676672616d65776f726b2e73656375726974792e6f61757468322e636f6d6d6f6e2e44656661756c744578706972696e674f417574683252656672657368546f6b656e2fdf47639dd0c9b70200014c000a65787069726174696f6e7400104c6a6176612f7574696c2f446174653b787200446f72672e737072696e676672616d65776f726b2e73656375726974792e6f61757468322e636f6d6d6f6e2e44656661756c744f417574683252656672657368546f6b656e73e10e0a6354d45e0200014c000576616c75657400124c6a6176612f6c616e672f537472696e673b787074002438303561353538302d616236652d343032352d386663652d3634633766323230613164377372000e6a6176612e7574696c2e44617465686a81014b597419030000787077080000016d5851f03a78	\\xaced0005737200416f72672e737072696e676672616d65776f726b2e73656375726974792e6f61757468322e70726f76696465722e4f417574683241757468656e7469636174696f6ebd400b02166252130200024c000d73746f7265645265717565737474003c4c6f72672f737072696e676672616d65776f726b2f73656375726974792f6f61757468322f70726f76696465722f4f4175746832526571756573743b4c00127573657241757468656e7469636174696f6e7400324c6f72672f737072696e676672616d65776f726b2f73656375726974792f636f72652f41757468656e7469636174696f6e3b787200476f72672e737072696e676672616d65776f726b2e73656375726974792e61757468656e7469636174696f6e2e416273747261637441757468656e7469636174696f6e546f6b656ed3aa287e6e47640e0200035a000d61757468656e746963617465644c000b617574686f7269746965737400164c6a6176612f7574696c2f436f6c6c656374696f6e3b4c000764657461696c737400124c6a6176612f6c616e672f4f626a6563743b787000737200266a6176612e7574696c2e436f6c6c656374696f6e7324556e6d6f6469666961626c654c697374fc0f2531b5ec8e100200014c00046c6973747400104c6a6176612f7574696c2f4c6973743b7872002c6a6176612e7574696c2e436f6c6c656374696f6e7324556e6d6f6469666961626c65436f6c6c656374696f6e19420080cb5ef71e0200014c00016371007e00047870737200136a6176612e7574696c2e41727261794c6973747881d21d99c7619d03000149000473697a657870000000017704000000017372002c636f6d2e6a617469732e74656d706c6174652e757365726d616e6167656d656e742e6d6f64656c2e526f6c654be6a9a5b480d9a80200095a000664656c6574654c00096372656174656442797400104c6a6176612f7574696c2f555549443b4c000b6372656174656454696d657400104c6a6176612f7574696c2f446174653b4c0006726f6c65496471007e000e4c0008726f6c654e616d657400124c6a6176612f6c616e672f537472696e673b4c0006726f6c654e6f71007e00104c00067374617475737400134c6a6176612f6c616e672f426f6f6c65616e3b4c000975706461746564427971007e000e4c000b7570646174656454696d6571007e000f78700070707372000e6a6176612e7574696c2e55554944bc9903f7986d852f0200024a000c6c65617374536967426974734a000b6d6f7374536967426974737870830ea0cbb6d70e583396c01eaec545e974000541646d696e740006526f6c6530327070707871007e000c707372003a6f72672e737072696e676672616d65776f726b2e73656375726974792e6f61757468322e70726f76696465722e4f41757468325265717565737400000000000000010200075a0008617070726f7665644c000b617574686f72697469657371007e00044c000a657874656e73696f6e7374000f4c6a6176612f7574696c2f4d61703b4c000b726564697265637455726971007e00104c00077265667265736874003b4c6f72672f737072696e676672616d65776f726b2f73656375726974792f6f61757468322f70726f76696465722f546f6b656e526571756573743b4c000b7265736f7572636549647374000f4c6a6176612f7574696c2f5365743b4c000d726573706f6e7365547970657371007e001a787200386f72672e737072696e676672616d65776f726b2e73656375726974792e6f61757468322e70726f76696465722e426173655265717565737436287a3ea37169bd0200034c0008636c69656e74496471007e00104c001172657175657374506172616d657465727371007e00184c000573636f706571007e001a7870740028737072696e672d73656375726974792d6f61757468322d726561642d77726974652d636c69656e74737200256a6176612e7574696c2e436f6c6c656374696f6e7324556e6d6f6469666961626c654d6170f1a5a8fe74f507420200014c00016d71007e00187870737200116a6176612e7574696c2e486173684d61700507dac1c31660d103000246000a6c6f6164466163746f724900097468726573686f6c6478703f400000000000037708000000040000000274000a6772616e745f7479706574000870617373776f7264740008757365726e616d6574000f61646d696e406a617469732e636f6d78737200256a6176612e7574696c2e436f6c6c656374696f6e7324556e6d6f6469666961626c65536574801d92d18f9b80550200007871007e0009737200176a6176612e7574696c2e4c696e6b656448617368536574d86cd75a95dd2a1e020000787200116a6176612e7574696c2e48617368536574ba44859596b8b7340300007870770c000000103f4000000000000274000472656164740005777269746578017371007e0029770c000000103f40000000000001737200426f72672e737072696e676672616d65776f726b2e73656375726974792e636f72652e617574686f726974792e53696d706c654772616e746564417574686f7269747900000000000001fe0200014c0004726f6c6571007e0010787074000455534552787371007e00203f40000000000000770800000010000000007870707371007e0029770c000000103f400000000000017400187265736f757263652d7365727665722d726573742d617069787371007e0029770c000000103f40000000000000787372004f6f72672e737072696e676672616d65776f726b2e73656375726974792e61757468656e7469636174696f6e2e557365726e616d6550617373776f726441757468656e7469636174696f6e546f6b656e00000000000001fe0200024c000b63726564656e7469616c7371007e00054c00097072696e636970616c71007e00057871007e0003017371007e00077371007e000b0000000177040000000171007e00127871007e0038737200176a6176612e7574696c2e4c696e6b6564486173684d617034c04e5c106cc0fb0200015a000b6163636573734f726465727871007e00203f400000000000067708000000080000000271007e002271007e002371007e002471007e00257800707372002c636f6d2e6a617469732e74656d706c6174652e757365726d616e6167656d656e742e6d6f64656c2e55736572006c1af87af6053f0200175a000e6163636f756e74457870697265645a000d6163636f756e744c6f636b65645a001263726564656e7469616c73457870697265645a000664656c6574655a0007656e61626c65644c000b617574686f72697469657371007e00044c00066272616e636871007e00104c000963726561746564427971007e000e4c000b6372656174656454696d6571007e000f4c00086469766973696f6e71007e00104c000b656d61696c53746174757371007e00104c000866636d546f6b656e71007e00104c000866756c6c4e616d6571007e00104c00156c61737450617373776f726452657365744461746571007e000f4c00036f747071007e00104c000870617373776f726471007e00104c000673656372657471007e00104c000975706461746564427971007e000e4c000b7570646174656454696d6571007e000f4c000675736572496471007e000e4c0007757365724e696b71007e00104c0006757365724e6f71007e00104c0008757365726e616d6571007e0010787000000000017371007e000b0000000177040000000171007e001278707371007e0013bb56fc35e685794ce9311edd22094afb737200126a6176612e73716c2e54696d657374616d702618d5c80153bf650200014900056e616e6f737872000e6a6176612e7574696c2e44617465686a81014b597419030000787077080000016c715700d87802625a0074000a4d616e6167656d656e7474000e456d61696c5f56657269666965647074000b41646d696e204a617469737074000631323330343574003c2432612431302430617942496c613466307135425349726b56424c7a4f5138364a6e3336416d70667a332f515835566558737379454d7855746f434f707371007e0013a1f14c0e8b500e96686457ccd6f94c877371007e003f77080000016cbcc7984878139c24407371007e0013a1f14c0e8b500e96686457ccd6f94c877074000655736572303274000f61646d696e406a617469732e636f6d
d1a7f83efe3b239840cf1f3fcff1eb4e	\\xaced00057372004c6f72672e737072696e676672616d65776f726b2e73656375726974792e6f61757468322e636f6d6d6f6e2e44656661756c744578706972696e674f417574683252656672657368546f6b656e2fdf47639dd0c9b70200014c000a65787069726174696f6e7400104c6a6176612f7574696c2f446174653b787200446f72672e737072696e676672616d65776f726b2e73656375726974792e6f61757468322e636f6d6d6f6e2e44656661756c744f417574683252656672657368546f6b656e73e10e0a6354d45e0200014c000576616c75657400124c6a6176612f6c616e672f537472696e673b787074002430313735653235372d656238372d343964652d386266632d3066326235303766656437637372000e6a6176612e7574696c2e44617465686a81014b597419030000787077080000016d33793fc578	\\xaced0005737200416f72672e737072696e676672616d65776f726b2e73656375726974792e6f61757468322e70726f76696465722e4f417574683241757468656e7469636174696f6ebd400b02166252130200024c000d73746f7265645265717565737474003c4c6f72672f737072696e676672616d65776f726b2f73656375726974792f6f61757468322f70726f76696465722f4f4175746832526571756573743b4c00127573657241757468656e7469636174696f6e7400324c6f72672f737072696e676672616d65776f726b2f73656375726974792f636f72652f41757468656e7469636174696f6e3b787200476f72672e737072696e676672616d65776f726b2e73656375726974792e61757468656e7469636174696f6e2e416273747261637441757468656e7469636174696f6e546f6b656ed3aa287e6e47640e0200035a000d61757468656e746963617465644c000b617574686f7269746965737400164c6a6176612f7574696c2f436f6c6c656374696f6e3b4c000764657461696c737400124c6a6176612f6c616e672f4f626a6563743b787000737200266a6176612e7574696c2e436f6c6c656374696f6e7324556e6d6f6469666961626c654c697374fc0f2531b5ec8e100200014c00046c6973747400104c6a6176612f7574696c2f4c6973743b7872002c6a6176612e7574696c2e436f6c6c656374696f6e7324556e6d6f6469666961626c65436f6c6c656374696f6e19420080cb5ef71e0200014c00016371007e00047870737200136a6176612e7574696c2e41727261794c6973747881d21d99c7619d03000149000473697a657870000000027704000000027372002c636f6d2e6a617469732e74656d706c6174652e757365726d616e6167656d656e742e6d6f64656c2e526f6c654be6a9a5b480d9a80200044c0006726f6c6549647400104c6a6176612f7574696c2f555549443b4c0008726f6c654e616d657400124c6a6176612f6c616e672f537472696e673b4c0006726f6c654e6f71007e000f4c00067374617475737400134c6a6176612f6c616e672f426f6f6c65616e3b78707372000e6a6176612e7574696c2e55554944bc9903f7986d852f0200024a000c6c65617374536967426974734a000b6d6f7374536967426974737870a303b540951d935d77ed740cb9444297740006546573746572740006526f6c653033737200116a6176612e6c616e672e426f6f6c65616ecd207280d59cfaee0200015a000576616c75657870017371007e000d7371007e001286e40d3561cef784ab1b2eb179f74f4f74000a54657374486170757331740006526f6c65303571007e00177871007e000c707372003a6f72672e737072696e676672616d65776f726b2e73656375726974792e6f61757468322e70726f76696465722e4f41757468325265717565737400000000000000010200075a0008617070726f7665644c000b617574686f72697469657371007e00044c000a657874656e73696f6e7374000f4c6a6176612f7574696c2f4d61703b4c000b726564697265637455726971007e000f4c00077265667265736874003b4c6f72672f737072696e676672616d65776f726b2f73656375726974792f6f61757468322f70726f76696465722f546f6b656e526571756573743b4c000b7265736f7572636549647374000f4c6a6176612f7574696c2f5365743b4c000d726573706f6e7365547970657371007e001f787200386f72672e737072696e676672616d65776f726b2e73656375726974792e6f61757468322e70726f76696465722e426173655265717565737436287a3ea37169bd0200034c0008636c69656e74496471007e000f4c001172657175657374506172616d657465727371007e001d4c000573636f706571007e001f7870740028737072696e672d73656375726974792d6f61757468322d726561642d77726974652d636c69656e74737200256a6176612e7574696c2e436f6c6c656374696f6e7324556e6d6f6469666961626c654d6170f1a5a8fe74f507420200014c00016d71007e001d7870737200116a6176612e7574696c2e486173684d61700507dac1c31660d103000246000a6c6f6164466163746f724900097468726573686f6c6478703f400000000000037708000000040000000274000a6772616e745f7479706574000870617373776f7264740008757365726e616d657400166c756875742e70617363616c40676d61696c2e636f6d78737200256a6176612e7574696c2e436f6c6c656374696f6e7324556e6d6f6469666961626c65536574801d92d18f9b80550200007871007e0009737200176a6176612e7574696c2e4c696e6b656448617368536574d86cd75a95dd2a1e020000787200116a6176612e7574696c2e48617368536574ba44859596b8b7340300007870770c000000103f4000000000000274000472656164740005777269746578017371007e002e770c000000103f40000000000001737200426f72672e737072696e676672616d65776f726b2e73656375726974792e636f72652e617574686f726974792e53696d706c654772616e746564417574686f7269747900000000000001fe0200014c0004726f6c6571007e000f787074000455534552787371007e00253f40000000000000770800000010000000007870707371007e002e770c000000103f400000000000017400187265736f757263652d7365727665722d726573742d617069787371007e002e770c000000103f40000000000000787372004f6f72672e737072696e676672616d65776f726b2e73656375726974792e61757468656e7469636174696f6e2e557365726e616d6550617373776f726441757468656e7469636174696f6e546f6b656e00000000000001fe0200024c000b63726564656e7469616c7371007e00054c00097072696e636970616c71007e00057871007e0003017371007e00077371007e000b0000000277040000000271007e001171007e00187871007e003d737200176a6176612e7574696c2e4c696e6b6564486173684d617034c04e5c106cc0fb0200015a000b6163636573734f726465727871007e00253f400000000000067708000000080000000271007e002771007e002871007e002971007e002a7800707372002c636f6d2e6a617469732e74656d706c6174652e757365726d616e6167656d656e742e6d6f64656c2e55736572006c1af87af6053f0200165a000e6163636f756e74457870697265645a000d6163636f756e744c6f636b65645a001263726564656e7469616c73457870697265645a0007656e61626c65644c000b617574686f72697469657371007e00044c00066272616e636871007e000f4c000963726561746564427971007e000e4c000b6372656174656454696d657400104c6a6176612f7574696c2f446174653b4c00086469766973696f6e71007e000f4c000b656d61696c53746174757371007e000f4c000866636d546f6b656e71007e000f4c000866756c6c4e616d6571007e000f4c00156c61737450617373776f726452657365744461746571007e00414c00036f747071007e000f4c000870617373776f726471007e000f4c000673656372657471007e000f4c000975706461746564427971007e000e4c000b7570646174656454696d6571007e00414c000675736572496471007e000e4c0007757365724e696b71007e000f4c0006757365724e6f71007e000f4c0008757365726e616d6571007e000f7870000000017372002f6f72672e68696265726e6174652e636f6c6c656374696f6e2e696e7465726e616c2e50657273697374656e744261673e6a0d30495f208f0200014c000362616771007e00087872003e6f72672e68696265726e6174652e636f6c6c656374696f6e2e696e7465726e616c2e416273747261637450657273697374656e74436f6c6c656374696f6e402cf80d58d552f202000b5a001b616c6c6f774c6f61644f7574736964655472616e73616374696f6e49000a63616368656453697a655a000564697274795a000e656c656d656e7452656d6f7665645a000b696e697469616c697a65645a000d697354656d7053657373696f6e4c00036b65797400164c6a6176612f696f2f53657269616c697a61626c653b4c00056f776e657271007e00054c0004726f6c6571007e000f4c001273657373696f6e466163746f72795575696471007e000f4c000e73746f726564536e617073686f7471007e0045787000ffffffff000001007371007e0012b39cf72b30703e5c55d583c6718f453171007e0042740038636f6d2e6a617469732e74656d706c6174652e757365726d616e6167656d656e742e6d6f64656c2e557365722e617574686f726974696573707371007e000b0000000277040000000271007e001171007e0018787371007e000b0000000277040000000271007e001171007e0018787070737200126a6176612e73716c2e54696d657374616d702618d5c80153bf650200014900056e616e6f737872000e6a6176612e7574696c2e44617465686a81014b597419030000787077080000016c98ca79b0782ed968807400074469676974616c74000e456d61696c5f5665726966696564707400096c7568757420417274707074003c243261243038246337476b7058476c5844357659775474536d792f382e636e37477765694d68342e4d4e4249776e334b356f416e4e6e783836686a4b70707071007e0047707400065573657234347400166c756875742e70617363616c40676d61696c2e636f6d
06daebaf86715073009d337c83ab567e	\\xaced00057372004c6f72672e737072696e676672616d65776f726b2e73656375726974792e6f61757468322e636f6d6d6f6e2e44656661756c744578706972696e674f417574683252656672657368546f6b656e2fdf47639dd0c9b70200014c000a65787069726174696f6e7400104c6a6176612f7574696c2f446174653b787200446f72672e737072696e676672616d65776f726b2e73656375726974792e6f61757468322e636f6d6d6f6e2e44656661756c744f417574683252656672657368546f6b656e73e10e0a6354d45e0200014c000576616c75657400124c6a6176612f6c616e672f537472696e673b787074002439363430646464612d343562372d343630362d626162662d6131346134383961363634397372000e6a6176612e7574696c2e44617465686a81014b597419030000787077080000016db8cd616278	\\xaced0005737200416f72672e737072696e676672616d65776f726b2e73656375726974792e6f61757468322e70726f76696465722e4f417574683241757468656e7469636174696f6ebd400b02166252130200024c000d73746f7265645265717565737474003c4c6f72672f737072696e676672616d65776f726b2f73656375726974792f6f61757468322f70726f76696465722f4f4175746832526571756573743b4c00127573657241757468656e7469636174696f6e7400324c6f72672f737072696e676672616d65776f726b2f73656375726974792f636f72652f41757468656e7469636174696f6e3b787200476f72672e737072696e676672616d65776f726b2e73656375726974792e61757468656e7469636174696f6e2e416273747261637441757468656e7469636174696f6e546f6b656ed3aa287e6e47640e0200035a000d61757468656e746963617465644c000b617574686f7269746965737400164c6a6176612f7574696c2f436f6c6c656374696f6e3b4c000764657461696c737400124c6a6176612f6c616e672f4f626a6563743b787000737200266a6176612e7574696c2e436f6c6c656374696f6e7324556e6d6f6469666961626c654c697374fc0f2531b5ec8e100200014c00046c6973747400104c6a6176612f7574696c2f4c6973743b7872002c6a6176612e7574696c2e436f6c6c656374696f6e7324556e6d6f6469666961626c65436f6c6c656374696f6e19420080cb5ef71e0200014c00016371007e00047870737200136a6176612e7574696c2e41727261794c6973747881d21d99c7619d03000149000473697a657870000000017704000000017372002b636f6d2e6a617469732e74656d706c6174652e636f6d6d6f6e2e646f6d61696e2e436f6d6d6f6e526f6c654be6a9a5b480d9a80200034c0006726f6c6549647400104c6a6176612f7574696c2f555549443b4c0008726f6c654e616d657400124c6a6176612f6c616e672f537472696e673b4c0006726f6c654e6f71007e000f78707372000e6a6176612e7574696c2e55554944bc9903f7986d852f0200024a000c6c65617374536967426974734a000b6d6f7374536967426974737870b50b61b3ab078ce2febcc8a1d52d454174000b53757065722041646d696e740006526f6c6530317871007e000c707372003a6f72672e737072696e676672616d65776f726b2e73656375726974792e6f61757468322e70726f76696465722e4f41757468325265717565737400000000000000010200075a0008617070726f7665644c000b617574686f72697469657371007e00044c000a657874656e73696f6e7374000f4c6a6176612f7574696c2f4d61703b4c000b726564697265637455726971007e000f4c00077265667265736874003b4c6f72672f737072696e676672616d65776f726b2f73656375726974792f6f61757468322f70726f76696465722f546f6b656e526571756573743b4c000b7265736f7572636549647374000f4c6a6176612f7574696c2f5365743b4c000d726573706f6e7365547970657371007e0018787200386f72672e737072696e676672616d65776f726b2e73656375726974792e6f61757468322e70726f76696465722e426173655265717565737436287a3ea37169bd0200034c0008636c69656e74496471007e000f4c001172657175657374506172616d657465727371007e00164c000573636f706571007e00187870740028737072696e672d73656375726974792d6f61757468322d726561642d77726974652d636c69656e74737200256a6176612e7574696c2e436f6c6c656374696f6e7324556e6d6f6469666961626c654d6170f1a5a8fe74f507420200014c00016d71007e00167870737200116a6176612e7574696c2e486173684d61700507dac1c31660d103000246000a6c6f6164466163746f724900097468726573686f6c6478703f400000000000067708000000080000000374000a6772616e745f7479706574000870617373776f7264740009636c69656e745f6964740028737072696e672d73656375726974792d6f61757468322d726561642d77726974652d636c69656e74740008757365726e616d6574000f61646d696e406a617469732e636f6d78737200256a6176612e7574696c2e436f6c6c656374696f6e7324556e6d6f6469666961626c65536574801d92d18f9b80550200007871007e0009737200176a6176612e7574696c2e4c696e6b656448617368536574d86cd75a95dd2a1e020000787200116a6176612e7574696c2e48617368536574ba44859596b8b7340300007870770c000000103f4000000000000274000472656164740005777269746578017371007e0029770c000000103f40000000000001737200426f72672e737072696e676672616d65776f726b2e73656375726974792e636f72652e617574686f726974792e53696d706c654772616e746564417574686f7269747900000000000001fe0200014c0004726f6c6571007e000f787074000455534552787371007e001e3f40000000000000770800000010000000007870707371007e0029770c000000103f400000000000017400187265736f757263652d7365727665722d726573742d617069787371007e0029770c000000103f40000000000000787372004f6f72672e737072696e676672616d65776f726b2e73656375726974792e61757468656e7469636174696f6e2e557365726e616d6550617373776f726441757468656e7469636174696f6e546f6b656e00000000000001fe0200024c000b63726564656e7469616c7371007e00054c00097072696e636970616c71007e00057871007e0003017371007e00077371007e000b0000000177040000000171007e00107871007e0038737200176a6176612e7574696c2e4c696e6b6564486173684d617034c04e5c106cc0fb0200015a000b6163636573734f726465727871007e001e3f400000000000067708000000080000000371007e002071007e002171007e002271007e002371007e002471007e002578007073720032636f6d2e6a617469732e74656d706c6174652e636f6d6d6f6e2e646f6d61696e2e436f6d6d6f6e5573657244657461696c7300000000000000010200155a000e6163636f756e74457870697265645a000d6163636f756e744c6f636b65645a001263726564656e7469616c73457870697265645a000c64656c6574655374617475735a0007656e61626c65644c000b617574686f72697469657371007e00044c00066272616e636871007e000f4c000963726561746564427971007e000e4c000b6372656174656454696d657400104c6a6176612f7574696c2f446174653b4c000a6469766973696f6e496471007e000e4c000b656d61696c53746174757371007e000f4c000866756c6c4e616d6571007e000f4c00156c61737450617373776f726452657365744461746571007e003c4c000870617373776f726471007e000f4c000673656372657471007e000f4c000975706461746564427971007e000e4c000b7570646174656454696d6571007e003c4c000675736572496471007e000e4c0007757365724e696b71007e000f4c0006757365724e6f71007e000f4c0008757365726e616d6571007e000f787000000000017371007e000b0000000177040000000171007e001078707371007e0011bb56fc35e685794ce9311edd22094afb737200126a6176612e73716c2e54696d657374616d702618d5c80153bf650200014900056e616e6f737872000e6a6176612e7574696c2e44617465686a81014b597419030000787077080000016c715700d87802625a007371007e0011aa33340ea817033ca091eb99d04747fe74000e456d61696c5f566572696669656474000b41646d696e204a617469737074003c2432612431302430617942496c613466307135425349726b56424c7a4f5138364a6e3336416d70667a332f515835566558737379454d7855746f434f707371007e0011b5172f1e41ab3444e7332d59c2854a6d7371007e004077080000016d1969a528783178cb807371007e0011a1f14c0e8b500e96686457ccd6f94c877074000655736572303274000f61646d696e406a617469732e636f6d
9f4c75330e81a380a67b2af14bfed4c9	\\xaced00057372004c6f72672e737072696e676672616d65776f726b2e73656375726974792e6f61757468322e636f6d6d6f6e2e44656661756c744578706972696e674f417574683252656672657368546f6b656e2fdf47639dd0c9b70200014c000a65787069726174696f6e7400104c6a6176612f7574696c2f446174653b787200446f72672e737072696e676672616d65776f726b2e73656375726974792e6f61757468322e636f6d6d6f6e2e44656661756c744f417574683252656672657368546f6b656e73e10e0a6354d45e0200014c000576616c75657400124c6a6176612f6c616e672f537472696e673b787074002432393665306461632d663236372d343964642d616462322d6239643930623139663737367372000e6a6176612e7574696c2e44617465686a81014b597419030000787077080000016d57e2430478	\\xaced0005737200416f72672e737072696e676672616d65776f726b2e73656375726974792e6f61757468322e70726f76696465722e4f417574683241757468656e7469636174696f6ebd400b02166252130200024c000d73746f7265645265717565737474003c4c6f72672f737072696e676672616d65776f726b2f73656375726974792f6f61757468322f70726f76696465722f4f4175746832526571756573743b4c00127573657241757468656e7469636174696f6e7400324c6f72672f737072696e676672616d65776f726b2f73656375726974792f636f72652f41757468656e7469636174696f6e3b787200476f72672e737072696e676672616d65776f726b2e73656375726974792e61757468656e7469636174696f6e2e416273747261637441757468656e7469636174696f6e546f6b656ed3aa287e6e47640e0200035a000d61757468656e746963617465644c000b617574686f7269746965737400164c6a6176612f7574696c2f436f6c6c656374696f6e3b4c000764657461696c737400124c6a6176612f6c616e672f4f626a6563743b787000737200266a6176612e7574696c2e436f6c6c656374696f6e7324556e6d6f6469666961626c654c697374fc0f2531b5ec8e100200014c00046c6973747400104c6a6176612f7574696c2f4c6973743b7872002c6a6176612e7574696c2e436f6c6c656374696f6e7324556e6d6f6469666961626c65436f6c6c656374696f6e19420080cb5ef71e0200014c00016371007e00047870737200136a6176612e7574696c2e41727261794c6973747881d21d99c7619d03000149000473697a657870000000017704000000017372002c636f6d2e6a617469732e74656d706c6174652e757365726d616e6167656d656e742e6d6f64656c2e526f6c654be6a9a5b480d9a80200095a000c64656c6574655374617475734c000c6163746976655374617475737400134c6a6176612f6c616e672f426f6f6c65616e3b4c00096372656174656442797400104c6a6176612f7574696c2f555549443b4c000b6372656174656454696d657400104c6a6176612f7574696c2f446174653b4c0006726f6c65496471007e000f4c0008726f6c654e616d657400124c6a6176612f6c616e672f537472696e673b4c0006726f6c654e6f71007e00114c000975706461746564427971007e000f4c000b7570646174656454696d6571007e00107870007070707372000e6a6176612e7574696c2e55554944bc9903f7986d852f0200024a000c6c65617374536967426974734a000b6d6f73745369674269747378709781aadce2d0ef7a69a74a9f481c49ee74000a4d6f7265205375706572740006526f6c65313170707871007e000c707372003a6f72672e737072696e676672616d65776f726b2e73656375726974792e6f61757468322e70726f76696465722e4f41757468325265717565737400000000000000010200075a0008617070726f7665644c000b617574686f72697469657371007e00044c000a657874656e73696f6e7374000f4c6a6176612f7574696c2f4d61703b4c000b726564697265637455726971007e00114c00077265667265736874003b4c6f72672f737072696e676672616d65776f726b2f73656375726974792f6f61757468322f70726f76696465722f546f6b656e526571756573743b4c000b7265736f7572636549647374000f4c6a6176612f7574696c2f5365743b4c000d726573706f6e7365547970657371007e001a787200386f72672e737072696e676672616d65776f726b2e73656375726974792e6f61757468322e70726f76696465722e426173655265717565737436287a3ea37169bd0200034c0008636c69656e74496471007e00114c001172657175657374506172616d657465727371007e00184c000573636f706571007e001a7870740028737072696e672d73656375726974792d6f61757468322d726561642d77726974652d636c69656e74737200256a6176612e7574696c2e436f6c6c656374696f6e7324556e6d6f6469666961626c654d6170f1a5a8fe74f507420200014c00016d71007e00187870737200116a6176612e7574696c2e486173684d61700507dac1c31660d103000246000a6c6f6164466163746f724900097468726573686f6c6478703f400000000000067708000000080000000374000a6772616e745f7479706574000870617373776f7264740009636c69656e745f6964740028737072696e672d73656375726974792d6f61757468322d726561642d77726974652d636c69656e74740008757365726e616d6574001c74657374696e67686170757335406d61696c696e61746f722e636f6d78737200256a6176612e7574696c2e436f6c6c656374696f6e7324556e6d6f6469666961626c65536574801d92d18f9b80550200007871007e0009737200176a6176612e7574696c2e4c696e6b656448617368536574d86cd75a95dd2a1e020000787200116a6176612e7574696c2e48617368536574ba44859596b8b7340300007870770c000000103f4000000000000274000472656164740005777269746578017371007e002b770c000000103f40000000000001737200426f72672e737072696e676672616d65776f726b2e73656375726974792e636f72652e617574686f726974792e53696d706c654772616e746564417574686f7269747900000000000001fe0200014c0004726f6c6571007e0011787074000455534552787371007e00203f40000000000000770800000010000000007870707371007e002b770c000000103f400000000000017400187265736f757263652d7365727665722d726573742d617069787371007e002b770c000000103f40000000000000787372004f6f72672e737072696e676672616d65776f726b2e73656375726974792e61757468656e7469636174696f6e2e557365726e616d6550617373776f726441757468656e7469636174696f6e546f6b656e00000000000001fe0200024c000b63726564656e7469616c7371007e00054c00097072696e636970616c71007e00057871007e0003017371007e00077371007e000b0000000177040000000171007e00127871007e003a737200176a6176612e7574696c2e4c696e6b6564486173684d617034c04e5c106cc0fb0200015a000b6163636573734f726465727871007e00203f400000000000067708000000080000000371007e002271007e002371007e002471007e002571007e002671007e00277800707372002c636f6d2e6a617469732e74656d706c6174652e757365726d616e6167656d656e742e6d6f64656c2e55736572006c1af87af6053f0200175a000e6163636f756e74457870697265645a000d6163636f756e744c6f636b65645a001263726564656e7469616c73457870697265645a000c64656c6574655374617475735a0007656e61626c65644c000b617574686f72697469657371007e00044c00066272616e636871007e00114c000963726561746564427971007e000f4c000b6372656174656454696d6571007e00104c00086469766973696f6e71007e00114c000b656d61696c53746174757371007e00114c000866636d546f6b656e71007e00114c000866756c6c4e616d6571007e00114c00156c61737450617373776f726452657365744461746571007e00104c00036f747071007e00114c000870617373776f726471007e00114c000673656372657471007e00114c000975706461746564427971007e000f4c000b7570646174656454696d6571007e00104c000675736572496471007e000f4c0007757365724e696b71007e00114c0006757365724e6f71007e00114c0008757365726e616d6571007e0011787000000000017371007e000b0000000177040000000171007e001278707371007e0013a3651494d3cdd8ef02c1c5e01a284d20737200126a6176612e73716c2e54696d657374616d702618d5c80153bf650200014900056e616e6f737872000e6a6176612e7574696c2e44617465686a81014b597419030000787077080000016cbd5dc980782d6b328074000344657674000e456d61696c5f56657269666965647074000d74657374696e67686170757335707074003c2432612431302447574b726852465a527558484748676a575873753675356b61496d7053374162534d4d44356855355a446148382f35744879426a367070707371007e00138f1dd554d7826b8c936d6e626b3b4273707400075573657231303074001c74657374696e67686170757335406d61696c696e61746f722e636f6d
cb656081ddb0f6cbbc5f28b3f63a9b43	\\xaced00057372004c6f72672e737072696e676672616d65776f726b2e73656375726974792e6f61757468322e636f6d6d6f6e2e44656661756c744578706972696e674f417574683252656672657368546f6b656e2fdf47639dd0c9b70200014c000a65787069726174696f6e7400104c6a6176612f7574696c2f446174653b787200446f72672e737072696e676672616d65776f726b2e73656375726974792e6f61757468322e636f6d6d6f6e2e44656661756c744f417574683252656672657368546f6b656e73e10e0a6354d45e0200014c000576616c75657400124c6a6176612f6c616e672f537472696e673b787074002435633436366164332d383964662d346561372d396137302d6338393362303162363830307372000e6a6176612e7574696c2e44617465686a81014b597419030000787077080000016e78d5a4d878	\\xaced0005737200416f72672e737072696e676672616d65776f726b2e73656375726974792e6f61757468322e70726f76696465722e4f417574683241757468656e7469636174696f6ebd400b02166252130200024c000d73746f7265645265717565737474003c4c6f72672f737072696e676672616d65776f726b2f73656375726974792f6f61757468322f70726f76696465722f4f4175746832526571756573743b4c00127573657241757468656e7469636174696f6e7400324c6f72672f737072696e676672616d65776f726b2f73656375726974792f636f72652f41757468656e7469636174696f6e3b787200476f72672e737072696e676672616d65776f726b2e73656375726974792e61757468656e7469636174696f6e2e416273747261637441757468656e7469636174696f6e546f6b656ed3aa287e6e47640e0200035a000d61757468656e746963617465644c000b617574686f7269746965737400164c6a6176612f7574696c2f436f6c6c656374696f6e3b4c000764657461696c737400124c6a6176612f6c616e672f4f626a6563743b787000737200266a6176612e7574696c2e436f6c6c656374696f6e7324556e6d6f6469666961626c654c697374fc0f2531b5ec8e100200014c00046c6973747400104c6a6176612f7574696c2f4c6973743b7872002c6a6176612e7574696c2e436f6c6c656374696f6e7324556e6d6f6469666961626c65436f6c6c656374696f6e19420080cb5ef71e0200014c00016371007e00047870737200136a6176612e7574696c2e41727261794c6973747881d21d99c7619d03000149000473697a657870000000027704000000027372002b636f6d2e6a617469732e74656d706c6174652e636f6d6d6f6e2e646f6d61696e2e436f6d6d6f6e526f6c654be6a9a5b480d9a80200034c0006726f6c6549647400104c6a6176612f7574696c2f555549443b4c0008726f6c654e616d657400124c6a6176612f6c616e672f537472696e673b4c0006726f6c654e6f71007e000f78707372000e6a6176612e7574696c2e55554944bc9903f7986d852f0200024a000c6c65617374536967426974734a000b6d6f7374536967426974737870af862616b743597808dd2aa2b4b44c7f74000c53756e616e646920526f6c65740006526f6c6532377371007e000d7371007e0011b94217065e20367c944649f2ca5447c974000a53656e6a6120526f6c65740006526f6c6533317871007e000c707372003a6f72672e737072696e676672616d65776f726b2e73656375726974792e6f61757468322e70726f76696465722e4f41757468325265717565737400000000000000010200075a0008617070726f7665644c000b617574686f72697469657371007e00044c000a657874656e73696f6e7374000f4c6a6176612f7574696c2f4d61703b4c000b726564697265637455726971007e000f4c00077265667265736874003b4c6f72672f737072696e676672616d65776f726b2f73656375726974792f6f61757468322f70726f76696465722f546f6b656e526571756573743b4c000b7265736f7572636549647374000f4c6a6176612f7574696c2f5365743b4c000d726573706f6e7365547970657371007e001c787200386f72672e737072696e676672616d65776f726b2e73656375726974792e6f61757468322e70726f76696465722e426173655265717565737436287a3ea37169bd0200034c0008636c69656e74496471007e000f4c001172657175657374506172616d657465727371007e001a4c000573636f706571007e001c7870740028737072696e672d73656375726974792d6f61757468322d726561642d77726974652d636c69656e74737200256a6176612e7574696c2e436f6c6c656374696f6e7324556e6d6f6469666961626c654d6170f1a5a8fe74f507420200014c00016d71007e001a7870737200116a6176612e7574696c2e486173684d61700507dac1c31660d103000246000a6c6f6164466163746f724900097468726573686f6c6478703f400000000000037708000000040000000274000a6772616e745f7479706574000870617373776f7264740008757365726e616d657400126468616e692e6d6e40676d61696c2e636f6d78737200256a6176612e7574696c2e436f6c6c656374696f6e7324556e6d6f6469666961626c65536574801d92d18f9b80550200007871007e0009737200176a6176612e7574696c2e4c696e6b656448617368536574d86cd75a95dd2a1e020000787200116a6176612e7574696c2e48617368536574ba44859596b8b7340300007870770c000000103f4000000000000274000472656164740005777269746578017371007e002b770c000000103f40000000000001737200426f72672e737072696e676672616d65776f726b2e73656375726974792e636f72652e617574686f726974792e53696d706c654772616e746564417574686f7269747900000000000001fe0200014c0004726f6c6571007e000f787074000455534552787371007e00223f40000000000000770800000010000000007870707371007e002b770c000000103f400000000000017400187265736f757263652d7365727665722d726573742d617069787371007e002b770c000000103f40000000000000787372004f6f72672e737072696e676672616d65776f726b2e73656375726974792e61757468656e7469636174696f6e2e557365726e616d6550617373776f726441757468656e7469636174696f6e546f6b656e00000000000001fe0200024c000b63726564656e7469616c7371007e00054c00097072696e636970616c71007e00057871007e0003017371007e00077371007e000b0000000277040000000271007e001071007e00157871007e003a737200176a6176612e7574696c2e4c696e6b6564486173684d617034c04e5c106cc0fb0200015a000b6163636573734f726465727871007e00223f400000000000067708000000080000000271007e002471007e002571007e002671007e002778007073720032636f6d2e6a617469732e74656d706c6174652e636f6d6d6f6e2e646f6d61696e2e436f6d6d6f6e5573657244657461696c7300000000000000010200155a000e6163636f756e74457870697265645a000d6163636f756e744c6f636b65645a001263726564656e7469616c73457870697265645a000c64656c6574655374617475735a0007656e61626c65644c000b617574686f72697469657371007e00044c00066272616e636871007e000f4c000963726561746564427971007e000e4c000b6372656174656454696d657400104c6a6176612f7574696c2f446174653b4c000a6469766973696f6e496471007e000e4c000b656d61696c53746174757371007e000f4c000866756c6c4e616d6571007e000f4c00156c61737450617373776f726452657365744461746571007e003e4c000870617373776f726471007e000f4c000673656372657471007e000f4c000975706461746564427971007e000e4c000b7570646174656454696d6571007e003e4c000675736572496471007e000e4c0007757365724e696b71007e000f4c0006757365724e6f71007e000f4c0008757365726e616d6571007e000f787000000000017371007e000b0000000277040000000271007e001071007e0015787070737200126a6176612e73716c2e54696d657374616d702618d5c80153bf650200014900056e616e6f737872000e6a6176612e7574696c2e44617465686a81014b597419030000787077080000016dde5309d87805a995c07371007e0011aa33340ea817033ca091eb99d04747fe74000e456d61696c5f56657269666965647400104d7568616d6164204e75726468616e697074003c243261243130244637426d3463724c2f5652515134312e51357265584f376e426f796734565364506d4c4a2f374e6f71654d6c563076554266364f3670707371007e004177080000016dde56c6e07812a800407371007e0011974f10ba3a7bd810d7a91141c0f64e9170740007557365723130307400126468616e692e6d6e40676d61696c2e636f6d
da0ac9dd535223a3b8152ad3679b8229	\\xaced00057372004c6f72672e737072696e676672616d65776f726b2e73656375726974792e6f61757468322e636f6d6d6f6e2e44656661756c744578706972696e674f417574683252656672657368546f6b656e2fdf47639dd0c9b70200014c000a65787069726174696f6e7400104c6a6176612f7574696c2f446174653b787200446f72672e737072696e676672616d65776f726b2e73656375726974792e6f61757468322e636f6d6d6f6e2e44656661756c744f417574683252656672657368546f6b656e73e10e0a6354d45e0200014c000576616c75657400124c6a6176612f6c616e672f537472696e673b787074002438373435313364632d383162302d346436352d383465392d3366373239616334613139647372000e6a6176612e7574696c2e44617465686a81014b597419030000787077080000016d8b13e72a78	\\xaced0005737200416f72672e737072696e676672616d65776f726b2e73656375726974792e6f61757468322e70726f76696465722e4f417574683241757468656e7469636174696f6ebd400b02166252130200024c000d73746f7265645265717565737474003c4c6f72672f737072696e676672616d65776f726b2f73656375726974792f6f61757468322f70726f76696465722f4f4175746832526571756573743b4c00127573657241757468656e7469636174696f6e7400324c6f72672f737072696e676672616d65776f726b2f73656375726974792f636f72652f41757468656e7469636174696f6e3b787200476f72672e737072696e676672616d65776f726b2e73656375726974792e61757468656e7469636174696f6e2e416273747261637441757468656e7469636174696f6e546f6b656ed3aa287e6e47640e0200035a000d61757468656e746963617465644c000b617574686f7269746965737400164c6a6176612f7574696c2f436f6c6c656374696f6e3b4c000764657461696c737400124c6a6176612f6c616e672f4f626a6563743b787000737200266a6176612e7574696c2e436f6c6c656374696f6e7324556e6d6f6469666961626c654c697374fc0f2531b5ec8e100200014c00046c6973747400104c6a6176612f7574696c2f4c6973743b7872002c6a6176612e7574696c2e436f6c6c656374696f6e7324556e6d6f6469666961626c65436f6c6c656374696f6e19420080cb5ef71e0200014c00016371007e00047870737200136a6176612e7574696c2e41727261794c6973747881d21d99c7619d03000149000473697a657870000000017704000000017372002c636f6d2e6a617469732e74656d706c6174652e757365726d616e6167656d656e742e6d6f64656c2e526f6c654be6a9a5b480d9a80200095a000c64656c6574655374617475734c000c6163746976655374617475737400134c6a6176612f6c616e672f426f6f6c65616e3b4c00096372656174656442797400104c6a6176612f7574696c2f555549443b4c000b6372656174656454696d657400104c6a6176612f7574696c2f446174653b4c0006726f6c65496471007e000f4c0008726f6c654e616d657400124c6a6176612f6c616e672f537472696e673b4c0006726f6c654e6f71007e00114c000975706461746564427971007e000f4c000b7570646174656454696d6571007e00107870007070707372000e6a6176612e7574696c2e55554944bc9903f7986d852f0200024a000c6c65617374536967426974734a000b6d6f7374536967426974737870b50b61b3ab078ce2febcc8a1d52d454174000b53757065722041646d696e740006526f6c65303170707871007e000c707372003a6f72672e737072696e676672616d65776f726b2e73656375726974792e6f61757468322e70726f76696465722e4f41757468325265717565737400000000000000010200075a0008617070726f7665644c000b617574686f72697469657371007e00044c000a657874656e73696f6e7374000f4c6a6176612f7574696c2f4d61703b4c000b726564697265637455726971007e00114c00077265667265736874003b4c6f72672f737072696e676672616d65776f726b2f73656375726974792f6f61757468322f70726f76696465722f546f6b656e526571756573743b4c000b7265736f7572636549647374000f4c6a6176612f7574696c2f5365743b4c000d726573706f6e7365547970657371007e001a787200386f72672e737072696e676672616d65776f726b2e73656375726974792e6f61757468322e70726f76696465722e426173655265717565737436287a3ea37169bd0200034c0008636c69656e74496471007e00114c001172657175657374506172616d657465727371007e00184c000573636f706571007e001a7870740028737072696e672d73656375726974792d6f61757468322d726561642d77726974652d636c69656e74737200256a6176612e7574696c2e436f6c6c656374696f6e7324556e6d6f6469666961626c654d6170f1a5a8fe74f507420200014c00016d71007e00187870737200116a6176612e7574696c2e486173684d61700507dac1c31660d103000246000a6c6f6164466163746f724900097468726573686f6c6478703f400000000000037708000000040000000274000a6772616e745f7479706574000870617373776f7264740008757365726e616d6574001566616872756c616c77616e40676d61696c2e636f6d78737200256a6176612e7574696c2e436f6c6c656374696f6e7324556e6d6f6469666961626c65536574801d92d18f9b80550200007871007e0009737200176a6176612e7574696c2e4c696e6b656448617368536574d86cd75a95dd2a1e020000787200116a6176612e7574696c2e48617368536574ba44859596b8b7340300007870770c000000103f4000000000000274000472656164740005777269746578017371007e0029770c000000103f40000000000001737200426f72672e737072696e676672616d65776f726b2e73656375726974792e636f72652e617574686f726974792e53696d706c654772616e746564417574686f7269747900000000000001fe0200014c0004726f6c6571007e0011787074000455534552787371007e00203f40000000000000770800000010000000007870707371007e0029770c000000103f400000000000017400187265736f757263652d7365727665722d726573742d617069787371007e0029770c000000103f40000000000000787372004f6f72672e737072696e676672616d65776f726b2e73656375726974792e61757468656e7469636174696f6e2e557365726e616d6550617373776f726441757468656e7469636174696f6e546f6b656e00000000000001fe0200024c000b63726564656e7469616c7371007e00054c00097072696e636970616c71007e00057871007e0003017371007e00077371007e000b0000000177040000000171007e00127871007e0038737200176a6176612e7574696c2e4c696e6b6564486173684d617034c04e5c106cc0fb0200015a000b6163636573734f726465727871007e00203f400000000000067708000000080000000271007e002271007e002371007e002471007e00257800707372002c636f6d2e6a617469732e74656d706c6174652e757365726d616e6167656d656e742e6d6f64656c2e55736572006c1af87af6053f0200175a000e6163636f756e74457870697265645a000d6163636f756e744c6f636b65645a001263726564656e7469616c73457870697265645a000c64656c6574655374617475735a0007656e61626c65644c000b617574686f72697469657371007e00044c00066272616e636871007e00114c000963726561746564427971007e000f4c000b6372656174656454696d6571007e00104c00086469766973696f6e71007e00114c000b656d61696c53746174757371007e00114c000866636d546f6b656e71007e00114c000866756c6c4e616d6571007e00114c00156c61737450617373776f726452657365744461746571007e00104c00036f747071007e00114c000870617373776f726471007e00114c000673656372657471007e00114c000975706461746564427971007e000f4c000b7570646174656454696d6571007e00104c000675736572496471007e000f4c0007757365724e696b71007e00114c0006757365724e6f71007e00114c0008757365726e616d6571007e0011787000000000017371007e000b0000000177040000000171007e0012787070737200126a6176612e73716c2e54696d657374616d702618d5c80153bf650200014900056e616e6f737872000e6a6176612e7574696c2e44617465686a81014b597419030000787077080000016c995eab3078161d02c0740009446576656c6f70657274000e456d61696c5f5665726966696564707400154d6f68616d6d61642046616872756c20416c77616e707074003c243261243130246d466f654b5452685a62514c6d4d487762667a52724f4f524f38372e4c4f507864747a4a4b4275504e33443870502f306b532f6375707371007e0013b5172f1e41ab3444e7332d59c2854a6d7371007e003e77080000016ce1a9fa487818ea2c807371007e0013b5172f1e41ab3444e7332d59c2854a6d7074000655736572353074001566616872756c616c77616e40676d61696c2e636f6d
81b3a2e99a90181eabbc1c874b343f74	\\xaced00057372004c6f72672e737072696e676672616d65776f726b2e73656375726974792e6f61757468322e636f6d6d6f6e2e44656661756c744578706972696e674f417574683252656672657368546f6b656e2fdf47639dd0c9b70200014c000a65787069726174696f6e7400104c6a6176612f7574696c2f446174653b787200446f72672e737072696e676672616d65776f726b2e73656375726974792e6f61757468322e636f6d6d6f6e2e44656661756c744f417574683252656672657368546f6b656e73e10e0a6354d45e0200014c000576616c75657400124c6a6176612f6c616e672f537472696e673b787074002438356439303637642d363266622d346636612d613964632d3430633839623032366433357372000e6a6176612e7574696c2e44617465686a81014b597419030000787077080000016d5804162378	\\xaced0005737200416f72672e737072696e676672616d65776f726b2e73656375726974792e6f61757468322e70726f76696465722e4f417574683241757468656e7469636174696f6ebd400b02166252130200024c000d73746f7265645265717565737474003c4c6f72672f737072696e676672616d65776f726b2f73656375726974792f6f61757468322f70726f76696465722f4f4175746832526571756573743b4c00127573657241757468656e7469636174696f6e7400324c6f72672f737072696e676672616d65776f726b2f73656375726974792f636f72652f41757468656e7469636174696f6e3b787200476f72672e737072696e676672616d65776f726b2e73656375726974792e61757468656e7469636174696f6e2e416273747261637441757468656e7469636174696f6e546f6b656ed3aa287e6e47640e0200035a000d61757468656e746963617465644c000b617574686f7269746965737400164c6a6176612f7574696c2f436f6c6c656374696f6e3b4c000764657461696c737400124c6a6176612f6c616e672f4f626a6563743b787000737200266a6176612e7574696c2e436f6c6c656374696f6e7324556e6d6f6469666961626c654c697374fc0f2531b5ec8e100200014c00046c6973747400104c6a6176612f7574696c2f4c6973743b7872002c6a6176612e7574696c2e436f6c6c656374696f6e7324556e6d6f6469666961626c65436f6c6c656374696f6e19420080cb5ef71e0200014c00016371007e00047870737200136a6176612e7574696c2e41727261794c6973747881d21d99c7619d03000149000473697a657870000000017704000000017372002c636f6d2e6a617469732e74656d706c6174652e757365726d616e6167656d656e742e6d6f64656c2e526f6c654be6a9a5b480d9a80200095a000664656c6574654c00096372656174656442797400104c6a6176612f7574696c2f555549443b4c000b6372656174656454696d657400104c6a6176612f7574696c2f446174653b4c0006726f6c65496471007e000e4c0008726f6c654e616d657400124c6a6176612f6c616e672f537472696e673b4c0006726f6c654e6f71007e00104c00067374617475737400134c6a6176612f6c616e672f426f6f6c65616e3b4c000975706461746564427971007e000e4c000b7570646174656454696d6571007e000f78700070707372000e6a6176612e7574696c2e55554944bc9903f7986d852f0200024a000c6c65617374536967426974734a000b6d6f7374536967426974737870a303b540951d935d77ed740cb9444297740006546573746572740006526f6c6530337070707871007e000c707372003a6f72672e737072696e676672616d65776f726b2e73656375726974792e6f61757468322e70726f76696465722e4f41757468325265717565737400000000000000010200075a0008617070726f7665644c000b617574686f72697469657371007e00044c000a657874656e73696f6e7374000f4c6a6176612f7574696c2f4d61703b4c000b726564697265637455726971007e00104c00077265667265736874003b4c6f72672f737072696e676672616d65776f726b2f73656375726974792f6f61757468322f70726f76696465722f546f6b656e526571756573743b4c000b7265736f7572636549647374000f4c6a6176612f7574696c2f5365743b4c000d726573706f6e7365547970657371007e001a787200386f72672e737072696e676672616d65776f726b2e73656375726974792e6f61757468322e70726f76696465722e426173655265717565737436287a3ea37169bd0200034c0008636c69656e74496471007e00104c001172657175657374506172616d657465727371007e00184c000573636f706571007e001a7870740028737072696e672d73656375726974792d6f61757468322d726561642d77726974652d636c69656e74737200256a6176612e7574696c2e436f6c6c656374696f6e7324556e6d6f6469666961626c654d6170f1a5a8fe74f507420200014c00016d71007e00187870737200116a6176612e7574696c2e486173684d61700507dac1c31660d103000246000a6c6f6164466163746f724900097468726573686f6c6478703f400000000000037708000000040000000274000a6772616e745f7479706574000870617373776f7264740008757365726e616d6574001c74657374696e6761756c696132406d61696c696e61746f722e636f6d78737200256a6176612e7574696c2e436f6c6c656374696f6e7324556e6d6f6469666961626c65536574801d92d18f9b80550200007871007e0009737200176a6176612e7574696c2e4c696e6b656448617368536574d86cd75a95dd2a1e020000787200116a6176612e7574696c2e48617368536574ba44859596b8b7340300007870770c000000103f4000000000000274000472656164740005777269746578017371007e0029770c000000103f40000000000001737200426f72672e737072696e676672616d65776f726b2e73656375726974792e636f72652e617574686f726974792e53696d706c654772616e746564417574686f7269747900000000000001fe0200014c0004726f6c6571007e0010787074000455534552787371007e00203f40000000000000770800000010000000007870707371007e0029770c000000103f400000000000017400187265736f757263652d7365727665722d726573742d617069787371007e0029770c000000103f40000000000000787372004f6f72672e737072696e676672616d65776f726b2e73656375726974792e61757468656e7469636174696f6e2e557365726e616d6550617373776f726441757468656e7469636174696f6e546f6b656e00000000000001fe0200024c000b63726564656e7469616c7371007e00054c00097072696e636970616c71007e00057871007e0003017371007e00077371007e000b0000000177040000000171007e00127871007e0038737200176a6176612e7574696c2e4c696e6b6564486173684d617034c04e5c106cc0fb0200015a000b6163636573734f726465727871007e00203f400000000000067708000000080000000271007e002271007e002371007e002471007e00257800707372002c636f6d2e6a617469732e74656d706c6174652e757365726d616e6167656d656e742e6d6f64656c2e55736572006c1af87af6053f0200175a000e6163636f756e74457870697265645a000d6163636f756e744c6f636b65645a001263726564656e7469616c73457870697265645a000664656c6574655a0007656e61626c65644c000b617574686f72697469657371007e00044c00066272616e636871007e00104c000963726561746564427971007e000e4c000b6372656174656454696d6571007e000f4c00086469766973696f6e71007e00104c000b656d61696c53746174757371007e00104c000866636d546f6b656e71007e00104c000866756c6c4e616d6571007e00104c00156c61737450617373776f726452657365744461746571007e000f4c00036f747071007e00104c000870617373776f726471007e00104c000673656372657471007e00104c000975706461746564427971007e000e4c000b7570646174656454696d6571007e000f4c000675736572496471007e000e4c0007757365724e696b71007e00104c0006757365724e6f71007e00104c0008757365726e616d6571007e0010787000000000017371007e000b0000000177040000000171007e001278707371007e0013a1f14c0e8b500e96686457ccd6f94c87737200126a6176612e73716c2e54696d657374616d702618d5c80153bf650200014900056e616e6f737872000e6a6176612e7574696c2e44617465686a81014b597419030000787077080000016cbd3941f07805e69ec07400045465737474000e456d61696c5f56657269666965647074000541756c6961707074003c2432612431302450333539637a794632356d47303678447646526d594f6b6956556f463466516774364f39666a6e5a6675627766392e734c52506d6570707371007e003f77080000016cbd3af388783a2c94007371007e00138a2b4df9da12d91dd12194661efb4767707400075573657231303074001c74657374696e6761756c696132406d61696c696e61746f722e636f6d
d3b0c4c9c125a80ccd8e1174cc3f00fe	\\xaced00057372004c6f72672e737072696e676672616d65776f726b2e73656375726974792e6f61757468322e636f6d6d6f6e2e44656661756c744578706972696e674f417574683252656672657368546f6b656e2fdf47639dd0c9b70200014c000a65787069726174696f6e7400104c6a6176612f7574696c2f446174653b787200446f72672e737072696e676672616d65776f726b2e73656375726974792e6f61757468322e636f6d6d6f6e2e44656661756c744f417574683252656672657368546f6b656e73e10e0a6354d45e0200014c000576616c75657400124c6a6176612f6c616e672f537472696e673b787074002461623461353537342d363637322d343364382d386331362d3038653561346134323963647372000e6a6176612e7574696c2e44617465686a81014b597419030000787077080000016dc3e49f0b78	\\xaced0005737200416f72672e737072696e676672616d65776f726b2e73656375726974792e6f61757468322e70726f76696465722e4f417574683241757468656e7469636174696f6ebd400b02166252130200024c000d73746f7265645265717565737474003c4c6f72672f737072696e676672616d65776f726b2f73656375726974792f6f61757468322f70726f76696465722f4f4175746832526571756573743b4c00127573657241757468656e7469636174696f6e7400324c6f72672f737072696e676672616d65776f726b2f73656375726974792f636f72652f41757468656e7469636174696f6e3b787200476f72672e737072696e676672616d65776f726b2e73656375726974792e61757468656e7469636174696f6e2e416273747261637441757468656e7469636174696f6e546f6b656ed3aa287e6e47640e0200035a000d61757468656e746963617465644c000b617574686f7269746965737400164c6a6176612f7574696c2f436f6c6c656374696f6e3b4c000764657461696c737400124c6a6176612f6c616e672f4f626a6563743b787000737200266a6176612e7574696c2e436f6c6c656374696f6e7324556e6d6f6469666961626c654c697374fc0f2531b5ec8e100200014c00046c6973747400104c6a6176612f7574696c2f4c6973743b7872002c6a6176612e7574696c2e436f6c6c656374696f6e7324556e6d6f6469666961626c65436f6c6c656374696f6e19420080cb5ef71e0200014c00016371007e00047870737200136a6176612e7574696c2e41727261794c6973747881d21d99c7619d03000149000473697a657870000000017704000000017372002c636f6d2e6a617469732e74656d706c6174652e757365726d616e6167656d656e742e6d6f64656c2e526f6c654be6a9a5b480d9a80200095a000c64656c6574655374617475734c000c6163746976655374617475737400134c6a6176612f6c616e672f426f6f6c65616e3b4c00096372656174656442797400104c6a6176612f7574696c2f555549443b4c000b6372656174656454696d657400104c6a6176612f7574696c2f446174653b4c0006726f6c65496471007e000f4c0008726f6c654e616d657400124c6a6176612f6c616e672f537472696e673b4c0006726f6c654e6f71007e00114c000975706461746564427971007e000f4c000b7570646174656454696d6571007e00107870007070707372000e6a6176612e7574696c2e55554944bc9903f7986d852f0200024a000c6c65617374536967426974734a000b6d6f7374536967426974737870b50b61b3ab078ce2febcc8a1d52d454174000b53757065722041646d696e740006526f6c65303170707871007e000c707372003a6f72672e737072696e676672616d65776f726b2e73656375726974792e6f61757468322e70726f76696465722e4f41757468325265717565737400000000000000010200075a0008617070726f7665644c000b617574686f72697469657371007e00044c000a657874656e73696f6e7374000f4c6a6176612f7574696c2f4d61703b4c000b726564697265637455726971007e00114c00077265667265736874003b4c6f72672f737072696e676672616d65776f726b2f73656375726974792f6f61757468322f70726f76696465722f546f6b656e526571756573743b4c000b7265736f7572636549647374000f4c6a6176612f7574696c2f5365743b4c000d726573706f6e7365547970657371007e001a787200386f72672e737072696e676672616d65776f726b2e73656375726974792e6f61757468322e70726f76696465722e426173655265717565737436287a3ea37169bd0200034c0008636c69656e74496471007e00114c001172657175657374506172616d657465727371007e00184c000573636f706571007e001a7870740028737072696e672d73656375726974792d6f61757468322d726561642d77726974652d636c69656e74737200256a6176612e7574696c2e436f6c6c656374696f6e7324556e6d6f6469666961626c654d6170f1a5a8fe74f507420200014c00016d71007e00187870737200116a6176612e7574696c2e486173684d61700507dac1c31660d103000246000a6c6f6164466163746f724900097468726573686f6c6478703f400000000000037708000000040000000274000a6772616e745f7479706574000870617373776f7264740008757365726e616d657400176c616b756e2e7465737465726c40676d61696c2e636f6d78737200256a6176612e7574696c2e436f6c6c656374696f6e7324556e6d6f6469666961626c65536574801d92d18f9b80550200007871007e0009737200176a6176612e7574696c2e4c696e6b656448617368536574d86cd75a95dd2a1e020000787200116a6176612e7574696c2e48617368536574ba44859596b8b7340300007870770c000000103f4000000000000274000472656164740005777269746578017371007e0029770c000000103f40000000000001737200426f72672e737072696e676672616d65776f726b2e73656375726974792e636f72652e617574686f726974792e53696d706c654772616e746564417574686f7269747900000000000001fe0200014c0004726f6c6571007e0011787074000455534552787371007e00203f40000000000000770800000010000000007870707371007e0029770c000000103f400000000000017400187265736f757263652d7365727665722d726573742d617069787371007e0029770c000000103f40000000000000787372004f6f72672e737072696e676672616d65776f726b2e73656375726974792e61757468656e7469636174696f6e2e557365726e616d6550617373776f726441757468656e7469636174696f6e546f6b656e00000000000001fe0200024c000b63726564656e7469616c7371007e00054c00097072696e636970616c71007e00057871007e0003017371007e00077371007e000b0000000177040000000171007e00127871007e0038737200176a6176612e7574696c2e4c696e6b6564486173684d617034c04e5c106cc0fb0200015a000b6163636573734f726465727871007e00203f400000000000067708000000080000000271007e002271007e002371007e002471007e00257800707372002c636f6d2e6a617469732e74656d706c6174652e757365726d616e6167656d656e742e6d6f64656c2e55736572006c1af87af6053f0200175a000e6163636f756e74457870697265645a000d6163636f756e744c6f636b65645a001263726564656e7469616c73457870697265645a000c64656c6574655374617475735a0007656e61626c65644c000b617574686f72697469657371007e00044c00066272616e636871007e00114c000963726561746564427971007e000f4c000b6372656174656454696d6571007e00104c000a6469766973696f6e496471007e000f4c000b656d61696c53746174757371007e00114c000866636d546f6b656e71007e00114c000866756c6c4e616d6571007e00114c00156c61737450617373776f726452657365744461746571007e00104c00036f747071007e00114c000870617373776f726471007e00114c000673656372657471007e00114c000975706461746564427971007e000f4c000b7570646174656454696d6571007e00104c000675736572496471007e000f4c0007757365724e696b71007e00114c0006757365724e6f71007e00114c0008757365726e616d6571007e0011787000000000017371007e000b0000000177040000000171007e001278707371007e0013a3651494d3cdd8ef02c1c5e01a284d20737200126a6176612e73716c2e54696d657374616d702618d5c80153bf650200014900056e616e6f737872000e6a6176612e7574696c2e44617465686a81014b597419030000787077080000016c994c5bb078204e43807371007e0013be139f8ede8fc8df6b88c4798dd1499b74000e456d61696c5f56657269666965647074000b416b756e20546573746572707074003c243261243130244b7436364879434872346d2f36736243356b3335312e5150567466486f2e585a616738375a6c75326b4e46386d75385479774c426d707371007e0013aa73620a4848ce3ac2899ff19373456c7371007e003f77080000016cf0ca5680782e5f56807371007e001389a874dfa3f26b80d3dfd89469004a98707400065573657234397400176c616b756e2e7465737465726c40676d61696c2e636f6d
ba3e248d99dbac105430eae0579de29d	\\xaced00057372004c6f72672e737072696e676672616d65776f726b2e73656375726974792e6f61757468322e636f6d6d6f6e2e44656661756c744578706972696e674f417574683252656672657368546f6b656e2fdf47639dd0c9b70200014c000a65787069726174696f6e7400104c6a6176612f7574696c2f446174653b787200446f72672e737072696e676672616d65776f726b2e73656375726974792e6f61757468322e636f6d6d6f6e2e44656661756c744f417574683252656672657368546f6b656e73e10e0a6354d45e0200014c000576616c75657400124c6a6176612f6c616e672f537472696e673b787074002465656631363564382d373232662d346635332d383334302d3839393562623831663834617372000e6a6176612e7574696c2e44617465686a81014b597419030000787077080000016ecff0fc7e78	\\xaced0005737200416f72672e737072696e676672616d65776f726b2e73656375726974792e6f61757468322e70726f76696465722e4f417574683241757468656e7469636174696f6ebd400b02166252130200024c000d73746f7265645265717565737474003c4c6f72672f737072696e676672616d65776f726b2f73656375726974792f6f61757468322f70726f76696465722f4f4175746832526571756573743b4c00127573657241757468656e7469636174696f6e7400324c6f72672f737072696e676672616d65776f726b2f73656375726974792f636f72652f41757468656e7469636174696f6e3b787200476f72672e737072696e676672616d65776f726b2e73656375726974792e61757468656e7469636174696f6e2e416273747261637441757468656e7469636174696f6e546f6b656ed3aa287e6e47640e0200035a000d61757468656e746963617465644c000b617574686f7269746965737400164c6a6176612f7574696c2f436f6c6c656374696f6e3b4c000764657461696c737400124c6a6176612f6c616e672f4f626a6563743b787000737200266a6176612e7574696c2e436f6c6c656374696f6e7324556e6d6f6469666961626c654c697374fc0f2531b5ec8e100200014c00046c6973747400104c6a6176612f7574696c2f4c6973743b7872002c6a6176612e7574696c2e436f6c6c656374696f6e7324556e6d6f6469666961626c65436f6c6c656374696f6e19420080cb5ef71e0200014c00016371007e00047870737200136a6176612e7574696c2e41727261794c6973747881d21d99c7619d03000149000473697a657870000000017704000000017372002b636f6d2e6a617469732e74656d706c6174652e636f6d6d6f6e2e646f6d61696e2e436f6d6d6f6e526f6c654be6a9a5b480d9a80200034c0006726f6c6549647400104c6a6176612f7574696c2f555549443b4c0008726f6c654e616d657400124c6a6176612f6c616e672f537472696e673b4c0006726f6c654e6f71007e000f78707372000e6a6176612e7574696c2e55554944bc9903f7986d852f0200024a000c6c65617374536967426974734a000b6d6f7374536967426974737870b50b61b3ab078ce2febcc8a1d52d454174000b53757065722041646d696e740006526f6c6530317871007e000c707372003a6f72672e737072696e676672616d65776f726b2e73656375726974792e6f61757468322e70726f76696465722e4f41757468325265717565737400000000000000010200075a0008617070726f7665644c000b617574686f72697469657371007e00044c000a657874656e73696f6e7374000f4c6a6176612f7574696c2f4d61703b4c000b726564697265637455726971007e000f4c00077265667265736874003b4c6f72672f737072696e676672616d65776f726b2f73656375726974792f6f61757468322f70726f76696465722f546f6b656e526571756573743b4c000b7265736f7572636549647374000f4c6a6176612f7574696c2f5365743b4c000d726573706f6e7365547970657371007e0018787200386f72672e737072696e676672616d65776f726b2e73656375726974792e6f61757468322e70726f76696465722e426173655265717565737436287a3ea37169bd0200034c0008636c69656e74496471007e000f4c001172657175657374506172616d657465727371007e00164c000573636f706571007e00187870740028737072696e672d73656375726974792d6f61757468322d726561642d77726974652d636c69656e74737200256a6176612e7574696c2e436f6c6c656374696f6e7324556e6d6f6469666961626c654d6170f1a5a8fe74f507420200014c00016d71007e00167870737200116a6176612e7574696c2e486173684d61700507dac1c31660d103000246000a6c6f6164466163746f724900097468726573686f6c6478703f400000000000067708000000080000000374000a6772616e745f7479706574000870617373776f7264740009636c69656e745f6964740028737072696e672d73656375726974792d6f61757468322d726561642d77726974652d636c69656e74740008757365726e616d6574000f61646d696e406a617469732e636f6d78737200256a6176612e7574696c2e436f6c6c656374696f6e7324556e6d6f6469666961626c65536574801d92d18f9b80550200007871007e0009737200176a6176612e7574696c2e4c696e6b656448617368536574d86cd75a95dd2a1e020000787200116a6176612e7574696c2e48617368536574ba44859596b8b7340300007870770c000000103f4000000000000274000472656164740005777269746578017371007e0029770c000000103f40000000000001737200426f72672e737072696e676672616d65776f726b2e73656375726974792e636f72652e617574686f726974792e53696d706c654772616e746564417574686f7269747900000000000001fe0200014c0004726f6c6571007e000f787074000455534552787371007e001e3f40000000000000770800000010000000007870707371007e0029770c000000103f400000000000017400187265736f757263652d7365727665722d726573742d617069787371007e0029770c000000103f40000000000000787372004f6f72672e737072696e676672616d65776f726b2e73656375726974792e61757468656e7469636174696f6e2e557365726e616d6550617373776f726441757468656e7469636174696f6e546f6b656e00000000000001fe0200024c000b63726564656e7469616c7371007e00054c00097072696e636970616c71007e00057871007e0003017371007e00077371007e000b0000000177040000000171007e00107871007e0038737200176a6176612e7574696c2e4c696e6b6564486173684d617034c04e5c106cc0fb0200015a000b6163636573734f726465727871007e001e3f400000000000067708000000080000000371007e002071007e002171007e002271007e002371007e002471007e002578007073720032636f6d2e6a617469732e74656d706c6174652e636f6d6d6f6e2e646f6d61696e2e436f6d6d6f6e5573657244657461696c7300000000000000010200155a000e6163636f756e74457870697265645a000d6163636f756e744c6f636b65645a001263726564656e7469616c73457870697265645a000c64656c6574655374617475735a0007656e61626c65644c000b617574686f72697469657371007e00044c00066272616e636871007e000f4c000963726561746564427971007e000e4c000b6372656174656454696d657400104c6a6176612f7574696c2f446174653b4c000a6469766973696f6e496471007e000e4c000b656d61696c53746174757371007e000f4c000866756c6c4e616d6571007e000f4c00156c61737450617373776f726452657365744461746571007e003c4c000870617373776f726471007e000f4c000673656372657471007e000f4c000975706461746564427971007e000e4c000b7570646174656454696d6571007e003c4c000675736572496471007e000e4c0007757365724e696b71007e000f4c0006757365724e6f71007e000f4c0008757365726e616d6571007e000f787000000000017371007e000b0000000177040000000171007e001078707371007e0011bb56fc35e685794ce9311edd22094afb737200126a6176612e73716c2e54696d657374616d702618d5c80153bf650200014900056e616e6f737872000e6a6176612e7574696c2e44617465686a81014b597419030000787077080000016c715700d87802625a007371007e0011aa33340ea817033ca091eb99d04747fe74000e456d61696c5f566572696669656474000b41646d696e204a617469737074003c2432612431302430617942496c613466307135425349726b56424c7a4f5138364a6e3336416d70667a332f515835566558737379454d7855746f434f707371007e0011b5172f1e41ab3444e7332d59c2854a6d7371007e004077080000016d1969a528783178cb807371007e0011a1f14c0e8b500e96686457ccd6f94c877074000655736572303274000f61646d696e406a617469732e636f6d
270d88e377967fbd721ec26561396784	\\xaced00057372004c6f72672e737072696e676672616d65776f726b2e73656375726974792e6f61757468322e636f6d6d6f6e2e44656661756c744578706972696e674f417574683252656672657368546f6b656e2fdf47639dd0c9b70200014c000a65787069726174696f6e7400104c6a6176612f7574696c2f446174653b787200446f72672e737072696e676672616d65776f726b2e73656375726974792e6f61757468322e636f6d6d6f6e2e44656661756c744f417574683252656672657368546f6b656e73e10e0a6354d45e0200014c000576616c75657400124c6a6176612f6c616e672f537472696e673b787074002438383432653364362d343461632d343565322d386164322d3061313035306665633061647372000e6a6176612e7574696c2e44617465686a81014b597419030000787077080000016d482dc92778	\\xaced0005737200416f72672e737072696e676672616d65776f726b2e73656375726974792e6f61757468322e70726f76696465722e4f417574683241757468656e7469636174696f6ebd400b02166252130200024c000d73746f7265645265717565737474003c4c6f72672f737072696e676672616d65776f726b2f73656375726974792f6f61757468322f70726f76696465722f4f4175746832526571756573743b4c00127573657241757468656e7469636174696f6e7400324c6f72672f737072696e676672616d65776f726b2f73656375726974792f636f72652f41757468656e7469636174696f6e3b787200476f72672e737072696e676672616d65776f726b2e73656375726974792e61757468656e7469636174696f6e2e416273747261637441757468656e7469636174696f6e546f6b656ed3aa287e6e47640e0200035a000d61757468656e746963617465644c000b617574686f7269746965737400164c6a6176612f7574696c2f436f6c6c656374696f6e3b4c000764657461696c737400124c6a6176612f6c616e672f4f626a6563743b787000737200266a6176612e7574696c2e436f6c6c656374696f6e7324556e6d6f6469666961626c654c697374fc0f2531b5ec8e100200014c00046c6973747400104c6a6176612f7574696c2f4c6973743b7872002c6a6176612e7574696c2e436f6c6c656374696f6e7324556e6d6f6469666961626c65436f6c6c656374696f6e19420080cb5ef71e0200014c00016371007e00047870737200136a6176612e7574696c2e41727261794c6973747881d21d99c7619d03000149000473697a657870000000027704000000027372002c636f6d2e6a617469732e74656d706c6174652e757365726d616e6167656d656e742e6d6f64656c2e526f6c654be6a9a5b480d9a80200055a000664656c6574654c0006726f6c6549647400104c6a6176612f7574696c2f555549443b4c0008726f6c654e616d657400124c6a6176612f6c616e672f537472696e673b4c0006726f6c654e6f71007e000f4c00067374617475737400134c6a6176612f6c616e672f426f6f6c65616e3b7870007372000e6a6176612e7574696c2e55554944bc9903f7986d852f0200024a000c6c65617374536967426974734a000b6d6f7374536967426974737870b50b61b3ab078ce2febcc8a1d52d454174000b53757065722041646d696e740006526f6c653031707371007e000d007371007e0012830ea0cbb6d70e583396c01eaec545e974000541646d696e740006526f6c653032707871007e000c707372003a6f72672e737072696e676672616d65776f726b2e73656375726974792e6f61757468322e70726f76696465722e4f41757468325265717565737400000000000000010200075a0008617070726f7665644c000b617574686f72697469657371007e00044c000a657874656e73696f6e7374000f4c6a6176612f7574696c2f4d61703b4c000b726564697265637455726971007e000f4c00077265667265736874003b4c6f72672f737072696e676672616d65776f726b2f73656375726974792f6f61757468322f70726f76696465722f546f6b656e526571756573743b4c000b7265736f7572636549647374000f4c6a6176612f7574696c2f5365743b4c000d726573706f6e7365547970657371007e001d787200386f72672e737072696e676672616d65776f726b2e73656375726974792e6f61757468322e70726f76696465722e426173655265717565737436287a3ea37169bd0200034c0008636c69656e74496471007e000f4c001172657175657374506172616d657465727371007e001b4c000573636f706571007e001d7870740028737072696e672d73656375726974792d6f61757468322d726561642d77726974652d636c69656e74737200256a6176612e7574696c2e436f6c6c656374696f6e7324556e6d6f6469666961626c654d6170f1a5a8fe74f507420200014c00016d71007e001b7870737200116a6176612e7574696c2e486173684d61700507dac1c31660d103000246000a6c6f6164466163746f724900097468726573686f6c6478703f400000000000037708000000040000000274000a6772616e745f7479706574000870617373776f7264740008757365726e616d6574001974657374696e67617364406d61696c696e61746f722e636f6d78737200256a6176612e7574696c2e436f6c6c656374696f6e7324556e6d6f6469666961626c65536574801d92d18f9b80550200007871007e0009737200176a6176612e7574696c2e4c696e6b656448617368536574d86cd75a95dd2a1e020000787200116a6176612e7574696c2e48617368536574ba44859596b8b7340300007870770c000000103f4000000000000274000472656164740005777269746578017371007e002c770c000000103f40000000000001737200426f72672e737072696e676672616d65776f726b2e73656375726974792e636f72652e617574686f726974792e53696d706c654772616e746564417574686f7269747900000000000001fe0200014c0004726f6c6571007e000f787074000455534552787371007e00233f40000000000000770800000010000000007870707371007e002c770c000000103f400000000000017400187265736f757263652d7365727665722d726573742d617069787371007e002c770c000000103f40000000000000787372004f6f72672e737072696e676672616d65776f726b2e73656375726974792e61757468656e7469636174696f6e2e557365726e616d6550617373776f726441757468656e7469636174696f6e546f6b656e00000000000001fe0200024c000b63726564656e7469616c7371007e00054c00097072696e636970616c71007e00057871007e0003017371007e00077371007e000b0000000277040000000271007e001171007e00167871007e003b737200176a6176612e7574696c2e4c696e6b6564486173684d617034c04e5c106cc0fb0200015a000b6163636573734f726465727871007e00233f400000000000067708000000080000000271007e002571007e002671007e002771007e00287800707372002c636f6d2e6a617469732e74656d706c6174652e757365726d616e6167656d656e742e6d6f64656c2e55736572006c1af87af6053f0200175a000e6163636f756e74457870697265645a000d6163636f756e744c6f636b65645a001263726564656e7469616c73457870697265645a000664656c6574655a0007656e61626c65644c000b617574686f72697469657371007e00044c00066272616e636871007e000f4c000963726561746564427971007e000e4c000b6372656174656454696d657400104c6a6176612f7574696c2f446174653b4c00086469766973696f6e71007e000f4c000b656d61696c53746174757371007e000f4c000866636d546f6b656e71007e000f4c000866756c6c4e616d6571007e000f4c00156c61737450617373776f726452657365744461746571007e003f4c00036f747071007e000f4c000870617373776f726471007e000f4c000673656372657471007e000f4c000975706461746564427971007e000e4c000b7570646174656454696d6571007e003f4c000675736572496471007e000e4c0007757365724e696b71007e000f4c0006757365724e6f71007e000f4c0008757365726e616d6571007e000f787000000000017371007e000b0000000277040000000271007e001171007e0016787070737200126a6176612e73716c2e54696d657374616d702618d5c80153bf650200014900056e616e6f737872000e6a6176612e7574696c2e44617465686a81014b597419030000787077080000016cad4e043878284af1007400076173646173646174000e456d61696c5f56657269666965647074000f617364616473465344474648474847707074003c24326124303824547a77672f324b344c6f7a524e364853706d73614b4f4e555a64445a6c33354658433448536a67655041436731344771556e6d724f70707371007e004277080000016cada7bcf87834de8bc07371007e001287c697720a38c3c390d63fff61c74eac7074000655736572363674001974657374696e67617364406d61696c696e61746f722e636f6d
9dc0069a6e5c9115deb191ec90957361	\\xaced00057372004c6f72672e737072696e676672616d65776f726b2e73656375726974792e6f61757468322e636f6d6d6f6e2e44656661756c744578706972696e674f417574683252656672657368546f6b656e2fdf47639dd0c9b70200014c000a65787069726174696f6e7400104c6a6176612f7574696c2f446174653b787200446f72672e737072696e676672616d65776f726b2e73656375726974792e6f61757468322e636f6d6d6f6e2e44656661756c744f417574683252656672657368546f6b656e73e10e0a6354d45e0200014c000576616c75657400124c6a6176612f6c616e672f537472696e673b787074002436316663326438342d346139662d343935622d393230632d6333306566323831633666317372000e6a6176612e7574696c2e44617465686a81014b597419030000787077080000016d4977b1a278	\\xaced0005737200416f72672e737072696e676672616d65776f726b2e73656375726974792e6f61757468322e70726f76696465722e4f417574683241757468656e7469636174696f6ebd400b02166252130200024c000d73746f7265645265717565737474003c4c6f72672f737072696e676672616d65776f726b2f73656375726974792f6f61757468322f70726f76696465722f4f4175746832526571756573743b4c00127573657241757468656e7469636174696f6e7400324c6f72672f737072696e676672616d65776f726b2f73656375726974792f636f72652f41757468656e7469636174696f6e3b787200476f72672e737072696e676672616d65776f726b2e73656375726974792e61757468656e7469636174696f6e2e416273747261637441757468656e7469636174696f6e546f6b656ed3aa287e6e47640e0200035a000d61757468656e746963617465644c000b617574686f7269746965737400164c6a6176612f7574696c2f436f6c6c656374696f6e3b4c000764657461696c737400124c6a6176612f6c616e672f4f626a6563743b787000737200266a6176612e7574696c2e436f6c6c656374696f6e7324556e6d6f6469666961626c654c697374fc0f2531b5ec8e100200014c00046c6973747400104c6a6176612f7574696c2f4c6973743b7872002c6a6176612e7574696c2e436f6c6c656374696f6e7324556e6d6f6469666961626c65436f6c6c656374696f6e19420080cb5ef71e0200014c00016371007e00047870737200136a6176612e7574696c2e41727261794c6973747881d21d99c7619d03000149000473697a657870000000017704000000017372002c636f6d2e6a617469732e74656d706c6174652e757365726d616e6167656d656e742e6d6f64656c2e526f6c654be6a9a5b480d9a80200095a000664656c6574654c00096372656174656442797400104c6a6176612f7574696c2f555549443b4c000b6372656174656454696d657400104c6a6176612f7574696c2f446174653b4c0006726f6c65496471007e000e4c0008726f6c654e616d657400124c6a6176612f6c616e672f537472696e673b4c0006726f6c654e6f71007e00104c00067374617475737400134c6a6176612f6c616e672f426f6f6c65616e3b4c000975706461746564427971007e000e4c000b7570646174656454696d6571007e000f78700070707372000e6a6176612e7574696c2e55554944bc9903f7986d852f0200024a000c6c65617374536967426974734a000b6d6f7374536967426974737870830ea0cbb6d70e583396c01eaec545e974000541646d696e740006526f6c6530327070707871007e000c707372003a6f72672e737072696e676672616d65776f726b2e73656375726974792e6f61757468322e70726f76696465722e4f41757468325265717565737400000000000000010200075a0008617070726f7665644c000b617574686f72697469657371007e00044c000a657874656e73696f6e7374000f4c6a6176612f7574696c2f4d61703b4c000b726564697265637455726971007e00104c00077265667265736874003b4c6f72672f737072696e676672616d65776f726b2f73656375726974792f6f61757468322f70726f76696465722f546f6b656e526571756573743b4c000b7265736f7572636549647374000f4c6a6176612f7574696c2f5365743b4c000d726573706f6e7365547970657371007e001a787200386f72672e737072696e676672616d65776f726b2e73656375726974792e6f61757468322e70726f76696465722e426173655265717565737436287a3ea37169bd0200034c0008636c69656e74496471007e00104c001172657175657374506172616d657465727371007e00184c000573636f706571007e001a7870740028737072696e672d73656375726974792d6f61757468322d726561642d77726974652d636c69656e74737200256a6176612e7574696c2e436f6c6c656374696f6e7324556e6d6f6469666961626c654d6170f1a5a8fe74f507420200014c00016d71007e00187870737200116a6176612e7574696c2e486173684d61700507dac1c31660d103000246000a6c6f6164466163746f724900097468726573686f6c6478703f400000000000037708000000040000000274000a6772616e745f7479706574000870617373776f7264740008757365726e616d6574000f61646d696e406a617469732e636f6d78737200256a6176612e7574696c2e436f6c6c656374696f6e7324556e6d6f6469666961626c65536574801d92d18f9b80550200007871007e0009737200176a6176612e7574696c2e4c696e6b656448617368536574d86cd75a95dd2a1e020000787200116a6176612e7574696c2e48617368536574ba44859596b8b7340300007870770c000000103f4000000000000274000472656164740005777269746578017371007e0029770c000000103f40000000000001737200426f72672e737072696e676672616d65776f726b2e73656375726974792e636f72652e617574686f726974792e53696d706c654772616e746564417574686f7269747900000000000001fe0200014c0004726f6c6571007e0010787074000455534552787371007e00203f40000000000000770800000010000000007870707371007e0029770c000000103f400000000000017400187265736f757263652d7365727665722d726573742d617069787371007e0029770c000000103f40000000000000787372004f6f72672e737072696e676672616d65776f726b2e73656375726974792e61757468656e7469636174696f6e2e557365726e616d6550617373776f726441757468656e7469636174696f6e546f6b656e00000000000001fe0200024c000b63726564656e7469616c7371007e00054c00097072696e636970616c71007e00057871007e0003017371007e00077371007e000b0000000177040000000171007e00127871007e0038737200176a6176612e7574696c2e4c696e6b6564486173684d617034c04e5c106cc0fb0200015a000b6163636573734f726465727871007e00203f400000000000067708000000080000000271007e002271007e002371007e002471007e00257800707372002c636f6d2e6a617469732e74656d706c6174652e757365726d616e6167656d656e742e6d6f64656c2e55736572006c1af87af6053f0200175a000e6163636f756e74457870697265645a000d6163636f756e744c6f636b65645a001263726564656e7469616c73457870697265645a000664656c6574655a0007656e61626c65644c000b617574686f72697469657371007e00044c00066272616e636871007e00104c000963726561746564427971007e000e4c000b6372656174656454696d6571007e000f4c00086469766973696f6e71007e00104c000b656d61696c53746174757371007e00104c000866636d546f6b656e71007e00104c000866756c6c4e616d6571007e00104c00156c61737450617373776f726452657365744461746571007e000f4c00036f747071007e00104c000870617373776f726471007e00104c000673656372657471007e00104c000975706461746564427971007e000e4c000b7570646174656454696d6571007e000f4c000675736572496471007e000e4c0007757365724e696b71007e00104c0006757365724e6f71007e00104c0008757365726e616d6571007e0010787000000000017371007e000b0000000177040000000171007e001278707371007e0013bb56fc35e685794ce9311edd22094afb737200126a6176612e73716c2e54696d657374616d702618d5c80153bf650200014900056e616e6f737872000e6a6176612e7574696c2e44617465686a81014b597419030000787077080000016c715700d87802625a0074000a4d616e6167656d656e7474000e456d61696c5f56657269666965647074000b41646d696e204a61746973707074003c2432612430382455792e2f6c2f752e4845586e57746d587644472e6d753347477058377243377971535232594848525768794c4f5976465468542e75707371007e0013a1f14c0e8b500e96686457ccd6f94c877371007e003f77080000016caee0ae407801312d007371007e0013a1f14c0e8b500e96686457ccd6f94c877074000655736572303274000f61646d696e406a617469732e636f6d
def9c9d6b6ac236210bdd8dfe89b2ec2	\\xaced00057372004c6f72672e737072696e676672616d65776f726b2e73656375726974792e6f61757468322e636f6d6d6f6e2e44656661756c744578706972696e674f417574683252656672657368546f6b656e2fdf47639dd0c9b70200014c000a65787069726174696f6e7400104c6a6176612f7574696c2f446174653b787200446f72672e737072696e676672616d65776f726b2e73656375726974792e6f61757468322e636f6d6d6f6e2e44656661756c744f417574683252656672657368546f6b656e73e10e0a6354d45e0200014c000576616c75657400124c6a6176612f6c616e672f537472696e673b787074002464373235356337662d616234662d343834632d613066632d3461643835393565366138657372000e6a6176612e7574696c2e44617465686a81014b597419030000787077080000016dd344ff9f78	\\xaced0005737200416f72672e737072696e676672616d65776f726b2e73656375726974792e6f61757468322e70726f76696465722e4f417574683241757468656e7469636174696f6ebd400b02166252130200024c000d73746f7265645265717565737474003c4c6f72672f737072696e676672616d65776f726b2f73656375726974792f6f61757468322f70726f76696465722f4f4175746832526571756573743b4c00127573657241757468656e7469636174696f6e7400324c6f72672f737072696e676672616d65776f726b2f73656375726974792f636f72652f41757468656e7469636174696f6e3b787200476f72672e737072696e676672616d65776f726b2e73656375726974792e61757468656e7469636174696f6e2e416273747261637441757468656e7469636174696f6e546f6b656ed3aa287e6e47640e0200035a000d61757468656e746963617465644c000b617574686f7269746965737400164c6a6176612f7574696c2f436f6c6c656374696f6e3b4c000764657461696c737400124c6a6176612f6c616e672f4f626a6563743b787000737200266a6176612e7574696c2e436f6c6c656374696f6e7324556e6d6f6469666961626c654c697374fc0f2531b5ec8e100200014c00046c6973747400104c6a6176612f7574696c2f4c6973743b7872002c6a6176612e7574696c2e436f6c6c656374696f6e7324556e6d6f6469666961626c65436f6c6c656374696f6e19420080cb5ef71e0200014c00016371007e00047870737200136a6176612e7574696c2e41727261794c6973747881d21d99c7619d03000149000473697a657870000000017704000000017372002c636f6d2e6a617469732e74656d706c6174652e757365726d616e6167656d656e742e6d6f64656c2e526f6c654be6a9a5b480d9a80200095a000c64656c6574655374617475734c000c6163746976655374617475737400134c6a6176612f6c616e672f426f6f6c65616e3b4c00096372656174656442797400104c6a6176612f7574696c2f555549443b4c000b6372656174656454696d657400104c6a6176612f7574696c2f446174653b4c0006726f6c65496471007e000f4c0008726f6c654e616d657400124c6a6176612f6c616e672f537472696e673b4c0006726f6c654e6f71007e00114c000975706461746564427971007e000f4c000b7570646174656454696d6571007e00107870007070707372000e6a6176612e7574696c2e55554944bc9903f7986d852f0200024a000c6c65617374536967426974734a000b6d6f7374536967426974737870b50b61b3ab078ce2febcc8a1d52d454174000b53757065722041646d696e740006526f6c65303170707871007e000c707372003a6f72672e737072696e676672616d65776f726b2e73656375726974792e6f61757468322e70726f76696465722e4f41757468325265717565737400000000000000010200075a0008617070726f7665644c000b617574686f72697469657371007e00044c000a657874656e73696f6e7374000f4c6a6176612f7574696c2f4d61703b4c000b726564697265637455726971007e00114c00077265667265736874003b4c6f72672f737072696e676672616d65776f726b2f73656375726974792f6f61757468322f70726f76696465722f546f6b656e526571756573743b4c000b7265736f7572636549647374000f4c6a6176612f7574696c2f5365743b4c000d726573706f6e7365547970657371007e001a787200386f72672e737072696e676672616d65776f726b2e73656375726974792e6f61757468322e70726f76696465722e426173655265717565737436287a3ea37169bd0200034c0008636c69656e74496471007e00114c001172657175657374506172616d657465727371007e00184c000573636f706571007e001a7870740028737072696e672d73656375726974792d6f61757468322d726561642d77726974652d636c69656e74737200256a6176612e7574696c2e436f6c6c656374696f6e7324556e6d6f6469666961626c654d6170f1a5a8fe74f507420200014c00016d71007e00187870737200116a6176612e7574696c2e486173684d61700507dac1c31660d103000246000a6c6f6164466163746f724900097468726573686f6c6478703f400000000000037708000000040000000274000a6772616e745f7479706574000870617373776f7264740008757365726e616d657400176c616b756e2e7465737465726c40676d61696c2e636f6d78737200256a6176612e7574696c2e436f6c6c656374696f6e7324556e6d6f6469666961626c65536574801d92d18f9b80550200007871007e0009737200176a6176612e7574696c2e4c696e6b656448617368536574d86cd75a95dd2a1e020000787200116a6176612e7574696c2e48617368536574ba44859596b8b7340300007870770c000000103f4000000000000274000472656164740005777269746578017371007e0029770c000000103f40000000000001737200426f72672e737072696e676672616d65776f726b2e73656375726974792e636f72652e617574686f726974792e53696d706c654772616e746564417574686f7269747900000000000001fe0200014c0004726f6c6571007e0011787074000455534552787371007e00203f40000000000000770800000010000000007870707371007e0029770c000000103f400000000000017400187265736f757263652d7365727665722d726573742d617069787371007e0029770c000000103f40000000000000787372004f6f72672e737072696e676672616d65776f726b2e73656375726974792e61757468656e7469636174696f6e2e557365726e616d6550617373776f726441757468656e7469636174696f6e546f6b656e00000000000001fe0200024c000b63726564656e7469616c7371007e00054c00097072696e636970616c71007e00057871007e0003017371007e00077371007e000b0000000177040000000171007e00127871007e0038737200176a6176612e7574696c2e4c696e6b6564486173684d617034c04e5c106cc0fb0200015a000b6163636573734f726465727871007e00203f400000000000067708000000080000000271007e002271007e002371007e002471007e00257800707372002c636f6d2e6a617469732e74656d706c6174652e757365726d616e6167656d656e742e6d6f64656c2e55736572006c1af87af6053f0200175a000e6163636f756e74457870697265645a000d6163636f756e744c6f636b65645a001263726564656e7469616c73457870697265645a000c64656c6574655374617475735a0007656e61626c65644c000b617574686f72697469657371007e00044c00066272616e636871007e00114c000963726561746564427971007e000f4c000b6372656174656454696d6571007e00104c000a6469766973696f6e496471007e000f4c000b656d61696c53746174757371007e00114c000866636d546f6b656e71007e00114c000866756c6c4e616d6571007e00114c00156c61737450617373776f726452657365744461746571007e00104c00036f747071007e00114c000870617373776f726471007e00114c000673656372657471007e00114c000975706461746564427971007e000f4c000b7570646174656454696d6571007e00104c000675736572496471007e000f4c0007757365724e696b71007e00114c0006757365724e6f71007e00114c0008757365726e616d6571007e0011787000000000017371007e000b0000000177040000000171007e001278707371007e0013a3651494d3cdd8ef02c1c5e01a284d20737200126a6176612e73716c2e54696d657374616d702618d5c80153bf650200014900056e616e6f737872000e6a6176612e7574696c2e44617465686a81014b597419030000787077080000016c994c5bb078204e43807371007e0013be139f8ede8fc8df6b88c4798dd1499b74000e456d61696c5f56657269666965647074000b416b756e20546573746572707074003c243261243130244b7436364879434872346d2f36736243356b3335312e5150567466486f2e585a616738375a6c75326b4e46386d75385479774c426d707371007e0013aa73620a4848ce3ac2899ff19373456c7371007e003f77080000016cf0ca5680782e5f56807371007e001389a874dfa3f26b80d3dfd89469004a98707400065573657234397400176c616b756e2e7465737465726c40676d61696c2e636f6d
c51d3e36d583e5fa80fcd87fa0e890e7	\\xaced00057372004c6f72672e737072696e676672616d65776f726b2e73656375726974792e6f61757468322e636f6d6d6f6e2e44656661756c744578706972696e674f417574683252656672657368546f6b656e2fdf47639dd0c9b70200014c000a65787069726174696f6e7400104c6a6176612f7574696c2f446174653b787200446f72672e737072696e676672616d65776f726b2e73656375726974792e6f61757468322e636f6d6d6f6e2e44656661756c744f417574683252656672657368546f6b656e73e10e0a6354d45e0200014c000576616c75657400124c6a6176612f6c616e672f537472696e673b787074002437656161613531642d663538652d343761652d393732612d3337353061333263373638617372000e6a6176612e7574696c2e44617465686a81014b597419030000787077080000016dd3455e1278	\\xaced0005737200416f72672e737072696e676672616d65776f726b2e73656375726974792e6f61757468322e70726f76696465722e4f417574683241757468656e7469636174696f6ebd400b02166252130200024c000d73746f7265645265717565737474003c4c6f72672f737072696e676672616d65776f726b2f73656375726974792f6f61757468322f70726f76696465722f4f4175746832526571756573743b4c00127573657241757468656e7469636174696f6e7400324c6f72672f737072696e676672616d65776f726b2f73656375726974792f636f72652f41757468656e7469636174696f6e3b787200476f72672e737072696e676672616d65776f726b2e73656375726974792e61757468656e7469636174696f6e2e416273747261637441757468656e7469636174696f6e546f6b656ed3aa287e6e47640e0200035a000d61757468656e746963617465644c000b617574686f7269746965737400164c6a6176612f7574696c2f436f6c6c656374696f6e3b4c000764657461696c737400124c6a6176612f6c616e672f4f626a6563743b787000737200266a6176612e7574696c2e436f6c6c656374696f6e7324556e6d6f6469666961626c654c697374fc0f2531b5ec8e100200014c00046c6973747400104c6a6176612f7574696c2f4c6973743b7872002c6a6176612e7574696c2e436f6c6c656374696f6e7324556e6d6f6469666961626c65436f6c6c656374696f6e19420080cb5ef71e0200014c00016371007e00047870737200136a6176612e7574696c2e41727261794c6973747881d21d99c7619d03000149000473697a657870000000017704000000017372002c636f6d2e6a617469732e74656d706c6174652e757365726d616e6167656d656e742e6d6f64656c2e526f6c654be6a9a5b480d9a80200095a000c64656c6574655374617475734c000c6163746976655374617475737400134c6a6176612f6c616e672f426f6f6c65616e3b4c00096372656174656442797400104c6a6176612f7574696c2f555549443b4c000b6372656174656454696d657400104c6a6176612f7574696c2f446174653b4c0006726f6c65496471007e000f4c0008726f6c654e616d657400124c6a6176612f6c616e672f537472696e673b4c0006726f6c654e6f71007e00114c000975706461746564427971007e000f4c000b7570646174656454696d6571007e00107870007070707372000e6a6176612e7574696c2e55554944bc9903f7986d852f0200024a000c6c65617374536967426974734a000b6d6f7374536967426974737870b50b61b3ab078ce2febcc8a1d52d454174000b53757065722041646d696e740006526f6c65303170707871007e000c707372003a6f72672e737072696e676672616d65776f726b2e73656375726974792e6f61757468322e70726f76696465722e4f41757468325265717565737400000000000000010200075a0008617070726f7665644c000b617574686f72697469657371007e00044c000a657874656e73696f6e7374000f4c6a6176612f7574696c2f4d61703b4c000b726564697265637455726971007e00114c00077265667265736874003b4c6f72672f737072696e676672616d65776f726b2f73656375726974792f6f61757468322f70726f76696465722f546f6b656e526571756573743b4c000b7265736f7572636549647374000f4c6a6176612f7574696c2f5365743b4c000d726573706f6e7365547970657371007e001a787200386f72672e737072696e676672616d65776f726b2e73656375726974792e6f61757468322e70726f76696465722e426173655265717565737436287a3ea37169bd0200034c0008636c69656e74496471007e00114c001172657175657374506172616d657465727371007e00184c000573636f706571007e001a7870740028737072696e672d73656375726974792d6f61757468322d726561642d77726974652d636c69656e74737200256a6176612e7574696c2e436f6c6c656374696f6e7324556e6d6f6469666961626c654d6170f1a5a8fe74f507420200014c00016d71007e00187870737200116a6176612e7574696c2e486173684d61700507dac1c31660d103000246000a6c6f6164466163746f724900097468726573686f6c6478703f400000000000037708000000040000000274000a6772616e745f7479706574000870617373776f7264740008757365726e616d657400176c616b756e2e7465737465726c40676d61696c2e636f6d78737200256a6176612e7574696c2e436f6c6c656374696f6e7324556e6d6f6469666961626c65536574801d92d18f9b80550200007871007e0009737200176a6176612e7574696c2e4c696e6b656448617368536574d86cd75a95dd2a1e020000787200116a6176612e7574696c2e48617368536574ba44859596b8b7340300007870770c000000103f4000000000000274000472656164740005777269746578017371007e0029770c000000103f40000000000001737200426f72672e737072696e676672616d65776f726b2e73656375726974792e636f72652e617574686f726974792e53696d706c654772616e746564417574686f7269747900000000000001fe0200014c0004726f6c6571007e0011787074000455534552787371007e00203f40000000000000770800000010000000007870707371007e0029770c000000103f400000000000017400187265736f757263652d7365727665722d726573742d617069787371007e0029770c000000103f40000000000000787372004f6f72672e737072696e676672616d65776f726b2e73656375726974792e61757468656e7469636174696f6e2e557365726e616d6550617373776f726441757468656e7469636174696f6e546f6b656e00000000000001fe0200024c000b63726564656e7469616c7371007e00054c00097072696e636970616c71007e00057871007e0003017371007e00077371007e000b0000000177040000000171007e00127871007e0038737200176a6176612e7574696c2e4c696e6b6564486173684d617034c04e5c106cc0fb0200015a000b6163636573734f726465727871007e00203f400000000000067708000000080000000271007e002271007e002371007e002471007e00257800707372002c636f6d2e6a617469732e74656d706c6174652e757365726d616e6167656d656e742e6d6f64656c2e55736572006c1af87af6053f0200175a000e6163636f756e74457870697265645a000d6163636f756e744c6f636b65645a001263726564656e7469616c73457870697265645a000c64656c6574655374617475735a0007656e61626c65644c000b617574686f72697469657371007e00044c00066272616e636871007e00114c000963726561746564427971007e000f4c000b6372656174656454696d6571007e00104c000a6469766973696f6e496471007e000f4c000b656d61696c53746174757371007e00114c000866636d546f6b656e71007e00114c000866756c6c4e616d6571007e00114c00156c61737450617373776f726452657365744461746571007e00104c00036f747071007e00114c000870617373776f726471007e00114c000673656372657471007e00114c000975706461746564427971007e000f4c000b7570646174656454696d6571007e00104c000675736572496471007e000f4c0007757365724e696b71007e00114c0006757365724e6f71007e00114c0008757365726e616d6571007e0011787000000000017371007e000b0000000177040000000171007e001278707371007e0013a3651494d3cdd8ef02c1c5e01a284d20737200126a6176612e73716c2e54696d657374616d702618d5c80153bf650200014900056e616e6f737872000e6a6176612e7574696c2e44617465686a81014b597419030000787077080000016c994c5bb078204e43807371007e0013be139f8ede8fc8df6b88c4798dd1499b74000e456d61696c5f56657269666965647074000b416b756e20546573746572707074003c243261243130244b7436364879434872346d2f36736243356b3335312e5150567466486f2e585a616738375a6c75326b4e46386d75385479774c426d707371007e0013aa73620a4848ce3ac2899ff19373456c7371007e003f77080000016cf0ca5680782e5f56807371007e001389a874dfa3f26b80d3dfd89469004a98707400065573657234397400176c616b756e2e7465737465726c40676d61696c2e636f6d
587bb65c4bdd1088aee2d023054ea9bd	\\xaced00057372004c6f72672e737072696e676672616d65776f726b2e73656375726974792e6f61757468322e636f6d6d6f6e2e44656661756c744578706972696e674f417574683252656672657368546f6b656e2fdf47639dd0c9b70200014c000a65787069726174696f6e7400104c6a6176612f7574696c2f446174653b787200446f72672e737072696e676672616d65776f726b2e73656375726974792e6f61757468322e636f6d6d6f6e2e44656661756c744f417574683252656672657368546f6b656e73e10e0a6354d45e0200014c000576616c75657400124c6a6176612f6c616e672f537472696e673b787074002463663736356261312d386665312d343461302d383662302d6131646563643635653039307372000e6a6176612e7574696c2e44617465686a81014b597419030000787077080000016db9ad2cba78	\\xaced0005737200416f72672e737072696e676672616d65776f726b2e73656375726974792e6f61757468322e70726f76696465722e4f417574683241757468656e7469636174696f6ebd400b02166252130200024c000d73746f7265645265717565737474003c4c6f72672f737072696e676672616d65776f726b2f73656375726974792f6f61757468322f70726f76696465722f4f4175746832526571756573743b4c00127573657241757468656e7469636174696f6e7400324c6f72672f737072696e676672616d65776f726b2f73656375726974792f636f72652f41757468656e7469636174696f6e3b787200476f72672e737072696e676672616d65776f726b2e73656375726974792e61757468656e7469636174696f6e2e416273747261637441757468656e7469636174696f6e546f6b656ed3aa287e6e47640e0200035a000d61757468656e746963617465644c000b617574686f7269746965737400164c6a6176612f7574696c2f436f6c6c656374696f6e3b4c000764657461696c737400124c6a6176612f6c616e672f4f626a6563743b787000737200266a6176612e7574696c2e436f6c6c656374696f6e7324556e6d6f6469666961626c654c697374fc0f2531b5ec8e100200014c00046c6973747400104c6a6176612f7574696c2f4c6973743b7872002c6a6176612e7574696c2e436f6c6c656374696f6e7324556e6d6f6469666961626c65436f6c6c656374696f6e19420080cb5ef71e0200014c00016371007e00047870737200136a6176612e7574696c2e41727261794c6973747881d21d99c7619d03000149000473697a657870000000017704000000017372002b636f6d2e6a617469732e74656d706c6174652e636f6d6d6f6e2e646f6d61696e2e436f6d6d6f6e526f6c654be6a9a5b480d9a80200034c0006726f6c6549647400104c6a6176612f7574696c2f555549443b4c0008726f6c654e616d657400124c6a6176612f6c616e672f537472696e673b4c0006726f6c654e6f71007e000f78707372000e6a6176612e7574696c2e55554944bc9903f7986d852f0200024a000c6c65617374536967426974734a000b6d6f73745369674269747378708b4775eaefe6769fbbf132b258404f2574000a41756c69612054657374740006526f6c6534357871007e000c707372003a6f72672e737072696e676672616d65776f726b2e73656375726974792e6f61757468322e70726f76696465722e4f41757468325265717565737400000000000000010200075a0008617070726f7665644c000b617574686f72697469657371007e00044c000a657874656e73696f6e7374000f4c6a6176612f7574696c2f4d61703b4c000b726564697265637455726971007e000f4c00077265667265736874003b4c6f72672f737072696e676672616d65776f726b2f73656375726974792f6f61757468322f70726f76696465722f546f6b656e526571756573743b4c000b7265736f7572636549647374000f4c6a6176612f7574696c2f5365743b4c000d726573706f6e7365547970657371007e0018787200386f72672e737072696e676672616d65776f726b2e73656375726974792e6f61757468322e70726f76696465722e426173655265717565737436287a3ea37169bd0200034c0008636c69656e74496471007e000f4c001172657175657374506172616d657465727371007e00164c000573636f706571007e00187870740028737072696e672d73656375726974792d6f61757468322d726561642d77726974652d636c69656e74737200256a6176612e7574696c2e436f6c6c656374696f6e7324556e6d6f6469666961626c654d6170f1a5a8fe74f507420200014c00016d71007e00167870737200116a6176612e7574696c2e486173684d61700507dac1c31660d103000246000a6c6f6164466163746f724900097468726573686f6c6478703f400000000000037708000000040000000274000a6772616e745f7479706574000870617373776f7264740008757365726e616d6574001473756e616e646937303040676d61696c2e636f6d78737200256a6176612e7574696c2e436f6c6c656374696f6e7324556e6d6f6469666961626c65536574801d92d18f9b80550200007871007e0009737200176a6176612e7574696c2e4c696e6b656448617368536574d86cd75a95dd2a1e020000787200116a6176612e7574696c2e48617368536574ba44859596b8b7340300007870770c000000103f4000000000000274000472656164740005777269746578017371007e0027770c000000103f40000000000001737200426f72672e737072696e676672616d65776f726b2e73656375726974792e636f72652e617574686f726974792e53696d706c654772616e746564417574686f7269747900000000000001fe0200014c0004726f6c6571007e000f787074000455534552787371007e001e3f40000000000000770800000010000000007870707371007e0027770c000000103f400000000000017400187265736f757263652d7365727665722d726573742d617069787371007e0027770c000000103f40000000000000787372004f6f72672e737072696e676672616d65776f726b2e73656375726974792e61757468656e7469636174696f6e2e557365726e616d6550617373776f726441757468656e7469636174696f6e546f6b656e00000000000001fe0200024c000b63726564656e7469616c7371007e00054c00097072696e636970616c71007e00057871007e0003017371007e00077371007e000b0000000177040000000171007e00107871007e0036737200176a6176612e7574696c2e4c696e6b6564486173684d617034c04e5c106cc0fb0200015a000b6163636573734f726465727871007e001e3f400000000000067708000000080000000271007e002071007e002171007e002271007e002378007073720032636f6d2e6a617469732e74656d706c6174652e636f6d6d6f6e2e646f6d61696e2e436f6d6d6f6e5573657244657461696c7300000000000000010200155a000e6163636f756e74457870697265645a000d6163636f756e744c6f636b65645a001263726564656e7469616c73457870697265645a000c64656c6574655374617475735a0007656e61626c65644c000b617574686f72697469657371007e00044c00066272616e636871007e000f4c000963726561746564427971007e000e4c000b6372656174656454696d657400104c6a6176612f7574696c2f446174653b4c000a6469766973696f6e496471007e000e4c000b656d61696c53746174757371007e000f4c000866756c6c4e616d6571007e000f4c00156c61737450617373776f726452657365744461746571007e003a4c000870617373776f726471007e000f4c000673656372657471007e000f4c000975706461746564427971007e000e4c000b7570646174656454696d6571007e003a4c000675736572496471007e000e4c0007757365724e696b71007e000f4c0006757365724e6f71007e000f4c0008757365726e616d6571007e000f787000000000017371007e000b0000000177040000000171007e0010787070737200126a6176612e73716c2e54696d657374616d702618d5c80153bf650200014900056e616e6f737872000e6a6176612e7574696c2e44617465686a81014b597419030000787077080000016c85b515887826906fc07371007e0011be139f8ede8fc8df6b88c4798dd1499b74000e456d61696c5f566572696669656474000a73756e616e64693030377074003c2432612431302451783671394967657863773271344b764e6b4474494f4c67552f593172714c506d71375a7132494272316d4d433678774a65416147707371007e0011b5172f1e41ab3444e7332d59c2854a6d7371007e003d77080000016d24125bf07805c81a407371007e0011b0b4ce4b90eaa8bbb4411514676c4ed27074000655736572313874001473756e616e646937303040676d61696c2e636f6d
92255fad98a7e879af1f42779757ea64	\\xaced00057372004c6f72672e737072696e676672616d65776f726b2e73656375726974792e6f61757468322e636f6d6d6f6e2e44656661756c744578706972696e674f417574683252656672657368546f6b656e2fdf47639dd0c9b70200014c000a65787069726174696f6e7400104c6a6176612f7574696c2f446174653b787200446f72672e737072696e676672616d65776f726b2e73656375726974792e6f61757468322e636f6d6d6f6e2e44656661756c744f417574683252656672657368546f6b656e73e10e0a6354d45e0200014c000576616c75657400124c6a6176612f6c616e672f537472696e673b787074002462373438346238302d613530352d343539662d396233332d3036376234613262353433307372000e6a6176612e7574696c2e44617465686a81014b597419030000787077080000016d67b8dc3578	\\xaced0005737200416f72672e737072696e676672616d65776f726b2e73656375726974792e6f61757468322e70726f76696465722e4f417574683241757468656e7469636174696f6ebd400b02166252130200024c000d73746f7265645265717565737474003c4c6f72672f737072696e676672616d65776f726b2f73656375726974792f6f61757468322f70726f76696465722f4f4175746832526571756573743b4c00127573657241757468656e7469636174696f6e7400324c6f72672f737072696e676672616d65776f726b2f73656375726974792f636f72652f41757468656e7469636174696f6e3b787200476f72672e737072696e676672616d65776f726b2e73656375726974792e61757468656e7469636174696f6e2e416273747261637441757468656e7469636174696f6e546f6b656ed3aa287e6e47640e0200035a000d61757468656e746963617465644c000b617574686f7269746965737400164c6a6176612f7574696c2f436f6c6c656374696f6e3b4c000764657461696c737400124c6a6176612f6c616e672f4f626a6563743b787000737200266a6176612e7574696c2e436f6c6c656374696f6e7324556e6d6f6469666961626c654c697374fc0f2531b5ec8e100200014c00046c6973747400104c6a6176612f7574696c2f4c6973743b7872002c6a6176612e7574696c2e436f6c6c656374696f6e7324556e6d6f6469666961626c65436f6c6c656374696f6e19420080cb5ef71e0200014c00016371007e00047870737200136a6176612e7574696c2e41727261794c6973747881d21d99c7619d03000149000473697a657870000000017704000000017372002c636f6d2e6a617469732e74656d706c6174652e757365726d616e6167656d656e742e6d6f64656c2e526f6c654be6a9a5b480d9a80200095a000c64656c6574655374617475734c000c6163746976655374617475737400134c6a6176612f6c616e672f426f6f6c65616e3b4c00096372656174656442797400104c6a6176612f7574696c2f555549443b4c000b6372656174656454696d657400104c6a6176612f7574696c2f446174653b4c0006726f6c65496471007e000f4c0008726f6c654e616d657400124c6a6176612f6c616e672f537472696e673b4c0006726f6c654e6f71007e00114c000975706461746564427971007e000f4c000b7570646174656454696d6571007e00107870007070707372000e6a6176612e7574696c2e55554944bc9903f7986d852f0200024a000c6c65617374536967426974734a000b6d6f7374536967426974737870b50b61b3ab078ce2febcc8a1d52d454174000b53757065722041646d696e740006526f6c65303170707871007e000c707372003a6f72672e737072696e676672616d65776f726b2e73656375726974792e6f61757468322e70726f76696465722e4f41757468325265717565737400000000000000010200075a0008617070726f7665644c000b617574686f72697469657371007e00044c000a657874656e73696f6e7374000f4c6a6176612f7574696c2f4d61703b4c000b726564697265637455726971007e00114c00077265667265736874003b4c6f72672f737072696e676672616d65776f726b2f73656375726974792f6f61757468322f70726f76696465722f546f6b656e526571756573743b4c000b7265736f7572636549647374000f4c6a6176612f7574696c2f5365743b4c000d726573706f6e7365547970657371007e001a787200386f72672e737072696e676672616d65776f726b2e73656375726974792e6f61757468322e70726f76696465722e426173655265717565737436287a3ea37169bd0200034c0008636c69656e74496471007e00114c001172657175657374506172616d657465727371007e00184c000573636f706571007e001a7870740028737072696e672d73656375726974792d6f61757468322d726561642d77726974652d636c69656e74737200256a6176612e7574696c2e436f6c6c656374696f6e7324556e6d6f6469666961626c654d6170f1a5a8fe74f507420200014c00016d71007e00187870737200116a6176612e7574696c2e486173684d61700507dac1c31660d103000246000a6c6f6164466163746f724900097468726573686f6c6478703f400000000000067708000000080000000374000a6772616e745f7479706574000870617373776f7264740009636c69656e745f6964740028737072696e672d73656375726974792d6f61757468322d726561642d77726974652d636c69656e74740008757365726e616d6574002166616973616c2e616264696c6c616840706a692d736f6c7574696f6e732e636f6d78737200256a6176612e7574696c2e436f6c6c656374696f6e7324556e6d6f6469666961626c65536574801d92d18f9b80550200007871007e0009737200176a6176612e7574696c2e4c696e6b656448617368536574d86cd75a95dd2a1e020000787200116a6176612e7574696c2e48617368536574ba44859596b8b7340300007870770c000000103f4000000000000274000472656164740005777269746578017371007e002b770c000000103f40000000000001737200426f72672e737072696e676672616d65776f726b2e73656375726974792e636f72652e617574686f726974792e53696d706c654772616e746564417574686f7269747900000000000001fe0200014c0004726f6c6571007e0011787074000455534552787371007e00203f40000000000000770800000010000000007870707371007e002b770c000000103f400000000000017400187265736f757263652d7365727665722d726573742d617069787371007e002b770c000000103f40000000000000787372004f6f72672e737072696e676672616d65776f726b2e73656375726974792e61757468656e7469636174696f6e2e557365726e616d6550617373776f726441757468656e7469636174696f6e546f6b656e00000000000001fe0200024c000b63726564656e7469616c7371007e00054c00097072696e636970616c71007e00057871007e0003017371007e00077371007e000b0000000177040000000171007e00127871007e003a737200176a6176612e7574696c2e4c696e6b6564486173684d617034c04e5c106cc0fb0200015a000b6163636573734f726465727871007e00203f400000000000067708000000080000000371007e002271007e002371007e002471007e002571007e002671007e00277800707372002c636f6d2e6a617469732e74656d706c6174652e757365726d616e6167656d656e742e6d6f64656c2e55736572006c1af87af6053f0200175a000e6163636f756e74457870697265645a000d6163636f756e744c6f636b65645a001263726564656e7469616c73457870697265645a000c64656c6574655374617475735a0007656e61626c65644c000b617574686f72697469657371007e00044c00066272616e636871007e00114c000963726561746564427971007e000f4c000b6372656174656454696d6571007e00104c00086469766973696f6e71007e00114c000b656d61696c53746174757371007e00114c000866636d546f6b656e71007e00114c000866756c6c4e616d6571007e00114c00156c61737450617373776f726452657365744461746571007e00104c00036f747071007e00114c000870617373776f726471007e00114c000673656372657471007e00114c000975706461746564427971007e000f4c000b7570646174656454696d6571007e00104c000675736572496471007e000f4c0007757365724e696b71007e00114c0006757365724e6f71007e00114c0008757365726e616d6571007e0011787000000000017371007e000b0000000177040000000171007e0012787070737200126a6176612e73716c2e54696d657374616d702618d5c80153bf650200014900056e616e6f737872000e6a6176612e7574696c2e44617465686a81014b597419030000787077080000016ccd37dcb07820d797c0740006546573746572740010456d61696c5f52656769737465726564707400065261686d616e707074003c24326124313024397571446534575a54646e5153586132536e4a4f7165354d4333722f305331543167324844303168584932446f3030437576796f4b7070707371007e0013ba920aa57187f3af906015c216b94f72707400075573657231303074002166616973616c2e616264696c6c616840706a692d736f6c7574696f6e732e636f6d
6fb28002d20f9b6c3d6cf7f38749578e	\\xaced00057372004c6f72672e737072696e676672616d65776f726b2e73656375726974792e6f61757468322e636f6d6d6f6e2e44656661756c744578706972696e674f417574683252656672657368546f6b656e2fdf47639dd0c9b70200014c000a65787069726174696f6e7400104c6a6176612f7574696c2f446174653b787200446f72672e737072696e676672616d65776f726b2e73656375726974792e6f61757468322e636f6d6d6f6e2e44656661756c744f417574683252656672657368546f6b656e73e10e0a6354d45e0200014c000576616c75657400124c6a6176612f6c616e672f537472696e673b787074002463613039633530382d386166642d343234322d616337342d6335663461336366306138327372000e6a6176612e7574696c2e44617465686a81014b597419030000787077080000016d7be6279978	\\xaced0005737200416f72672e737072696e676672616d65776f726b2e73656375726974792e6f61757468322e70726f76696465722e4f417574683241757468656e7469636174696f6ebd400b02166252130200024c000d73746f7265645265717565737474003c4c6f72672f737072696e676672616d65776f726b2f73656375726974792f6f61757468322f70726f76696465722f4f4175746832526571756573743b4c00127573657241757468656e7469636174696f6e7400324c6f72672f737072696e676672616d65776f726b2f73656375726974792f636f72652f41757468656e7469636174696f6e3b787200476f72672e737072696e676672616d65776f726b2e73656375726974792e61757468656e7469636174696f6e2e416273747261637441757468656e7469636174696f6e546f6b656ed3aa287e6e47640e0200035a000d61757468656e746963617465644c000b617574686f7269746965737400164c6a6176612f7574696c2f436f6c6c656374696f6e3b4c000764657461696c737400124c6a6176612f6c616e672f4f626a6563743b787000737200266a6176612e7574696c2e436f6c6c656374696f6e7324556e6d6f6469666961626c654c697374fc0f2531b5ec8e100200014c00046c6973747400104c6a6176612f7574696c2f4c6973743b7872002c6a6176612e7574696c2e436f6c6c656374696f6e7324556e6d6f6469666961626c65436f6c6c656374696f6e19420080cb5ef71e0200014c00016371007e00047870737200136a6176612e7574696c2e41727261794c6973747881d21d99c7619d03000149000473697a657870000000017704000000017372002c636f6d2e6a617469732e74656d706c6174652e757365726d616e6167656d656e742e6d6f64656c2e526f6c654be6a9a5b480d9a80200095a000c64656c6574655374617475734c000c6163746976655374617475737400134c6a6176612f6c616e672f426f6f6c65616e3b4c00096372656174656442797400104c6a6176612f7574696c2f555549443b4c000b6372656174656454696d657400104c6a6176612f7574696c2f446174653b4c0006726f6c65496471007e000f4c0008726f6c654e616d657400124c6a6176612f6c616e672f537472696e673b4c0006726f6c654e6f71007e00114c000975706461746564427971007e000f4c000b7570646174656454696d6571007e00107870007070707372000e6a6176612e7574696c2e55554944bc9903f7986d852f0200024a000c6c65617374536967426974734a000b6d6f7374536967426974737870a144cd3c0d6560c096ef376ec74249ba74000870656d756c756e67740006526f6c65343670707871007e000c707372003a6f72672e737072696e676672616d65776f726b2e73656375726974792e6f61757468322e70726f76696465722e4f41757468325265717565737400000000000000010200075a0008617070726f7665644c000b617574686f72697469657371007e00044c000a657874656e73696f6e7374000f4c6a6176612f7574696c2f4d61703b4c000b726564697265637455726971007e00114c00077265667265736874003b4c6f72672f737072696e676672616d65776f726b2f73656375726974792f6f61757468322f70726f76696465722f546f6b656e526571756573743b4c000b7265736f7572636549647374000f4c6a6176612f7574696c2f5365743b4c000d726573706f6e7365547970657371007e001a787200386f72672e737072696e676672616d65776f726b2e73656375726974792e6f61757468322e70726f76696465722e426173655265717565737436287a3ea37169bd0200034c0008636c69656e74496471007e00114c001172657175657374506172616d657465727371007e00184c000573636f706571007e001a7870740028737072696e672d73656375726974792d6f61757468322d726561642d77726974652d636c69656e74737200256a6176612e7574696c2e436f6c6c656374696f6e7324556e6d6f6469666961626c654d6170f1a5a8fe74f507420200014c00016d71007e00187870737200116a6176612e7574696c2e486173684d61700507dac1c31660d103000246000a6c6f6164466163746f724900097468726573686f6c6478703f400000000000037708000000040000000274000a6772616e745f7479706574000870617373776f7264740008757365726e616d657400176c616b756e2e7465737465726c40676d61696c2e636f6d78737200256a6176612e7574696c2e436f6c6c656374696f6e7324556e6d6f6469666961626c65536574801d92d18f9b80550200007871007e0009737200176a6176612e7574696c2e4c696e6b656448617368536574d86cd75a95dd2a1e020000787200116a6176612e7574696c2e48617368536574ba44859596b8b7340300007870770c000000103f4000000000000274000472656164740005777269746578017371007e0029770c000000103f40000000000001737200426f72672e737072696e676672616d65776f726b2e73656375726974792e636f72652e617574686f726974792e53696d706c654772616e746564417574686f7269747900000000000001fe0200014c0004726f6c6571007e0011787074000455534552787371007e00203f40000000000000770800000010000000007870707371007e0029770c000000103f400000000000017400187265736f757263652d7365727665722d726573742d617069787371007e0029770c000000103f40000000000000787372004f6f72672e737072696e676672616d65776f726b2e73656375726974792e61757468656e7469636174696f6e2e557365726e616d6550617373776f726441757468656e7469636174696f6e546f6b656e00000000000001fe0200024c000b63726564656e7469616c7371007e00054c00097072696e636970616c71007e00057871007e0003017371007e00077371007e000b0000000177040000000171007e00127871007e0038737200176a6176612e7574696c2e4c696e6b6564486173684d617034c04e5c106cc0fb0200015a000b6163636573734f726465727871007e00203f400000000000067708000000080000000271007e002271007e002371007e002471007e00257800707372002c636f6d2e6a617469732e74656d706c6174652e757365726d616e6167656d656e742e6d6f64656c2e55736572006c1af87af6053f0200175a000e6163636f756e74457870697265645a000d6163636f756e744c6f636b65645a001263726564656e7469616c73457870697265645a000c64656c6574655374617475735a0007656e61626c65644c000b617574686f72697469657371007e00044c00066272616e636871007e00114c000963726561746564427971007e000f4c000b6372656174656454696d6571007e00104c00086469766973696f6e71007e00114c000b656d61696c53746174757371007e00114c000866636d546f6b656e71007e00114c000866756c6c4e616d6571007e00114c00156c61737450617373776f726452657365744461746571007e00104c00036f747071007e00114c000870617373776f726471007e00114c000673656372657471007e00114c000975706461746564427971007e000f4c000b7570646174656454696d6571007e00104c000675736572496471007e000f4c0007757365724e696b71007e00114c0006757365724e6f71007e00114c0008757365726e616d6571007e0011787000000000017371007e000b0000000177040000000171007e001278707371007e0013a3651494d3cdd8ef02c1c5e01a284d20737200126a6176612e73716c2e54696d657374616d702618d5c80153bf650200014900056e616e6f737872000e6a6176612e7574696c2e44617465686a81014b597419030000787077080000016c994c5bb078204e438074000654657374657274000e456d61696c5f56657269666965647074000b416b756e20546573746572707074003c243261243130244b7436364879434872346d2f36736243356b3335312e5150567466486f2e585a616738375a6c75326b4e46386d75385479774c426d707371007e001389a874dfa3f26b80d3dfd89469004a987371007e003f77080000016ce0b54d907834edce007371007e001389a874dfa3f26b80d3dfd89469004a98707400065573657234397400176c616b756e2e7465737465726c40676d61696c2e636f6d
85ba919442d191dc470193d49264f2a9	\\xaced00057372004c6f72672e737072696e676672616d65776f726b2e73656375726974792e6f61757468322e636f6d6d6f6e2e44656661756c744578706972696e674f417574683252656672657368546f6b656e2fdf47639dd0c9b70200014c000a65787069726174696f6e7400104c6a6176612f7574696c2f446174653b787200446f72672e737072696e676672616d65776f726b2e73656375726974792e6f61757468322e636f6d6d6f6e2e44656661756c744f417574683252656672657368546f6b656e73e10e0a6354d45e0200014c000576616c75657400124c6a6176612f6c616e672f537472696e673b787074002462323962353166332d633066352d343036642d616232642d3135313564313839613837397372000e6a6176612e7574696c2e44617465686a81014b597419030000787077080000016dd2dfdbe178	\\xaced0005737200416f72672e737072696e676672616d65776f726b2e73656375726974792e6f61757468322e70726f76696465722e4f417574683241757468656e7469636174696f6ebd400b02166252130200024c000d73746f7265645265717565737474003c4c6f72672f737072696e676672616d65776f726b2f73656375726974792f6f61757468322f70726f76696465722f4f4175746832526571756573743b4c00127573657241757468656e7469636174696f6e7400324c6f72672f737072696e676672616d65776f726b2f73656375726974792f636f72652f41757468656e7469636174696f6e3b787200476f72672e737072696e676672616d65776f726b2e73656375726974792e61757468656e7469636174696f6e2e416273747261637441757468656e7469636174696f6e546f6b656ed3aa287e6e47640e0200035a000d61757468656e746963617465644c000b617574686f7269746965737400164c6a6176612f7574696c2f436f6c6c656374696f6e3b4c000764657461696c737400124c6a6176612f6c616e672f4f626a6563743b787000737200266a6176612e7574696c2e436f6c6c656374696f6e7324556e6d6f6469666961626c654c697374fc0f2531b5ec8e100200014c00046c6973747400104c6a6176612f7574696c2f4c6973743b7872002c6a6176612e7574696c2e436f6c6c656374696f6e7324556e6d6f6469666961626c65436f6c6c656374696f6e19420080cb5ef71e0200014c00016371007e00047870737200136a6176612e7574696c2e41727261794c6973747881d21d99c7619d03000149000473697a657870000000017704000000017372002c636f6d2e6a617469732e74656d706c6174652e757365726d616e6167656d656e742e6d6f64656c2e526f6c654be6a9a5b480d9a80200095a000c64656c6574655374617475734c000c6163746976655374617475737400134c6a6176612f6c616e672f426f6f6c65616e3b4c00096372656174656442797400104c6a6176612f7574696c2f555549443b4c000b6372656174656454696d657400104c6a6176612f7574696c2f446174653b4c0006726f6c65496471007e000f4c0008726f6c654e616d657400124c6a6176612f6c616e672f537472696e673b4c0006726f6c654e6f71007e00114c000975706461746564427971007e000f4c000b7570646174656454696d6571007e00107870007070707372000e6a6176612e7574696c2e55554944bc9903f7986d852f0200024a000c6c65617374536967426974734a000b6d6f7374536967426974737870b50b61b3ab078ce2febcc8a1d52d454174000b53757065722041646d696e740006526f6c65303170707871007e000c707372003a6f72672e737072696e676672616d65776f726b2e73656375726974792e6f61757468322e70726f76696465722e4f41757468325265717565737400000000000000010200075a0008617070726f7665644c000b617574686f72697469657371007e00044c000a657874656e73696f6e7374000f4c6a6176612f7574696c2f4d61703b4c000b726564697265637455726971007e00114c00077265667265736874003b4c6f72672f737072696e676672616d65776f726b2f73656375726974792f6f61757468322f70726f76696465722f546f6b656e526571756573743b4c000b7265736f7572636549647374000f4c6a6176612f7574696c2f5365743b4c000d726573706f6e7365547970657371007e001a787200386f72672e737072696e676672616d65776f726b2e73656375726974792e6f61757468322e70726f76696465722e426173655265717565737436287a3ea37169bd0200034c0008636c69656e74496471007e00114c001172657175657374506172616d657465727371007e00184c000573636f706571007e001a7870740028737072696e672d73656375726974792d6f61757468322d726561642d77726974652d636c69656e74737200256a6176612e7574696c2e436f6c6c656374696f6e7324556e6d6f6469666961626c654d6170f1a5a8fe74f507420200014c00016d71007e00187870737200116a6176612e7574696c2e486173684d61700507dac1c31660d103000246000a6c6f6164466163746f724900097468726573686f6c6478703f400000000000037708000000040000000274000a6772616e745f7479706574000870617373776f7264740008757365726e616d6574000f61646d696e406a617469732e636f6d78737200256a6176612e7574696c2e436f6c6c656374696f6e7324556e6d6f6469666961626c65536574801d92d18f9b80550200007871007e0009737200176a6176612e7574696c2e4c696e6b656448617368536574d86cd75a95dd2a1e020000787200116a6176612e7574696c2e48617368536574ba44859596b8b7340300007870770c000000103f4000000000000274000472656164740005777269746578017371007e0029770c000000103f40000000000001737200426f72672e737072696e676672616d65776f726b2e73656375726974792e636f72652e617574686f726974792e53696d706c654772616e746564417574686f7269747900000000000001fe0200014c0004726f6c6571007e0011787074000455534552787371007e00203f40000000000000770800000010000000007870707371007e0029770c000000103f400000000000017400187265736f757263652d7365727665722d726573742d617069787371007e0029770c000000103f40000000000000787372004f6f72672e737072696e676672616d65776f726b2e73656375726974792e61757468656e7469636174696f6e2e557365726e616d6550617373776f726441757468656e7469636174696f6e546f6b656e00000000000001fe0200024c000b63726564656e7469616c7371007e00054c00097072696e636970616c71007e00057871007e0003017371007e00077371007e000b0000000177040000000171007e00127871007e0038737200176a6176612e7574696c2e4c696e6b6564486173684d617034c04e5c106cc0fb0200015a000b6163636573734f726465727871007e00203f400000000000067708000000080000000271007e002271007e002371007e002471007e00257800707372002c636f6d2e6a617469732e74656d706c6174652e757365726d616e6167656d656e742e6d6f64656c2e55736572006c1af87af6053f0200175a000e6163636f756e74457870697265645a000d6163636f756e744c6f636b65645a001263726564656e7469616c73457870697265645a000c64656c6574655374617475735a0007656e61626c65644c000b617574686f72697469657371007e00044c00066272616e636871007e00114c000963726561746564427971007e000f4c000b6372656174656454696d6571007e00104c000a6469766973696f6e496471007e000f4c000b656d61696c53746174757371007e00114c000866636d546f6b656e71007e00114c000866756c6c4e616d6571007e00114c00156c61737450617373776f726452657365744461746571007e00104c00036f747071007e00114c000870617373776f726471007e00114c000673656372657471007e00114c000975706461746564427971007e000f4c000b7570646174656454696d6571007e00104c000675736572496471007e000f4c0007757365724e696b71007e00114c0006757365724e6f71007e00114c0008757365726e616d6571007e0011787000000000017371007e000b0000000177040000000171007e001278707371007e0013bb56fc35e685794ce9311edd22094afb737200126a6176612e73716c2e54696d657374616d702618d5c80153bf650200014900056e616e6f737872000e6a6176612e7574696c2e44617465686a81014b597419030000787077080000016c715700d87802625a007371007e0013aa33340ea817033ca091eb99d04747fe74000e456d61696c5f56657269666965647074000b41646d696e204a617469737074000631323330343574003c2432612431302430617942496c613466307135425349726b56424c7a4f5138364a6e3336416d70667a332f515835566558737379454d7855746f434f707371007e0013b5172f1e41ab3444e7332d59c2854a6d7371007e003f77080000016d1969a528783178cb807371007e0013a1f14c0e8b500e96686457ccd6f94c877074000655736572303274000f61646d696e406a617469732e636f6d
b931ec568e41f930acd74fd85378cec1	\\xaced00057372004c6f72672e737072696e676672616d65776f726b2e73656375726974792e6f61757468322e636f6d6d6f6e2e44656661756c744578706972696e674f417574683252656672657368546f6b656e2fdf47639dd0c9b70200014c000a65787069726174696f6e7400104c6a6176612f7574696c2f446174653b787200446f72672e737072696e676672616d65776f726b2e73656375726974792e6f61757468322e636f6d6d6f6e2e44656661756c744f417574683252656672657368546f6b656e73e10e0a6354d45e0200014c000576616c75657400124c6a6176612f6c616e672f537472696e673b787074002437333536333564332d616234612d343066382d626164342d3763313939303630663536637372000e6a6176612e7574696c2e44617465686a81014b597419030000787077080000016d5273ddd378	\\xaced0005737200416f72672e737072696e676672616d65776f726b2e73656375726974792e6f61757468322e70726f76696465722e4f417574683241757468656e7469636174696f6ebd400b02166252130200024c000d73746f7265645265717565737474003c4c6f72672f737072696e676672616d65776f726b2f73656375726974792f6f61757468322f70726f76696465722f4f4175746832526571756573743b4c00127573657241757468656e7469636174696f6e7400324c6f72672f737072696e676672616d65776f726b2f73656375726974792f636f72652f41757468656e7469636174696f6e3b787200476f72672e737072696e676672616d65776f726b2e73656375726974792e61757468656e7469636174696f6e2e416273747261637441757468656e7469636174696f6e546f6b656ed3aa287e6e47640e0200035a000d61757468656e746963617465644c000b617574686f7269746965737400164c6a6176612f7574696c2f436f6c6c656374696f6e3b4c000764657461696c737400124c6a6176612f6c616e672f4f626a6563743b787000737200266a6176612e7574696c2e436f6c6c656374696f6e7324556e6d6f6469666961626c654c697374fc0f2531b5ec8e100200014c00046c6973747400104c6a6176612f7574696c2f4c6973743b7872002c6a6176612e7574696c2e436f6c6c656374696f6e7324556e6d6f6469666961626c65436f6c6c656374696f6e19420080cb5ef71e0200014c00016371007e00047870737200136a6176612e7574696c2e41727261794c6973747881d21d99c7619d03000149000473697a657870000000017704000000017372002c636f6d2e6a617469732e74656d706c6174652e757365726d616e6167656d656e742e6d6f64656c2e526f6c654be6a9a5b480d9a80200095a000664656c6574654c00096372656174656442797400104c6a6176612f7574696c2f555549443b4c000b6372656174656454696d657400104c6a6176612f7574696c2f446174653b4c0006726f6c65496471007e000e4c0008726f6c654e616d657400124c6a6176612f6c616e672f537472696e673b4c0006726f6c654e6f71007e00104c00067374617475737400134c6a6176612f6c616e672f426f6f6c65616e3b4c000975706461746564427971007e000e4c000b7570646174656454696d6571007e000f78700070707372000e6a6176612e7574696c2e55554944bc9903f7986d852f0200024a000c6c65617374536967426974734a000b6d6f7374536967426974737870a303b540951d935d77ed740cb9444297740006546573746572740006526f6c6530337070707871007e000c707372003a6f72672e737072696e676672616d65776f726b2e73656375726974792e6f61757468322e70726f76696465722e4f41757468325265717565737400000000000000010200075a0008617070726f7665644c000b617574686f72697469657371007e00044c000a657874656e73696f6e7374000f4c6a6176612f7574696c2f4d61703b4c000b726564697265637455726971007e00104c00077265667265736874003b4c6f72672f737072696e676672616d65776f726b2f73656375726974792f6f61757468322f70726f76696465722f546f6b656e526571756573743b4c000b7265736f7572636549647374000f4c6a6176612f7574696c2f5365743b4c000d726573706f6e7365547970657371007e001a787200386f72672e737072696e676672616d65776f726b2e73656375726974792e6f61757468322e70726f76696465722e426173655265717565737436287a3ea37169bd0200034c0008636c69656e74496471007e00104c001172657175657374506172616d657465727371007e00184c000573636f706571007e001a7870740028737072696e672d73656375726974792d6f61757468322d726561642d77726974652d636c69656e74737200256a6176612e7574696c2e436f6c6c656374696f6e7324556e6d6f6469666961626c654d6170f1a5a8fe74f507420200014c00016d71007e00187870737200116a6176612e7574696c2e486173684d61700507dac1c31660d103000246000a6c6f6164466163746f724900097468726573686f6c6478703f400000000000037708000000040000000274000a6772616e745f7479706574000870617373776f7264740008757365726e616d6574001a74657374696e6773617475406d61696c696e61746f722e636f6d78737200256a6176612e7574696c2e436f6c6c656374696f6e7324556e6d6f6469666961626c65536574801d92d18f9b80550200007871007e0009737200176a6176612e7574696c2e4c696e6b656448617368536574d86cd75a95dd2a1e020000787200116a6176612e7574696c2e48617368536574ba44859596b8b7340300007870770c000000103f4000000000000274000472656164740005777269746578017371007e0029770c000000103f40000000000001737200426f72672e737072696e676672616d65776f726b2e73656375726974792e636f72652e617574686f726974792e53696d706c654772616e746564417574686f7269747900000000000001fe0200014c0004726f6c6571007e0010787074000455534552787371007e00203f40000000000000770800000010000000007870707371007e0029770c000000103f400000000000017400187265736f757263652d7365727665722d726573742d617069787371007e0029770c000000103f40000000000000787372004f6f72672e737072696e676672616d65776f726b2e73656375726974792e61757468656e7469636174696f6e2e557365726e616d6550617373776f726441757468656e7469636174696f6e546f6b656e00000000000001fe0200024c000b63726564656e7469616c7371007e00054c00097072696e636970616c71007e00057871007e0003017371007e00077371007e000b0000000177040000000171007e00127871007e0038737200176a6176612e7574696c2e4c696e6b6564486173684d617034c04e5c106cc0fb0200015a000b6163636573734f726465727871007e00203f400000000000067708000000080000000271007e002271007e002371007e002471007e00257800707372002c636f6d2e6a617469732e74656d706c6174652e757365726d616e6167656d656e742e6d6f64656c2e55736572006c1af87af6053f0200175a000e6163636f756e74457870697265645a000d6163636f756e744c6f636b65645a001263726564656e7469616c73457870697265645a000664656c6574655a0007656e61626c65644c000b617574686f72697469657371007e00044c00066272616e636871007e00104c000963726561746564427971007e000e4c000b6372656174656454696d6571007e000f4c00086469766973696f6e71007e00104c000b656d61696c53746174757371007e00104c000866636d546f6b656e71007e00104c000866756c6c4e616d6571007e00104c00156c61737450617373776f726452657365744461746571007e000f4c00036f747071007e00104c000870617373776f726471007e00104c000673656372657471007e00104c000975706461746564427971007e000e4c000b7570646174656454696d6571007e000f4c000675736572496471007e000e4c0007757365724e696b71007e00104c0006757365724e6f71007e00104c0008757365726e616d6571007e0010787000000000017371007e000b0000000177040000000171007e001278707371007e0013aa73620a4848ce3ac2899ff19373456c737200126a6176612e73716c2e54696d657374616d702618d5c80153bf650200014900056e616e6f737872000e6a6176612e7574696c2e44617465686a81014b597419030000787077080000016cb7d972e8781cd9410074000754657374696e6774000e456d61696c5f56657269666965647074000c54657374696e672053617475707074003c243261243130246b744b68582e47454569646d62536d75476f2f444575352e4d57796863616e4e74503576674a504d69773977747173472e36685571707371007e0013b8b10cadb03e6c4870bb2d43aaa3483a7371007e003f77080000016cb7f0f6707828c503007371007e0013b8b10cadb03e6c4870bb2d43aaa3483a7074000655736572383574001a74657374696e6773617475406d61696c696e61746f722e636f6d
d413a7f50908180b38de3900b83f0cdd	\\xaced00057372004c6f72672e737072696e676672616d65776f726b2e73656375726974792e6f61757468322e636f6d6d6f6e2e44656661756c744578706972696e674f417574683252656672657368546f6b656e2fdf47639dd0c9b70200014c000a65787069726174696f6e7400104c6a6176612f7574696c2f446174653b787200446f72672e737072696e676672616d65776f726b2e73656375726974792e6f61757468322e636f6d6d6f6e2e44656661756c744f417574683252656672657368546f6b656e73e10e0a6354d45e0200014c000576616c75657400124c6a6176612f6c616e672f537472696e673b787074002439653864316464632d303739372d343539342d613031632d3632396534343563323062387372000e6a6176612e7574696c2e44617465686a81014b597419030000787077080000016d57dc524b78	\\xaced0005737200416f72672e737072696e676672616d65776f726b2e73656375726974792e6f61757468322e70726f76696465722e4f417574683241757468656e7469636174696f6ebd400b02166252130200024c000d73746f7265645265717565737474003c4c6f72672f737072696e676672616d65776f726b2f73656375726974792f6f61757468322f70726f76696465722f4f4175746832526571756573743b4c00127573657241757468656e7469636174696f6e7400324c6f72672f737072696e676672616d65776f726b2f73656375726974792f636f72652f41757468656e7469636174696f6e3b787200476f72672e737072696e676672616d65776f726b2e73656375726974792e61757468656e7469636174696f6e2e416273747261637441757468656e7469636174696f6e546f6b656ed3aa287e6e47640e0200035a000d61757468656e746963617465644c000b617574686f7269746965737400164c6a6176612f7574696c2f436f6c6c656374696f6e3b4c000764657461696c737400124c6a6176612f6c616e672f4f626a6563743b787000737200266a6176612e7574696c2e436f6c6c656374696f6e7324556e6d6f6469666961626c654c697374fc0f2531b5ec8e100200014c00046c6973747400104c6a6176612f7574696c2f4c6973743b7872002c6a6176612e7574696c2e436f6c6c656374696f6e7324556e6d6f6469666961626c65436f6c6c656374696f6e19420080cb5ef71e0200014c00016371007e00047870737200136a6176612e7574696c2e41727261794c6973747881d21d99c7619d03000149000473697a657870000000017704000000017372002c636f6d2e6a617469732e74656d706c6174652e757365726d616e6167656d656e742e6d6f64656c2e526f6c654be6a9a5b480d9a80200095a000664656c6574654c00096372656174656442797400104c6a6176612f7574696c2f555549443b4c000b6372656174656454696d657400104c6a6176612f7574696c2f446174653b4c0006726f6c65496471007e000e4c0008726f6c654e616d657400124c6a6176612f6c616e672f537472696e673b4c0006726f6c654e6f71007e00104c00067374617475737400134c6a6176612f6c616e672f426f6f6c65616e3b4c000975706461746564427971007e000e4c000b7570646174656454696d6571007e000f78700070707372000e6a6176612e7574696c2e55554944bc9903f7986d852f0200024a000c6c65617374536967426974734a000b6d6f7374536967426974737870a9624bb4b6c8bf4f70f2a76d8c514ba0740005526f6c6536740006526f6c6530367070707871007e000c707372003a6f72672e737072696e676672616d65776f726b2e73656375726974792e6f61757468322e70726f76696465722e4f41757468325265717565737400000000000000010200075a0008617070726f7665644c000b617574686f72697469657371007e00044c000a657874656e73696f6e7374000f4c6a6176612f7574696c2f4d61703b4c000b726564697265637455726971007e00104c00077265667265736874003b4c6f72672f737072696e676672616d65776f726b2f73656375726974792f6f61757468322f70726f76696465722f546f6b656e526571756573743b4c000b7265736f7572636549647374000f4c6a6176612f7574696c2f5365743b4c000d726573706f6e7365547970657371007e001a787200386f72672e737072696e676672616d65776f726b2e73656375726974792e6f61757468322e70726f76696465722e426173655265717565737436287a3ea37169bd0200034c0008636c69656e74496471007e00104c001172657175657374506172616d657465727371007e00184c000573636f706571007e001a7870740028737072696e672d73656375726974792d6f61757468322d726561642d77726974652d636c69656e74737200256a6176612e7574696c2e436f6c6c656374696f6e7324556e6d6f6469666961626c654d6170f1a5a8fe74f507420200014c00016d71007e00187870737200116a6176612e7574696c2e486173684d61700507dac1c31660d103000246000a6c6f6164466163746f724900097468726573686f6c6478703f400000000000067708000000080000000374000a6772616e745f7479706574000870617373776f7264740009636c69656e745f6964740028737072696e672d73656375726974792d6f61757468322d726561642d77726974652d636c69656e74740008757365726e616d6574001c74657374696e6761756c696131406d61696c696e61746f722e636f6d78737200256a6176612e7574696c2e436f6c6c656374696f6e7324556e6d6f6469666961626c65536574801d92d18f9b80550200007871007e0009737200176a6176612e7574696c2e4c696e6b656448617368536574d86cd75a95dd2a1e020000787200116a6176612e7574696c2e48617368536574ba44859596b8b7340300007870770c000000103f4000000000000274000472656164740005777269746578017371007e002b770c000000103f40000000000001737200426f72672e737072696e676672616d65776f726b2e73656375726974792e636f72652e617574686f726974792e53696d706c654772616e746564417574686f7269747900000000000001fe0200014c0004726f6c6571007e0010787074000455534552787371007e00203f40000000000000770800000010000000007870707371007e002b770c000000103f400000000000017400187265736f757263652d7365727665722d726573742d617069787371007e002b770c000000103f40000000000000787372004f6f72672e737072696e676672616d65776f726b2e73656375726974792e61757468656e7469636174696f6e2e557365726e616d6550617373776f726441757468656e7469636174696f6e546f6b656e00000000000001fe0200024c000b63726564656e7469616c7371007e00054c00097072696e636970616c71007e00057871007e0003017371007e00077371007e000b0000000177040000000171007e00127871007e003a737200176a6176612e7574696c2e4c696e6b6564486173684d617034c04e5c106cc0fb0200015a000b6163636573734f726465727871007e00203f400000000000067708000000080000000371007e002271007e002371007e002471007e002571007e002671007e00277800707372002c636f6d2e6a617469732e74656d706c6174652e757365726d616e6167656d656e742e6d6f64656c2e55736572006c1af87af6053f0200175a000e6163636f756e74457870697265645a000d6163636f756e744c6f636b65645a001263726564656e7469616c73457870697265645a000664656c6574655a0007656e61626c65644c000b617574686f72697469657371007e00044c00066272616e636871007e00104c000963726561746564427971007e000e4c000b6372656174656454696d6571007e000f4c00086469766973696f6e71007e00104c000b656d61696c53746174757371007e00104c000866636d546f6b656e71007e00104c000866756c6c4e616d6571007e00104c00156c61737450617373776f726452657365744461746571007e000f4c00036f747071007e00104c000870617373776f726471007e00104c000673656372657471007e00104c000975706461746564427971007e000e4c000b7570646174656454696d6571007e000f4c000675736572496471007e000e4c0007757365724e696b71007e00104c0006757365724e6f71007e00104c0008757365726e616d6571007e0010787000000000017371007e000b0000000177040000000171007e001278707371007e0013a1f14c0e8b500e96686457ccd6f94c87737200126a6176612e73716c2e54696d657374616d702618d5c80153bf650200014900056e616e6f737872000e6a6176612e7574696c2e44617465686a81014b597419030000787077080000016cbc8eaa107803473bc074000344457674000e456d61696c5f56657269666965647074001154657374696e672041756c696120315f31707074003c2432612431302454796a62617349506835484a39646b36307a4b4f77753334704e4564485958586d4e764e47366d496372614f7a78543665544a707170707371007e004177080000016cbd233d38780df28e807371007e0013a9bdb1cc136c8269e78724710e5c4d0c707400075573657231303074001c74657374696e6761756c696131406d61696c696e61746f722e636f6d
361f79765d105a620c424e5bdbd804dc	\\xaced00057372004c6f72672e737072696e676672616d65776f726b2e73656375726974792e6f61757468322e636f6d6d6f6e2e44656661756c744578706972696e674f417574683252656672657368546f6b656e2fdf47639dd0c9b70200014c000a65787069726174696f6e7400104c6a6176612f7574696c2f446174653b787200446f72672e737072696e676672616d65776f726b2e73656375726974792e6f61757468322e636f6d6d6f6e2e44656661756c744f417574683252656672657368546f6b656e73e10e0a6354d45e0200014c000576616c75657400124c6a6176612f6c616e672f537472696e673b787074002439653238616530652d353638352d346435372d626164652d3061316562613234323235387372000e6a6176612e7574696c2e44617465686a81014b597419030000787077080000016e01a0632578	\\xaced0005737200416f72672e737072696e676672616d65776f726b2e73656375726974792e6f61757468322e70726f76696465722e4f417574683241757468656e7469636174696f6ebd400b02166252130200024c000d73746f7265645265717565737474003c4c6f72672f737072696e676672616d65776f726b2f73656375726974792f6f61757468322f70726f76696465722f4f4175746832526571756573743b4c00127573657241757468656e7469636174696f6e7400324c6f72672f737072696e676672616d65776f726b2f73656375726974792f636f72652f41757468656e7469636174696f6e3b787200476f72672e737072696e676672616d65776f726b2e73656375726974792e61757468656e7469636174696f6e2e416273747261637441757468656e7469636174696f6e546f6b656ed3aa287e6e47640e0200035a000d61757468656e746963617465644c000b617574686f7269746965737400164c6a6176612f7574696c2f436f6c6c656374696f6e3b4c000764657461696c737400124c6a6176612f6c616e672f4f626a6563743b787000737200266a6176612e7574696c2e436f6c6c656374696f6e7324556e6d6f6469666961626c654c697374fc0f2531b5ec8e100200014c00046c6973747400104c6a6176612f7574696c2f4c6973743b7872002c6a6176612e7574696c2e436f6c6c656374696f6e7324556e6d6f6469666961626c65436f6c6c656374696f6e19420080cb5ef71e0200014c00016371007e00047870737200136a6176612e7574696c2e41727261794c6973747881d21d99c7619d03000149000473697a657870000000017704000000017372002b636f6d2e6a617469732e74656d706c6174652e636f6d6d6f6e2e646f6d61696e2e436f6d6d6f6e526f6c654be6a9a5b480d9a80200034c0006726f6c6549647400104c6a6176612f7574696c2f555549443b4c0008726f6c654e616d657400124c6a6176612f6c616e672f537472696e673b4c0006726f6c654e6f71007e000f78707372000e6a6176612e7574696c2e55554944bc9903f7986d852f0200024a000c6c65617374536967426974734a000b6d6f7374536967426974737870830ea0cbb6d70e583396c01eaec545e974000541646d696e740006526f6c6530327871007e000c707372003a6f72672e737072696e676672616d65776f726b2e73656375726974792e6f61757468322e70726f76696465722e4f41757468325265717565737400000000000000010200075a0008617070726f7665644c000b617574686f72697469657371007e00044c000a657874656e73696f6e7374000f4c6a6176612f7574696c2f4d61703b4c000b726564697265637455726971007e000f4c00077265667265736874003b4c6f72672f737072696e676672616d65776f726b2f73656375726974792f6f61757468322f70726f76696465722f546f6b656e526571756573743b4c000b7265736f7572636549647374000f4c6a6176612f7574696c2f5365743b4c000d726573706f6e7365547970657371007e0018787200386f72672e737072696e676672616d65776f726b2e73656375726974792e6f61757468322e70726f76696465722e426173655265717565737436287a3ea37169bd0200034c0008636c69656e74496471007e000f4c001172657175657374506172616d657465727371007e00164c000573636f706571007e00187870740028737072696e672d73656375726974792d6f61757468322d726561642d77726974652d636c69656e74737200256a6176612e7574696c2e436f6c6c656374696f6e7324556e6d6f6469666961626c654d6170f1a5a8fe74f507420200014c00016d71007e00167870737200116a6176612e7574696c2e486173684d61700507dac1c31660d103000246000a6c6f6164466163746f724900097468726573686f6c6478703f400000000000037708000000040000000274000a6772616e745f7479706574000870617373776f7264740008757365726e616d65740015616e6767756e406d61696c696e61746f722e636f6d78737200256a6176612e7574696c2e436f6c6c656374696f6e7324556e6d6f6469666961626c65536574801d92d18f9b80550200007871007e0009737200176a6176612e7574696c2e4c696e6b656448617368536574d86cd75a95dd2a1e020000787200116a6176612e7574696c2e48617368536574ba44859596b8b7340300007870770c000000103f4000000000000274000472656164740005777269746578017371007e0027770c000000103f40000000000001737200426f72672e737072696e676672616d65776f726b2e73656375726974792e636f72652e617574686f726974792e53696d706c654772616e746564417574686f7269747900000000000001fe0200014c0004726f6c6571007e000f787074000455534552787371007e001e3f40000000000000770800000010000000007870707371007e0027770c000000103f400000000000017400187265736f757263652d7365727665722d726573742d617069787371007e0027770c000000103f40000000000000787372004f6f72672e737072696e676672616d65776f726b2e73656375726974792e61757468656e7469636174696f6e2e557365726e616d6550617373776f726441757468656e7469636174696f6e546f6b656e00000000000001fe0200024c000b63726564656e7469616c7371007e00054c00097072696e636970616c71007e00057871007e0003017371007e00077371007e000b0000000177040000000171007e00107871007e0036737200176a6176612e7574696c2e4c696e6b6564486173684d617034c04e5c106cc0fb0200015a000b6163636573734f726465727871007e001e3f400000000000067708000000080000000271007e002071007e002171007e002271007e002378007073720032636f6d2e6a617469732e74656d706c6174652e636f6d6d6f6e2e646f6d61696e2e436f6d6d6f6e5573657244657461696c7300000000000000010200155a000e6163636f756e74457870697265645a000d6163636f756e744c6f636b65645a001263726564656e7469616c73457870697265645a000c64656c6574655374617475735a0007656e61626c65644c000b617574686f72697469657371007e00044c00066272616e636871007e000f4c000963726561746564427971007e000e4c000b6372656174656454696d657400104c6a6176612f7574696c2f446174653b4c000a6469766973696f6e496471007e000e4c000b656d61696c53746174757371007e000f4c000866756c6c4e616d6571007e000f4c00156c61737450617373776f726452657365744461746571007e003a4c000870617373776f726471007e000f4c000673656372657471007e000f4c000975706461746564427971007e000e4c000b7570646174656454696d6571007e003a4c000675736572496471007e000e4c0007757365724e696b71007e000f4c0006757365724e6f71007e000f4c0008757365726e616d6571007e000f787000000000017371007e000b0000000177040000000171007e0010787070737200126a6176612e73716c2e54696d657374616d702618d5c80153bf650200014900056e616e6f737872000e6a6176612e7574696c2e44617465686a81014b597419030000787077080000016d67202d287814be0f007371007e00119316929b361fa78862f87ee5ade5425a74000e456d61696c5f5665726966696564740007616e6767756e317074003c24326124313024666b4d6e525149384758426a5a5563704a6a3659502e353661486d713273774733774436747376376351456f756a6f39494453585770707371007e003d77080000016d67212b107807b062407371007e0011a52711a027c0f91d2b059dad3f6a4a3f7074000755736572313030740015616e6767756e406d61696c696e61746f722e636f6d
d12bd870f4f1bf26a14022667605f929	\\xaced00057372004c6f72672e737072696e676672616d65776f726b2e73656375726974792e6f61757468322e636f6d6d6f6e2e44656661756c744578706972696e674f417574683252656672657368546f6b656e2fdf47639dd0c9b70200014c000a65787069726174696f6e7400104c6a6176612f7574696c2f446174653b787200446f72672e737072696e676672616d65776f726b2e73656375726974792e6f61757468322e636f6d6d6f6e2e44656661756c744f417574683252656672657368546f6b656e73e10e0a6354d45e0200014c000576616c75657400124c6a6176612f6c616e672f537472696e673b787074002433326338613365652d343965352d343237312d623634302d3732343237663135376139637372000e6a6176612e7574696c2e44617465686a81014b597419030000787077080000016e86ebc60c78	\\xaced0005737200416f72672e737072696e676672616d65776f726b2e73656375726974792e6f61757468322e70726f76696465722e4f417574683241757468656e7469636174696f6ebd400b02166252130200024c000d73746f7265645265717565737474003c4c6f72672f737072696e676672616d65776f726b2f73656375726974792f6f61757468322f70726f76696465722f4f4175746832526571756573743b4c00127573657241757468656e7469636174696f6e7400324c6f72672f737072696e676672616d65776f726b2f73656375726974792f636f72652f41757468656e7469636174696f6e3b787200476f72672e737072696e676672616d65776f726b2e73656375726974792e61757468656e7469636174696f6e2e416273747261637441757468656e7469636174696f6e546f6b656ed3aa287e6e47640e0200035a000d61757468656e746963617465644c000b617574686f7269746965737400164c6a6176612f7574696c2f436f6c6c656374696f6e3b4c000764657461696c737400124c6a6176612f6c616e672f4f626a6563743b787000737200266a6176612e7574696c2e436f6c6c656374696f6e7324556e6d6f6469666961626c654c697374fc0f2531b5ec8e100200014c00046c6973747400104c6a6176612f7574696c2f4c6973743b7872002c6a6176612e7574696c2e436f6c6c656374696f6e7324556e6d6f6469666961626c65436f6c6c656374696f6e19420080cb5ef71e0200014c00016371007e00047870737200136a6176612e7574696c2e41727261794c6973747881d21d99c7619d03000149000473697a657870000000017704000000017372002b636f6d2e6a617469732e74656d706c6174652e636f6d6d6f6e2e646f6d61696e2e436f6d6d6f6e526f6c654be6a9a5b480d9a80200034c0006726f6c6549647400104c6a6176612f7574696c2f555549443b4c0008726f6c654e616d657400124c6a6176612f6c616e672f537472696e673b4c0006726f6c654e6f71007e000f78707372000e6a6176612e7574696c2e55554944bc9903f7986d852f0200024a000c6c65617374536967426974734a000b6d6f73745369674269747378709895bd293389da1ffd1909d41386425f7400036e6577740006526f6c6535307871007e000c707372003a6f72672e737072696e676672616d65776f726b2e73656375726974792e6f61757468322e70726f76696465722e4f41757468325265717565737400000000000000010200075a0008617070726f7665644c000b617574686f72697469657371007e00044c000a657874656e73696f6e7374000f4c6a6176612f7574696c2f4d61703b4c000b726564697265637455726971007e000f4c00077265667265736874003b4c6f72672f737072696e676672616d65776f726b2f73656375726974792f6f61757468322f70726f76696465722f546f6b656e526571756573743b4c000b7265736f7572636549647374000f4c6a6176612f7574696c2f5365743b4c000d726573706f6e7365547970657371007e0018787200386f72672e737072696e676672616d65776f726b2e73656375726974792e6f61757468322e70726f76696465722e426173655265717565737436287a3ea37169bd0200034c0008636c69656e74496471007e000f4c001172657175657374506172616d657465727371007e00164c000573636f706571007e00187870740028737072696e672d73656375726974792d6f61757468322d726561642d77726974652d636c69656e74737200256a6176612e7574696c2e436f6c6c656374696f6e7324556e6d6f6469666961626c654d6170f1a5a8fe74f507420200014c00016d71007e00167870737200116a6176612e7574696c2e486173684d61700507dac1c31660d103000246000a6c6f6164466163746f724900097468726573686f6c6478703f400000000000037708000000040000000274000a6772616e745f7479706574000870617373776f7264740008757365726e616d6574001e616e6767756e2e6167756e6740706a692d736f6c7574696f6e732e636f6d78737200256a6176612e7574696c2e436f6c6c656374696f6e7324556e6d6f6469666961626c65536574801d92d18f9b80550200007871007e0009737200176a6176612e7574696c2e4c696e6b656448617368536574d86cd75a95dd2a1e020000787200116a6176612e7574696c2e48617368536574ba44859596b8b7340300007870770c000000103f4000000000000274000472656164740005777269746578017371007e0027770c000000103f40000000000001737200426f72672e737072696e676672616d65776f726b2e73656375726974792e636f72652e617574686f726974792e53696d706c654772616e746564417574686f7269747900000000000001fe0200014c0004726f6c6571007e000f787074000455534552787371007e001e3f40000000000000770800000010000000007870707371007e0027770c000000103f400000000000017400187265736f757263652d7365727665722d726573742d617069787371007e0027770c000000103f40000000000000787372004f6f72672e737072696e676672616d65776f726b2e73656375726974792e61757468656e7469636174696f6e2e557365726e616d6550617373776f726441757468656e7469636174696f6e546f6b656e00000000000001fe0200024c000b63726564656e7469616c7371007e00054c00097072696e636970616c71007e00057871007e0003017371007e00077371007e000b0000000177040000000171007e00107871007e0036737200176a6176612e7574696c2e4c696e6b6564486173684d617034c04e5c106cc0fb0200015a000b6163636573734f726465727871007e001e3f400000000000067708000000080000000271007e002071007e002171007e002271007e002378007073720032636f6d2e6a617469732e74656d706c6174652e636f6d6d6f6e2e646f6d61696e2e436f6d6d6f6e5573657244657461696c7300000000000000010200155a000e6163636f756e74457870697265645a000d6163636f756e744c6f636b65645a001263726564656e7469616c73457870697265645a000c64656c6574655374617475735a0007656e61626c65644c000b617574686f72697469657371007e00044c00066272616e636871007e000f4c000963726561746564427971007e000e4c000b6372656174656454696d657400104c6a6176612f7574696c2f446174653b4c000a6469766973696f6e496471007e000e4c000b656d61696c53746174757371007e000f4c000866756c6c4e616d6571007e000f4c00156c61737450617373776f726452657365744461746571007e003a4c000870617373776f726471007e000f4c000673656372657471007e000f4c000975706461746564427971007e000e4c000b7570646174656454696d6571007e003a4c000675736572496471007e000e4c0007757365724e696b71007e000f4c0006757365724e6f71007e000f4c0008757365726e616d6571007e000f787000000000017371007e000b0000000177040000000171007e0010787070737200126a6176612e73716c2e54696d657374616d702618d5c80153bf650200014900056e616e6f737872000e6a6176612e7574696c2e44617465686a81014b597419030000787077080000016d4d8d7c0878082a74407371007e0011aa33340ea817033ca091eb99d04747fe74000e456d61696c5f5665726966696564740006616e6767756e7074003c24326124313024586978674f474e7a37354b4c456f5246796f744e522e665069626271554b55703973794d79724d553279596f303743315a3553334370707371007e003d77080000016d6728d7e8781d34ce807371007e0011b62610f3aae3a5d050c79b97f8bb4be3707400075573657231303074001e616e6767756e2e6167756e6740706a692d736f6c7574696f6e732e636f6d
b13d640d1aaf8a8a8ee8587bc1f74069	\\xaced00057372004c6f72672e737072696e676672616d65776f726b2e73656375726974792e6f61757468322e636f6d6d6f6e2e44656661756c744578706972696e674f417574683252656672657368546f6b656e2fdf47639dd0c9b70200014c000a65787069726174696f6e7400104c6a6176612f7574696c2f446174653b787200446f72672e737072696e676672616d65776f726b2e73656375726974792e6f61757468322e636f6d6d6f6e2e44656661756c744f417574683252656672657368546f6b656e73e10e0a6354d45e0200014c000576616c75657400124c6a6176612f6c616e672f537472696e673b787074002465636465633162642d303464642d343534612d393463362d3165633339336561323436667372000e6a6176612e7574696c2e44617465686a81014b597419030000787077080000016e3f98bc3c78	\\xaced0005737200416f72672e737072696e676672616d65776f726b2e73656375726974792e6f61757468322e70726f76696465722e4f417574683241757468656e7469636174696f6ebd400b02166252130200024c000d73746f7265645265717565737474003c4c6f72672f737072696e676672616d65776f726b2f73656375726974792f6f61757468322f70726f76696465722f4f4175746832526571756573743b4c00127573657241757468656e7469636174696f6e7400324c6f72672f737072696e676672616d65776f726b2f73656375726974792f636f72652f41757468656e7469636174696f6e3b787200476f72672e737072696e676672616d65776f726b2e73656375726974792e61757468656e7469636174696f6e2e416273747261637441757468656e7469636174696f6e546f6b656ed3aa287e6e47640e0200035a000d61757468656e746963617465644c000b617574686f7269746965737400164c6a6176612f7574696c2f436f6c6c656374696f6e3b4c000764657461696c737400124c6a6176612f6c616e672f4f626a6563743b787000737200266a6176612e7574696c2e436f6c6c656374696f6e7324556e6d6f6469666961626c654c697374fc0f2531b5ec8e100200014c00046c6973747400104c6a6176612f7574696c2f4c6973743b7872002c6a6176612e7574696c2e436f6c6c656374696f6e7324556e6d6f6469666961626c65436f6c6c656374696f6e19420080cb5ef71e0200014c00016371007e00047870737200136a6176612e7574696c2e41727261794c6973747881d21d99c7619d03000149000473697a657870000000017704000000017372002b636f6d2e6a617469732e74656d706c6174652e636f6d6d6f6e2e646f6d61696e2e436f6d6d6f6e526f6c654be6a9a5b480d9a80200034c0006726f6c6549647400104c6a6176612f7574696c2f555549443b4c0008726f6c654e616d657400124c6a6176612f6c616e672f537472696e673b4c0006726f6c654e6f71007e000f78707372000e6a6176612e7574696c2e55554944bc9903f7986d852f0200024a000c6c65617374536967426974734a000b6d6f7374536967426974737870830ea0cbb6d70e583396c01eaec545e974000541646d696e740006526f6c6530327871007e000c707372003a6f72672e737072696e676672616d65776f726b2e73656375726974792e6f61757468322e70726f76696465722e4f41757468325265717565737400000000000000010200075a0008617070726f7665644c000b617574686f72697469657371007e00044c000a657874656e73696f6e7374000f4c6a6176612f7574696c2f4d61703b4c000b726564697265637455726971007e000f4c00077265667265736874003b4c6f72672f737072696e676672616d65776f726b2f73656375726974792f6f61757468322f70726f76696465722f546f6b656e526571756573743b4c000b7265736f7572636549647374000f4c6a6176612f7574696c2f5365743b4c000d726573706f6e7365547970657371007e0018787200386f72672e737072696e676672616d65776f726b2e73656375726974792e6f61757468322e70726f76696465722e426173655265717565737436287a3ea37169bd0200034c0008636c69656e74496471007e000f4c001172657175657374506172616d657465727371007e00164c000573636f706571007e00187870740028737072696e672d73656375726974792d6f61757468322d726561642d77726974652d636c69656e74737200256a6176612e7574696c2e436f6c6c656374696f6e7324556e6d6f6469666961626c654d6170f1a5a8fe74f507420200014c00016d71007e00167870737200116a6176612e7574696c2e486173684d61700507dac1c31660d103000246000a6c6f6164466163746f724900097468726573686f6c6478703f400000000000037708000000040000000274000a6772616e745f7479706574000870617373776f7264740008757365726e616d6574001573757065722e61646d696e406a617469732e636f6d78737200256a6176612e7574696c2e436f6c6c656374696f6e7324556e6d6f6469666961626c65536574801d92d18f9b80550200007871007e0009737200176a6176612e7574696c2e4c696e6b656448617368536574d86cd75a95dd2a1e020000787200116a6176612e7574696c2e48617368536574ba44859596b8b7340300007870770c000000103f4000000000000274000472656164740005777269746578017371007e0027770c000000103f40000000000001737200426f72672e737072696e676672616d65776f726b2e73656375726974792e636f72652e617574686f726974792e53696d706c654772616e746564417574686f7269747900000000000001fe0200014c0004726f6c6571007e000f787074000455534552787371007e001e3f40000000000000770800000010000000007870707371007e0027770c000000103f400000000000017400187265736f757263652d7365727665722d726573742d617069787371007e0027770c000000103f40000000000000787372004f6f72672e737072696e676672616d65776f726b2e73656375726974792e61757468656e7469636174696f6e2e557365726e616d6550617373776f726441757468656e7469636174696f6e546f6b656e00000000000001fe0200024c000b63726564656e7469616c7371007e00054c00097072696e636970616c71007e00057871007e0003017371007e00077371007e000b0000000177040000000171007e00107871007e0036737200176a6176612e7574696c2e4c696e6b6564486173684d617034c04e5c106cc0fb0200015a000b6163636573734f726465727871007e001e3f400000000000067708000000080000000271007e002071007e002171007e002271007e002378007073720032636f6d2e6a617469732e74656d706c6174652e636f6d6d6f6e2e646f6d61696e2e436f6d6d6f6e5573657244657461696c7300000000000000010200155a000e6163636f756e74457870697265645a000d6163636f756e744c6f636b65645a001263726564656e7469616c73457870697265645a000c64656c6574655374617475735a0007656e61626c65644c000b617574686f72697469657371007e00044c00066272616e636871007e000f4c000963726561746564427971007e000e4c000b6372656174656454696d657400104c6a6176612f7574696c2f446174653b4c000a6469766973696f6e496471007e000e4c000b656d61696c53746174757371007e000f4c000866756c6c4e616d6571007e000f4c00156c61737450617373776f726452657365744461746571007e003a4c000870617373776f726471007e000f4c000673656372657471007e000f4c000975706461746564427971007e000e4c000b7570646174656454696d6571007e003a4c000675736572496471007e000e4c0007757365724e696b71007e000f4c0006757365724e6f71007e000f4c0008757365726e616d6571007e000f787000000000017371007e000b0000000177040000000171007e00107874000d4b656c61706120476164696e677371007e0011bb56fc35e685794ce9311edd22094afb737200126a6176612e73716c2e54696d657374616d702618d5c80153bf650200014900056e616e6f737872000e6a6176612e7574696c2e44617465686a81014b597419030000787077080000016c70be1c38782282d6c07371007e0011825b1c3448f499d3e5a7678c0aab4cc574000e456d61696c5f566572696669656474000b53757065722041646d696e7074003c24326124303824674d694f706c7761464548544376534d685a56424f75725654725659724c6c726a58394762334d526a6d55645257485a756f526a4370707371007e003f77080000016d6171d0c0780cd0a3c07371007e0011a3651494d3cdd8ef02c1c5e01a284d207400103132333435363738383736353433323174000655736572303174001573757065722e61646d696e406a617469732e636f6d
3cd3fbc96ce57d581bae49e880aae1ad	\\xaced00057372004c6f72672e737072696e676672616d65776f726b2e73656375726974792e6f61757468322e636f6d6d6f6e2e44656661756c744578706972696e674f417574683252656672657368546f6b656e2fdf47639dd0c9b70200014c000a65787069726174696f6e7400104c6a6176612f7574696c2f446174653b787200446f72672e737072696e676672616d65776f726b2e73656375726974792e6f61757468322e636f6d6d6f6e2e44656661756c744f417574683252656672657368546f6b656e73e10e0a6354d45e0200014c000576616c75657400124c6a6176612f6c616e672f537472696e673b787074002437373938626433302d353037662d346130352d393137372d3135613262653530353736367372000e6a6176612e7574696c2e44617465686a81014b597419030000787077080000016e9b545f5d78	\\xaced0005737200416f72672e737072696e676672616d65776f726b2e73656375726974792e6f61757468322e70726f76696465722e4f417574683241757468656e7469636174696f6ebd400b02166252130200024c000d73746f7265645265717565737474003c4c6f72672f737072696e676672616d65776f726b2f73656375726974792f6f61757468322f70726f76696465722f4f4175746832526571756573743b4c00127573657241757468656e7469636174696f6e7400324c6f72672f737072696e676672616d65776f726b2f73656375726974792f636f72652f41757468656e7469636174696f6e3b787200476f72672e737072696e676672616d65776f726b2e73656375726974792e61757468656e7469636174696f6e2e416273747261637441757468656e7469636174696f6e546f6b656ed3aa287e6e47640e0200035a000d61757468656e746963617465644c000b617574686f7269746965737400164c6a6176612f7574696c2f436f6c6c656374696f6e3b4c000764657461696c737400124c6a6176612f6c616e672f4f626a6563743b787000737200266a6176612e7574696c2e436f6c6c656374696f6e7324556e6d6f6469666961626c654c697374fc0f2531b5ec8e100200014c00046c6973747400104c6a6176612f7574696c2f4c6973743b7872002c6a6176612e7574696c2e436f6c6c656374696f6e7324556e6d6f6469666961626c65436f6c6c656374696f6e19420080cb5ef71e0200014c00016371007e00047870737200136a6176612e7574696c2e41727261794c6973747881d21d99c7619d03000149000473697a657870000000017704000000017372002b636f6d2e6a617469732e74656d706c6174652e636f6d6d6f6e2e646f6d61696e2e436f6d6d6f6e526f6c654be6a9a5b480d9a80200034c0006726f6c6549647400104c6a6176612f7574696c2f555549443b4c0008726f6c654e616d657400124c6a6176612f6c616e672f537472696e673b4c0006726f6c654e6f71007e000f78707372000e6a6176612e7574696c2e55554944bc9903f7986d852f0200024a000c6c65617374536967426974734a000b6d6f7374536967426974737870a303b540951d935d77ed740cb9444297740006546573746572740006526f6c6530337871007e000c707372003a6f72672e737072696e676672616d65776f726b2e73656375726974792e6f61757468322e70726f76696465722e4f41757468325265717565737400000000000000010200075a0008617070726f7665644c000b617574686f72697469657371007e00044c000a657874656e73696f6e7374000f4c6a6176612f7574696c2f4d61703b4c000b726564697265637455726971007e000f4c00077265667265736874003b4c6f72672f737072696e676672616d65776f726b2f73656375726974792f6f61757468322f70726f76696465722f546f6b656e526571756573743b4c000b7265736f7572636549647374000f4c6a6176612f7574696c2f5365743b4c000d726573706f6e7365547970657371007e0018787200386f72672e737072696e676672616d65776f726b2e73656375726974792e6f61757468322e70726f76696465722e426173655265717565737436287a3ea37169bd0200034c0008636c69656e74496471007e000f4c001172657175657374506172616d657465727371007e00164c000573636f706571007e00187870740028737072696e672d73656375726974792d6f61757468322d726561642d77726974652d636c69656e74737200256a6176612e7574696c2e436f6c6c656374696f6e7324556e6d6f6469666961626c654d6170f1a5a8fe74f507420200014c00016d71007e00167870737200116a6176612e7574696c2e486173684d61700507dac1c31660d103000246000a6c6f6164466163746f724900097468726573686f6c6478703f400000000000037708000000040000000274000a6772616e745f7479706574000870617373776f7264740008757365726e616d6574001c7477656e7479666976656f6374406d61696c696e61746f722e636f6d78737200256a6176612e7574696c2e436f6c6c656374696f6e7324556e6d6f6469666961626c65536574801d92d18f9b80550200007871007e0009737200176a6176612e7574696c2e4c696e6b656448617368536574d86cd75a95dd2a1e020000787200116a6176612e7574696c2e48617368536574ba44859596b8b7340300007870770c000000103f4000000000000274000472656164740005777269746578017371007e0027770c000000103f40000000000001737200426f72672e737072696e676672616d65776f726b2e73656375726974792e636f72652e617574686f726974792e53696d706c654772616e746564417574686f7269747900000000000001fe0200014c0004726f6c6571007e000f787074000455534552787371007e001e3f40000000000000770800000010000000007870707371007e0027770c000000103f400000000000017400187265736f757263652d7365727665722d726573742d617069787371007e0027770c000000103f40000000000000787372004f6f72672e737072696e676672616d65776f726b2e73656375726974792e61757468656e7469636174696f6e2e557365726e616d6550617373776f726441757468656e7469636174696f6e546f6b656e00000000000001fe0200024c000b63726564656e7469616c7371007e00054c00097072696e636970616c71007e00057871007e0003017371007e00077371007e000b0000000177040000000171007e00107871007e0036737200176a6176612e7574696c2e4c696e6b6564486173684d617034c04e5c106cc0fb0200015a000b6163636573734f726465727871007e001e3f400000000000067708000000080000000271007e002071007e002171007e002271007e002378007073720032636f6d2e6a617469732e74656d706c6174652e636f6d6d6f6e2e646f6d61696e2e436f6d6d6f6e5573657244657461696c7300000000000000010200155a000e6163636f756e74457870697265645a000d6163636f756e744c6f636b65645a001263726564656e7469616c73457870697265645a000c64656c6574655374617475735a0007656e61626c65644c000b617574686f72697469657371007e00044c00066272616e636871007e000f4c000963726561746564427971007e000e4c000b6372656174656454696d657400104c6a6176612f7574696c2f446174653b4c000a6469766973696f6e496471007e000e4c000b656d61696c53746174757371007e000f4c000866756c6c4e616d6571007e000f4c00156c61737450617373776f726452657365744461746571007e003a4c000870617373776f726471007e000f4c000673656372657471007e000f4c000975706461746564427971007e000e4c000b7570646174656454696d6571007e003a4c000675736572496471007e000e4c0007757365724e696b71007e000f4c0006757365724e6f71007e000f4c0008757365726e616d6571007e000f787000000000017371007e000b0000000177040000000171007e0010787070737200126a6176612e73716c2e54696d657374616d702618d5c80153bf650200014900056e616e6f737872000e6a6176612e7574696c2e44617465686a81014b597419030000787077080000016e00d4c3707804c4b4007371007e00118cacd8947dc3d3fc71c0ab743cdb492f74000e456d61696c5f566572696669656474000e5477656e747966697665204f63747074003c24326124313024562f6263696f524f436d67732f4b69513674594478756d6c6e77646172684469487664417932356f6e3078456e565a54326a42683670707371007e003d77080000016e00d511907823a4c1807371007e0011ac49140c134fbb8d7892e51b0f99437e707400075573657231303074001c7477656e7479666976656f6374406d61696c696e61746f722e636f6d
caa86c5187bcaa3c9b65f90d8b2189a6	\\xaced00057372004c6f72672e737072696e676672616d65776f726b2e73656375726974792e6f61757468322e636f6d6d6f6e2e44656661756c744578706972696e674f417574683252656672657368546f6b656e2fdf47639dd0c9b70200014c000a65787069726174696f6e7400104c6a6176612f7574696c2f446174653b787200446f72672e737072696e676672616d65776f726b2e73656375726974792e6f61757468322e636f6d6d6f6e2e44656661756c744f417574683252656672657368546f6b656e73e10e0a6354d45e0200014c000576616c75657400124c6a6176612f6c616e672f537472696e673b787074002466336438363461362d346330652d343365382d383464342d3764306638666163316334617372000e6a6176612e7574696c2e44617465686a81014b597419030000787077080000016d8c04f03178	\\xaced0005737200416f72672e737072696e676672616d65776f726b2e73656375726974792e6f61757468322e70726f76696465722e4f417574683241757468656e7469636174696f6ebd400b02166252130200024c000d73746f7265645265717565737474003c4c6f72672f737072696e676672616d65776f726b2f73656375726974792f6f61757468322f70726f76696465722f4f4175746832526571756573743b4c00127573657241757468656e7469636174696f6e7400324c6f72672f737072696e676672616d65776f726b2f73656375726974792f636f72652f41757468656e7469636174696f6e3b787200476f72672e737072696e676672616d65776f726b2e73656375726974792e61757468656e7469636174696f6e2e416273747261637441757468656e7469636174696f6e546f6b656ed3aa287e6e47640e0200035a000d61757468656e746963617465644c000b617574686f7269746965737400164c6a6176612f7574696c2f436f6c6c656374696f6e3b4c000764657461696c737400124c6a6176612f6c616e672f4f626a6563743b787000737200266a6176612e7574696c2e436f6c6c656374696f6e7324556e6d6f6469666961626c654c697374fc0f2531b5ec8e100200014c00046c6973747400104c6a6176612f7574696c2f4c6973743b7872002c6a6176612e7574696c2e436f6c6c656374696f6e7324556e6d6f6469666961626c65436f6c6c656374696f6e19420080cb5ef71e0200014c00016371007e00047870737200136a6176612e7574696c2e41727261794c6973747881d21d99c7619d03000149000473697a657870000000017704000000017372002c636f6d2e6a617469732e74656d706c6174652e757365726d616e6167656d656e742e6d6f64656c2e526f6c654be6a9a5b480d9a80200095a000c64656c6574655374617475734c000c6163746976655374617475737400134c6a6176612f6c616e672f426f6f6c65616e3b4c00096372656174656442797400104c6a6176612f7574696c2f555549443b4c000b6372656174656454696d657400104c6a6176612f7574696c2f446174653b4c0006726f6c65496471007e000f4c0008726f6c654e616d657400124c6a6176612f6c616e672f537472696e673b4c0006726f6c654e6f71007e00114c000975706461746564427971007e000f4c000b7570646174656454696d6571007e00107870007070707372000e6a6176612e7574696c2e55554944bc9903f7986d852f0200024a000c6c65617374536967426974734a000b6d6f7374536967426974737870b50b61b3ab078ce2febcc8a1d52d454174000b53757065722041646d696e740006526f6c65303170707871007e000c707372003a6f72672e737072696e676672616d65776f726b2e73656375726974792e6f61757468322e70726f76696465722e4f41757468325265717565737400000000000000010200075a0008617070726f7665644c000b617574686f72697469657371007e00044c000a657874656e73696f6e7374000f4c6a6176612f7574696c2f4d61703b4c000b726564697265637455726971007e00114c00077265667265736874003b4c6f72672f737072696e676672616d65776f726b2f73656375726974792f6f61757468322f70726f76696465722f546f6b656e526571756573743b4c000b7265736f7572636549647374000f4c6a6176612f7574696c2f5365743b4c000d726573706f6e7365547970657371007e001a787200386f72672e737072696e676672616d65776f726b2e73656375726974792e6f61757468322e70726f76696465722e426173655265717565737436287a3ea37169bd0200034c0008636c69656e74496471007e00114c001172657175657374506172616d657465727371007e00184c000573636f706571007e001a7870740028737072696e672d73656375726974792d6f61757468322d726561642d77726974652d636c69656e74737200256a6176612e7574696c2e436f6c6c656374696f6e7324556e6d6f6469666961626c654d6170f1a5a8fe74f507420200014c00016d71007e00187870737200116a6176612e7574696c2e486173684d61700507dac1c31660d103000246000a6c6f6164466163746f724900097468726573686f6c6478703f400000000000037708000000040000000274000a6772616e745f7479706574000870617373776f7264740008757365726e616d657400176c616b756e2e7465737465726c40676d61696c2e636f6d78737200256a6176612e7574696c2e436f6c6c656374696f6e7324556e6d6f6469666961626c65536574801d92d18f9b80550200007871007e0009737200176a6176612e7574696c2e4c696e6b656448617368536574d86cd75a95dd2a1e020000787200116a6176612e7574696c2e48617368536574ba44859596b8b7340300007870770c000000103f4000000000000274000472656164740005777269746578017371007e0029770c000000103f40000000000001737200426f72672e737072696e676672616d65776f726b2e73656375726974792e636f72652e617574686f726974792e53696d706c654772616e746564417574686f7269747900000000000001fe0200014c0004726f6c6571007e0011787074000455534552787371007e00203f40000000000000770800000010000000007870707371007e0029770c000000103f400000000000017400187265736f757263652d7365727665722d726573742d617069787371007e0029770c000000103f40000000000000787372004f6f72672e737072696e676672616d65776f726b2e73656375726974792e61757468656e7469636174696f6e2e557365726e616d6550617373776f726441757468656e7469636174696f6e546f6b656e00000000000001fe0200024c000b63726564656e7469616c7371007e00054c00097072696e636970616c71007e00057871007e0003017371007e00077371007e000b0000000177040000000171007e00127871007e0038737200176a6176612e7574696c2e4c696e6b6564486173684d617034c04e5c106cc0fb0200015a000b6163636573734f726465727871007e00203f400000000000067708000000080000000271007e002271007e002371007e002471007e00257800707372002c636f6d2e6a617469732e74656d706c6174652e757365726d616e6167656d656e742e6d6f64656c2e55736572006c1af87af6053f0200175a000e6163636f756e74457870697265645a000d6163636f756e744c6f636b65645a001263726564656e7469616c73457870697265645a000c64656c6574655374617475735a0007656e61626c65644c000b617574686f72697469657371007e00044c00066272616e636871007e00114c000963726561746564427971007e000f4c000b6372656174656454696d6571007e00104c00086469766973696f6e71007e00114c000b656d61696c53746174757371007e00114c000866636d546f6b656e71007e00114c000866756c6c4e616d6571007e00114c00156c61737450617373776f726452657365744461746571007e00104c00036f747071007e00114c000870617373776f726471007e00114c000673656372657471007e00114c000975706461746564427971007e000f4c000b7570646174656454696d6571007e00104c000675736572496471007e000f4c0007757365724e696b71007e00114c0006757365724e6f71007e00114c0008757365726e616d6571007e0011787000000000017371007e000b0000000177040000000171007e001278707371007e0013a3651494d3cdd8ef02c1c5e01a284d20737200126a6176612e73716c2e54696d657374616d702618d5c80153bf650200014900056e616e6f737872000e6a6176612e7574696c2e44617465686a81014b597419030000787077080000016c994c5bb078204e438074000654657374657274000e456d61696c5f56657269666965647074000b416b756e20546573746572707074003c243261243130244b7436364879434872346d2f36736243356b3335312e5150567466486f2e585a616738375a6c75326b4e46386d75385479774c426d707371007e0013aa73620a4848ce3ac2899ff19373456c7371007e003f77080000016cf0ca5680782e5f56807371007e001389a874dfa3f26b80d3dfd89469004a98707400065573657234397400176c616b756e2e7465737465726c40676d61696c2e636f6d
93dce8186d50b00bc6ebefbec3e0fe25	\\xaced00057372004c6f72672e737072696e676672616d65776f726b2e73656375726974792e6f61757468322e636f6d6d6f6e2e44656661756c744578706972696e674f417574683252656672657368546f6b656e2fdf47639dd0c9b70200014c000a65787069726174696f6e7400104c6a6176612f7574696c2f446174653b787200446f72672e737072696e676672616d65776f726b2e73656375726974792e6f61757468322e636f6d6d6f6e2e44656661756c744f417574683252656672657368546f6b656e73e10e0a6354d45e0200014c000576616c75657400124c6a6176612f6c616e672f537472696e673b787074002434633330316132392d396563662d343962612d396465652d6564643863633137373235667372000e6a6176612e7574696c2e44617465686a81014b597419030000787077080000016dd346609a78	\\xaced0005737200416f72672e737072696e676672616d65776f726b2e73656375726974792e6f61757468322e70726f76696465722e4f417574683241757468656e7469636174696f6ebd400b02166252130200024c000d73746f7265645265717565737474003c4c6f72672f737072696e676672616d65776f726b2f73656375726974792f6f61757468322f70726f76696465722f4f4175746832526571756573743b4c00127573657241757468656e7469636174696f6e7400324c6f72672f737072696e676672616d65776f726b2f73656375726974792f636f72652f41757468656e7469636174696f6e3b787200476f72672e737072696e676672616d65776f726b2e73656375726974792e61757468656e7469636174696f6e2e416273747261637441757468656e7469636174696f6e546f6b656ed3aa287e6e47640e0200035a000d61757468656e746963617465644c000b617574686f7269746965737400164c6a6176612f7574696c2f436f6c6c656374696f6e3b4c000764657461696c737400124c6a6176612f6c616e672f4f626a6563743b787000737200266a6176612e7574696c2e436f6c6c656374696f6e7324556e6d6f6469666961626c654c697374fc0f2531b5ec8e100200014c00046c6973747400104c6a6176612f7574696c2f4c6973743b7872002c6a6176612e7574696c2e436f6c6c656374696f6e7324556e6d6f6469666961626c65436f6c6c656374696f6e19420080cb5ef71e0200014c00016371007e00047870737200136a6176612e7574696c2e41727261794c6973747881d21d99c7619d03000149000473697a657870000000017704000000017372002c636f6d2e6a617469732e74656d706c6174652e757365726d616e6167656d656e742e6d6f64656c2e526f6c654be6a9a5b480d9a80200095a000c64656c6574655374617475734c000c6163746976655374617475737400134c6a6176612f6c616e672f426f6f6c65616e3b4c00096372656174656442797400104c6a6176612f7574696c2f555549443b4c000b6372656174656454696d657400104c6a6176612f7574696c2f446174653b4c0006726f6c65496471007e000f4c0008726f6c654e616d657400124c6a6176612f6c616e672f537472696e673b4c0006726f6c654e6f71007e00114c000975706461746564427971007e000f4c000b7570646174656454696d6571007e00107870007070707372000e6a6176612e7574696c2e55554944bc9903f7986d852f0200024a000c6c65617374536967426974734a000b6d6f73745369674269747378708b4775eaefe6769fbbf132b258404f2574000a41756c69612054657374740006526f6c65343570707871007e000c707372003a6f72672e737072696e676672616d65776f726b2e73656375726974792e6f61757468322e70726f76696465722e4f41757468325265717565737400000000000000010200075a0008617070726f7665644c000b617574686f72697469657371007e00044c000a657874656e73696f6e7374000f4c6a6176612f7574696c2f4d61703b4c000b726564697265637455726971007e00114c00077265667265736874003b4c6f72672f737072696e676672616d65776f726b2f73656375726974792f6f61757468322f70726f76696465722f546f6b656e526571756573743b4c000b7265736f7572636549647374000f4c6a6176612f7574696c2f5365743b4c000d726573706f6e7365547970657371007e001a787200386f72672e737072696e676672616d65776f726b2e73656375726974792e6f61757468322e70726f76696465722e426173655265717565737436287a3ea37169bd0200034c0008636c69656e74496471007e00114c001172657175657374506172616d657465727371007e00184c000573636f706571007e001a7870740028737072696e672d73656375726974792d6f61757468322d726561642d77726974652d636c69656e74737200256a6176612e7574696c2e436f6c6c656374696f6e7324556e6d6f6469666961626c654d6170f1a5a8fe74f507420200014c00016d71007e00187870737200116a6176612e7574696c2e486173684d61700507dac1c31660d103000246000a6c6f6164466163746f724900097468726573686f6c6478703f400000000000037708000000040000000274000a6772616e745f7479706574000870617373776f7264740008757365726e616d6574001661756c69612e7261686d616e406a617469732e636f6d78737200256a6176612e7574696c2e436f6c6c656374696f6e7324556e6d6f6469666961626c65536574801d92d18f9b80550200007871007e0009737200176a6176612e7574696c2e4c696e6b656448617368536574d86cd75a95dd2a1e020000787200116a6176612e7574696c2e48617368536574ba44859596b8b7340300007870770c000000103f4000000000000274000472656164740005777269746578017371007e0029770c000000103f40000000000001737200426f72672e737072696e676672616d65776f726b2e73656375726974792e636f72652e617574686f726974792e53696d706c654772616e746564417574686f7269747900000000000001fe0200014c0004726f6c6571007e0011787074000455534552787371007e00203f40000000000000770800000010000000007870707371007e0029770c000000103f400000000000017400187265736f757263652d7365727665722d726573742d617069787371007e0029770c000000103f40000000000000787372004f6f72672e737072696e676672616d65776f726b2e73656375726974792e61757468656e7469636174696f6e2e557365726e616d6550617373776f726441757468656e7469636174696f6e546f6b656e00000000000001fe0200024c000b63726564656e7469616c7371007e00054c00097072696e636970616c71007e00057871007e0003017371007e00077371007e000b0000000177040000000171007e00127871007e0038737200176a6176612e7574696c2e4c696e6b6564486173684d617034c04e5c106cc0fb0200015a000b6163636573734f726465727871007e00203f400000000000067708000000080000000271007e002271007e002371007e002471007e00257800707372002c636f6d2e6a617469732e74656d706c6174652e757365726d616e6167656d656e742e6d6f64656c2e55736572006c1af87af6053f0200175a000e6163636f756e74457870697265645a000d6163636f756e744c6f636b65645a001263726564656e7469616c73457870697265645a000c64656c6574655374617475735a0007656e61626c65644c000b617574686f72697469657371007e00044c00066272616e636871007e00114c000963726561746564427971007e000f4c000b6372656174656454696d6571007e00104c000a6469766973696f6e496471007e000f4c000b656d61696c53746174757371007e00114c000866636d546f6b656e71007e00114c000866756c6c4e616d6571007e00114c00156c61737450617373776f726452657365744461746571007e00104c00036f747071007e00114c000870617373776f726471007e00114c000673656372657471007e00114c000975706461746564427971007e000f4c000b7570646174656454696d6571007e00104c000675736572496471007e000f4c0007757365724e696b71007e00114c0006757365724e6f71007e00114c0008757365726e616d6571007e0011787000000000017371007e000b0000000177040000000171007e001278707371007e0013a3651494d3cdd8ef02c1c5e01a284d20737200126a6176612e73716c2e54696d657374616d702618d5c80153bf650200014900056e616e6f737872000e6a6176612e7574696c2e44617465686a81014b597419030000787077080000016c937adb307831c516c07371007e0013be139f8ede8fc8df6b88c4798dd1499b74000e456d61696c5f56657269666965647074000c41756c6961205261686d616e7074000634623461636674003c243261243130244e6e5071444b64686135696c3267484a6c42486f37656a594d374c5157706239676b794662774e4878524c5053495248325855434770707371007e003f77080000016d237e2a7078322fe6807371007e0013aa73620a4848ce3ac2899ff19373456c7074000655736572343074001661756c69612e7261686d616e406a617469732e636f6d
c0b4bf6d0507ecf4197ed582be7df036	\\xaced00057372004c6f72672e737072696e676672616d65776f726b2e73656375726974792e6f61757468322e636f6d6d6f6e2e44656661756c744578706972696e674f417574683252656672657368546f6b656e2fdf47639dd0c9b70200014c000a65787069726174696f6e7400104c6a6176612f7574696c2f446174653b787200446f72672e737072696e676672616d65776f726b2e73656375726974792e6f61757468322e636f6d6d6f6e2e44656661756c744f417574683252656672657368546f6b656e73e10e0a6354d45e0200014c000576616c75657400124c6a6176612f6c616e672f537472696e673b787074002435663734613361652d653265342d346532332d626166392d6366396366613035376136617372000e6a6176612e7574696c2e44617465686a81014b597419030000787077080000016d530b2a5478	\\xaced0005737200416f72672e737072696e676672616d65776f726b2e73656375726974792e6f61757468322e70726f76696465722e4f417574683241757468656e7469636174696f6ebd400b02166252130200024c000d73746f7265645265717565737474003c4c6f72672f737072696e676672616d65776f726b2f73656375726974792f6f61757468322f70726f76696465722f4f4175746832526571756573743b4c00127573657241757468656e7469636174696f6e7400324c6f72672f737072696e676672616d65776f726b2f73656375726974792f636f72652f41757468656e7469636174696f6e3b787200476f72672e737072696e676672616d65776f726b2e73656375726974792e61757468656e7469636174696f6e2e416273747261637441757468656e7469636174696f6e546f6b656ed3aa287e6e47640e0200035a000d61757468656e746963617465644c000b617574686f7269746965737400164c6a6176612f7574696c2f436f6c6c656374696f6e3b4c000764657461696c737400124c6a6176612f6c616e672f4f626a6563743b787000737200266a6176612e7574696c2e436f6c6c656374696f6e7324556e6d6f6469666961626c654c697374fc0f2531b5ec8e100200014c00046c6973747400104c6a6176612f7574696c2f4c6973743b7872002c6a6176612e7574696c2e436f6c6c656374696f6e7324556e6d6f6469666961626c65436f6c6c656374696f6e19420080cb5ef71e0200014c00016371007e00047870737200136a6176612e7574696c2e41727261794c6973747881d21d99c7619d03000149000473697a657870000000017704000000017372002c636f6d2e6a617469732e74656d706c6174652e757365726d616e6167656d656e742e6d6f64656c2e526f6c654be6a9a5b480d9a80200095a000664656c6574654c00096372656174656442797400104c6a6176612f7574696c2f555549443b4c000b6372656174656454696d657400104c6a6176612f7574696c2f446174653b4c0006726f6c65496471007e000e4c0008726f6c654e616d657400124c6a6176612f6c616e672f537472696e673b4c0006726f6c654e6f71007e00104c00067374617475737400134c6a6176612f6c616e672f426f6f6c65616e3b4c000975706461746564427971007e000e4c000b7570646174656454696d6571007e000f78700070707372000e6a6176612e7574696c2e55554944bc9903f7986d852f0200024a000c6c65617374536967426974734a000b6d6f7374536967426974737870830ea0cbb6d70e583396c01eaec545e974000541646d696e740006526f6c6530327070707871007e000c707372003a6f72672e737072696e676672616d65776f726b2e73656375726974792e6f61757468322e70726f76696465722e4f41757468325265717565737400000000000000010200075a0008617070726f7665644c000b617574686f72697469657371007e00044c000a657874656e73696f6e7374000f4c6a6176612f7574696c2f4d61703b4c000b726564697265637455726971007e00104c00077265667265736874003b4c6f72672f737072696e676672616d65776f726b2f73656375726974792f6f61757468322f70726f76696465722f546f6b656e526571756573743b4c000b7265736f7572636549647374000f4c6a6176612f7574696c2f5365743b4c000d726573706f6e7365547970657371007e001a787200386f72672e737072696e676672616d65776f726b2e73656375726974792e6f61757468322e70726f76696465722e426173655265717565737436287a3ea37169bd0200034c0008636c69656e74496471007e00104c001172657175657374506172616d657465727371007e00184c000573636f706571007e001a7870740028737072696e672d73656375726974792d6f61757468322d726561642d77726974652d636c69656e74737200256a6176612e7574696c2e436f6c6c656374696f6e7324556e6d6f6469666961626c654d6170f1a5a8fe74f507420200014c00016d71007e00187870737200116a6176612e7574696c2e486173684d61700507dac1c31660d103000246000a6c6f6164466163746f724900097468726573686f6c6478703f400000000000037708000000040000000274000a6772616e745f7479706574000870617373776f7264740008757365726e616d65740018696e7465726e616c31406d61696c696e61746f722e636f6d78737200256a6176612e7574696c2e436f6c6c656374696f6e7324556e6d6f6469666961626c65536574801d92d18f9b80550200007871007e0009737200176a6176612e7574696c2e4c696e6b656448617368536574d86cd75a95dd2a1e020000787200116a6176612e7574696c2e48617368536574ba44859596b8b7340300007870770c000000103f4000000000000274000472656164740005777269746578017371007e0029770c000000103f40000000000001737200426f72672e737072696e676672616d65776f726b2e73656375726974792e636f72652e617574686f726974792e53696d706c654772616e746564417574686f7269747900000000000001fe0200014c0004726f6c6571007e0010787074000455534552787371007e00203f40000000000000770800000010000000007870707371007e0029770c000000103f400000000000017400187265736f757263652d7365727665722d726573742d617069787371007e0029770c000000103f40000000000000787372004f6f72672e737072696e676672616d65776f726b2e73656375726974792e61757468656e7469636174696f6e2e557365726e616d6550617373776f726441757468656e7469636174696f6e546f6b656e00000000000001fe0200024c000b63726564656e7469616c7371007e00054c00097072696e636970616c71007e00057871007e0003017371007e00077371007e000b0000000177040000000171007e00127871007e0038737200176a6176612e7574696c2e4c696e6b6564486173684d617034c04e5c106cc0fb0200015a000b6163636573734f726465727871007e00203f400000000000067708000000080000000271007e002271007e002371007e002471007e00257800707372002c636f6d2e6a617469732e74656d706c6174652e757365726d616e6167656d656e742e6d6f64656c2e55736572006c1af87af6053f0200175a000e6163636f756e74457870697265645a000d6163636f756e744c6f636b65645a001263726564656e7469616c73457870697265645a000664656c6574655a0007656e61626c65644c000b617574686f72697469657371007e00044c00066272616e636871007e00104c000963726561746564427971007e000e4c000b6372656174656454696d6571007e000f4c00086469766973696f6e71007e00104c000b656d61696c53746174757371007e00104c000866636d546f6b656e71007e00104c000866756c6c4e616d6571007e00104c00156c61737450617373776f726452657365744461746571007e000f4c00036f747071007e00104c000870617373776f726471007e00104c000673656372657471007e00104c000975706461746564427971007e000e4c000b7570646174656454696d6571007e000f4c000675736572496471007e000e4c0007757365724e696b71007e00104c0006757365724e6f71007e00104c0008757365726e616d6571007e0010787000000000017371007e000b0000000177040000000171007e001278707371007e0013aa73620a4848ce3ac2899ff19373456c737200126a6176612e73716c2e54696d657374616d702618d5c80153bf650200014900056e616e6f737872000e6a6176612e7574696c2e44617465686a81014b597419030000787077080000016cb79da2687831a6924074000d41646d696e6973747261746f7274000e456d61696c5f56657269666965647074000e41646d696e2d496e7465726e616c707074003c2432612431302457454143696f4e766658484546322f5638426c6834656e5265476b693950697a4e6130456e6c6d416d39397933704662793272574370707371007e003f77080000016cb86710d0780496ed407371007e0013aef2be1b68d902bba606f12c51d54d4d70740006557365723833740018696e7465726e616c31406d61696c696e61746f722e636f6d
7d6fa1884d140090910c85fcbcaeec78	\\xaced00057372004c6f72672e737072696e676672616d65776f726b2e73656375726974792e6f61757468322e636f6d6d6f6e2e44656661756c744578706972696e674f417574683252656672657368546f6b656e2fdf47639dd0c9b70200014c000a65787069726174696f6e7400104c6a6176612f7574696c2f446174653b787200446f72672e737072696e676672616d65776f726b2e73656375726974792e6f61757468322e636f6d6d6f6e2e44656661756c744f417574683252656672657368546f6b656e73e10e0a6354d45e0200014c000576616c75657400124c6a6176612f6c616e672f537472696e673b787074002461653333353835612d386365342d346135362d616639332d6537323564623566346233317372000e6a6176612e7574696c2e44617465686a81014b597419030000787077080000016db4e1ac0b78	\\xaced0005737200416f72672e737072696e676672616d65776f726b2e73656375726974792e6f61757468322e70726f76696465722e4f417574683241757468656e7469636174696f6ebd400b02166252130200024c000d73746f7265645265717565737474003c4c6f72672f737072696e676672616d65776f726b2f73656375726974792f6f61757468322f70726f76696465722f4f4175746832526571756573743b4c00127573657241757468656e7469636174696f6e7400324c6f72672f737072696e676672616d65776f726b2f73656375726974792f636f72652f41757468656e7469636174696f6e3b787200476f72672e737072696e676672616d65776f726b2e73656375726974792e61757468656e7469636174696f6e2e416273747261637441757468656e7469636174696f6e546f6b656ed3aa287e6e47640e0200035a000d61757468656e746963617465644c000b617574686f7269746965737400164c6a6176612f7574696c2f436f6c6c656374696f6e3b4c000764657461696c737400124c6a6176612f6c616e672f4f626a6563743b787000737200266a6176612e7574696c2e436f6c6c656374696f6e7324556e6d6f6469666961626c654c697374fc0f2531b5ec8e100200014c00046c6973747400104c6a6176612f7574696c2f4c6973743b7872002c6a6176612e7574696c2e436f6c6c656374696f6e7324556e6d6f6469666961626c65436f6c6c656374696f6e19420080cb5ef71e0200014c00016371007e00047870737200136a6176612e7574696c2e41727261794c6973747881d21d99c7619d03000149000473697a657870000000017704000000017372002c636f6d2e6a617469732e74656d706c6174652e757365726d616e6167656d656e742e6d6f64656c2e526f6c654be6a9a5b480d9a80200095a000c64656c6574655374617475734c000c6163746976655374617475737400134c6a6176612f6c616e672f426f6f6c65616e3b4c00096372656174656442797400104c6a6176612f7574696c2f555549443b4c000b6372656174656454696d657400104c6a6176612f7574696c2f446174653b4c0006726f6c65496471007e000f4c0008726f6c654e616d657400124c6a6176612f6c616e672f537472696e673b4c0006726f6c654e6f71007e00114c000975706461746564427971007e000f4c000b7570646174656454696d6571007e00107870007070707372000e6a6176612e7574696c2e55554944bc9903f7986d852f0200024a000c6c65617374536967426974734a000b6d6f7374536967426974737870b50b61b3ab078ce2febcc8a1d52d454174000b53757065722041646d696e740006526f6c65303170707871007e000c707372003a6f72672e737072696e676672616d65776f726b2e73656375726974792e6f61757468322e70726f76696465722e4f41757468325265717565737400000000000000010200075a0008617070726f7665644c000b617574686f72697469657371007e00044c000a657874656e73696f6e7374000f4c6a6176612f7574696c2f4d61703b4c000b726564697265637455726971007e00114c00077265667265736874003b4c6f72672f737072696e676672616d65776f726b2f73656375726974792f6f61757468322f70726f76696465722f546f6b656e526571756573743b4c000b7265736f7572636549647374000f4c6a6176612f7574696c2f5365743b4c000d726573706f6e7365547970657371007e001a787200386f72672e737072696e676672616d65776f726b2e73656375726974792e6f61757468322e70726f76696465722e426173655265717565737436287a3ea37169bd0200034c0008636c69656e74496471007e00114c001172657175657374506172616d657465727371007e00184c000573636f706571007e001a7870740028737072696e672d73656375726974792d6f61757468322d726561642d77726974652d636c69656e74737200256a6176612e7574696c2e436f6c6c656374696f6e7324556e6d6f6469666961626c654d6170f1a5a8fe74f507420200014c00016d71007e00187870737200116a6176612e7574696c2e486173684d61700507dac1c31660d103000246000a6c6f6164466163746f724900097468726573686f6c6478703f400000000000037708000000040000000274000a6772616e745f7479706574000870617373776f7264740008757365726e616d6574000f61646d696e406a617469732e636f6d78737200256a6176612e7574696c2e436f6c6c656374696f6e7324556e6d6f6469666961626c65536574801d92d18f9b80550200007871007e0009737200176a6176612e7574696c2e4c696e6b656448617368536574d86cd75a95dd2a1e020000787200116a6176612e7574696c2e48617368536574ba44859596b8b7340300007870770c000000103f4000000000000274000472656164740005777269746578017371007e0029770c000000103f40000000000001737200426f72672e737072696e676672616d65776f726b2e73656375726974792e636f72652e617574686f726974792e53696d706c654772616e746564417574686f7269747900000000000001fe0200014c0004726f6c6571007e0011787074000455534552787371007e00203f40000000000000770800000010000000007870707371007e0029770c000000103f400000000000017400187265736f757263652d7365727665722d726573742d617069787371007e0029770c000000103f40000000000000787372004f6f72672e737072696e676672616d65776f726b2e73656375726974792e61757468656e7469636174696f6e2e557365726e616d6550617373776f726441757468656e7469636174696f6e546f6b656e00000000000001fe0200024c000b63726564656e7469616c7371007e00054c00097072696e636970616c71007e00057871007e0003017371007e00077371007e000b0000000177040000000171007e00127871007e0038737200176a6176612e7574696c2e4c696e6b6564486173684d617034c04e5c106cc0fb0200015a000b6163636573734f726465727871007e00203f400000000000067708000000080000000271007e002271007e002371007e002471007e00257800707372002c636f6d2e6a617469732e74656d706c6174652e757365726d616e6167656d656e742e6d6f64656c2e55736572006c1af87af6053f0200175a000e6163636f756e74457870697265645a000d6163636f756e744c6f636b65645a001263726564656e7469616c73457870697265645a000c64656c6574655374617475735a0007656e61626c65644c000b617574686f72697469657371007e00044c00066272616e636871007e00114c000963726561746564427971007e000f4c000b6372656174656454696d6571007e00104c000a6469766973696f6e496471007e000f4c000b656d61696c53746174757371007e00114c000866636d546f6b656e71007e00114c000866756c6c4e616d6571007e00114c00156c61737450617373776f726452657365744461746571007e00104c00036f747071007e00114c000870617373776f726471007e00114c000673656372657471007e00114c000975706461746564427971007e000f4c000b7570646174656454696d6571007e00104c000675736572496471007e000f4c0007757365724e696b71007e00114c0006757365724e6f71007e00114c0008757365726e616d6571007e0011787000000000017371007e000b0000000177040000000171007e001278707371007e0013bb56fc35e685794ce9311edd22094afb737200126a6176612e73716c2e54696d657374616d702618d5c80153bf650200014900056e616e6f737872000e6a6176612e7574696c2e44617465686a81014b597419030000787077080000016c715700d87802625a007371007e0013aa33340ea817033ca091eb99d04747fe74000e456d61696c5f56657269666965647074000b41646d696e204a617469737074000631323330343574003c2432612431302430617942496c613466307135425349726b56424c7a4f5138364a6e3336416d70667a332f515835566558737379454d7855746f434f707371007e0013b5172f1e41ab3444e7332d59c2854a6d7371007e003f77080000016d1969a528783178cb807371007e0013a1f14c0e8b500e96686457ccd6f94c877074000655736572303274000f61646d696e406a617469732e636f6d
087de09d8063d5baecf4ba8cc9744f75	\\xaced00057372004c6f72672e737072696e676672616d65776f726b2e73656375726974792e6f61757468322e636f6d6d6f6e2e44656661756c744578706972696e674f417574683252656672657368546f6b656e2fdf47639dd0c9b70200014c000a65787069726174696f6e7400104c6a6176612f7574696c2f446174653b787200446f72672e737072696e676672616d65776f726b2e73656375726974792e6f61757468322e636f6d6d6f6e2e44656661756c744f417574683252656672657368546f6b656e73e10e0a6354d45e0200014c000576616c75657400124c6a6176612f6c616e672f537472696e673b787074002462626266346630392d623830342d343138302d613361342d3633383062613163633838637372000e6a6176612e7574696c2e44617465686a81014b597419030000787077080000016d5738ff7278	\\xaced0005737200416f72672e737072696e676672616d65776f726b2e73656375726974792e6f61757468322e70726f76696465722e4f417574683241757468656e7469636174696f6ebd400b02166252130200024c000d73746f7265645265717565737474003c4c6f72672f737072696e676672616d65776f726b2f73656375726974792f6f61757468322f70726f76696465722f4f4175746832526571756573743b4c00127573657241757468656e7469636174696f6e7400324c6f72672f737072696e676672616d65776f726b2f73656375726974792f636f72652f41757468656e7469636174696f6e3b787200476f72672e737072696e676672616d65776f726b2e73656375726974792e61757468656e7469636174696f6e2e416273747261637441757468656e7469636174696f6e546f6b656ed3aa287e6e47640e0200035a000d61757468656e746963617465644c000b617574686f7269746965737400164c6a6176612f7574696c2f436f6c6c656374696f6e3b4c000764657461696c737400124c6a6176612f6c616e672f4f626a6563743b787000737200266a6176612e7574696c2e436f6c6c656374696f6e7324556e6d6f6469666961626c654c697374fc0f2531b5ec8e100200014c00046c6973747400104c6a6176612f7574696c2f4c6973743b7872002c6a6176612e7574696c2e436f6c6c656374696f6e7324556e6d6f6469666961626c65436f6c6c656374696f6e19420080cb5ef71e0200014c00016371007e00047870737200136a6176612e7574696c2e41727261794c6973747881d21d99c7619d03000149000473697a657870000000017704000000017372002c636f6d2e6a617469732e74656d706c6174652e757365726d616e6167656d656e742e6d6f64656c2e526f6c654be6a9a5b480d9a80200095a000664656c6574654c00096372656174656442797400104c6a6176612f7574696c2f555549443b4c000b6372656174656454696d657400104c6a6176612f7574696c2f446174653b4c0006726f6c65496471007e000e4c0008726f6c654e616d657400124c6a6176612f6c616e672f537472696e673b4c0006726f6c654e6f71007e00104c00067374617475737400134c6a6176612f6c616e672f426f6f6c65616e3b4c000975706461746564427971007e000e4c000b7570646174656454696d6571007e000f78700070707372000e6a6176612e7574696c2e55554944bc9903f7986d852f0200024a000c6c65617374536967426974734a000b6d6f7374536967426974737870b50b61b3ab078ce2febcc8a1d52d454174000b53757065722041646d696e740006526f6c6530317070707871007e000c707372003a6f72672e737072696e676672616d65776f726b2e73656375726974792e6f61757468322e70726f76696465722e4f41757468325265717565737400000000000000010200075a0008617070726f7665644c000b617574686f72697469657371007e00044c000a657874656e73696f6e7374000f4c6a6176612f7574696c2f4d61703b4c000b726564697265637455726971007e00104c00077265667265736874003b4c6f72672f737072696e676672616d65776f726b2f73656375726974792f6f61757468322f70726f76696465722f546f6b656e526571756573743b4c000b7265736f7572636549647374000f4c6a6176612f7574696c2f5365743b4c000d726573706f6e7365547970657371007e001a787200386f72672e737072696e676672616d65776f726b2e73656375726974792e6f61757468322e70726f76696465722e426173655265717565737436287a3ea37169bd0200034c0008636c69656e74496471007e00104c001172657175657374506172616d657465727371007e00184c000573636f706571007e001a7870740028737072696e672d73656375726974792d6f61757468322d726561642d77726974652d636c69656e74737200256a6176612e7574696c2e436f6c6c656374696f6e7324556e6d6f6469666961626c654d6170f1a5a8fe74f507420200014c00016d71007e00187870737200116a6176612e7574696c2e486173684d61700507dac1c31660d103000246000a6c6f6164466163746f724900097468726573686f6c6478703f400000000000067708000000080000000374000a6772616e745f7479706574000870617373776f7264740009636c69656e745f6964740028737072696e672d73656375726974792d6f61757468322d726561642d77726974652d636c69656e74740008757365726e616d6574001661756c69612e7261686d616e406a617469732e636f6d78737200256a6176612e7574696c2e436f6c6c656374696f6e7324556e6d6f6469666961626c65536574801d92d18f9b80550200007871007e0009737200176a6176612e7574696c2e4c696e6b656448617368536574d86cd75a95dd2a1e020000787200116a6176612e7574696c2e48617368536574ba44859596b8b7340300007870770c000000103f4000000000000274000472656164740005777269746578017371007e002b770c000000103f40000000000001737200426f72672e737072696e676672616d65776f726b2e73656375726974792e636f72652e617574686f726974792e53696d706c654772616e746564417574686f7269747900000000000001fe0200014c0004726f6c6571007e0010787074000455534552787371007e00203f40000000000000770800000010000000007870707371007e002b770c000000103f400000000000017400187265736f757263652d7365727665722d726573742d617069787371007e002b770c000000103f40000000000000787372004f6f72672e737072696e676672616d65776f726b2e73656375726974792e61757468656e7469636174696f6e2e557365726e616d6550617373776f726441757468656e7469636174696f6e546f6b656e00000000000001fe0200024c000b63726564656e7469616c7371007e00054c00097072696e636970616c71007e00057871007e0003017371007e00077371007e000b0000000177040000000171007e00127871007e003a737200176a6176612e7574696c2e4c696e6b6564486173684d617034c04e5c106cc0fb0200015a000b6163636573734f726465727871007e00203f400000000000067708000000080000000371007e002271007e002371007e002471007e002571007e002671007e00277800707372002c636f6d2e6a617469732e74656d706c6174652e757365726d616e6167656d656e742e6d6f64656c2e55736572006c1af87af6053f0200175a000e6163636f756e74457870697265645a000d6163636f756e744c6f636b65645a001263726564656e7469616c73457870697265645a000664656c6574655a0007656e61626c65644c000b617574686f72697469657371007e00044c00066272616e636871007e00104c000963726561746564427971007e000e4c000b6372656174656454696d6571007e000f4c00086469766973696f6e71007e00104c000b656d61696c53746174757371007e00104c000866636d546f6b656e71007e00104c000866756c6c4e616d6571007e00104c00156c61737450617373776f726452657365744461746571007e000f4c00036f747071007e00104c000870617373776f726471007e00104c000673656372657471007e00104c000975706461746564427971007e000e4c000b7570646174656454696d6571007e000f4c000675736572496471007e000e4c0007757365724e696b71007e00104c0006757365724e6f71007e00104c0008757365726e616d6571007e0010787000000000017371007e000b0000000177040000000171007e001278707371007e0013a3651494d3cdd8ef02c1c5e01a284d20737200126a6176612e73716c2e54696d657374616d702618d5c80153bf650200014900056e616e6f737872000e6a6176612e7574696c2e44617465686a81014b597419030000787077080000016c937adb307831c516c074000a4d616e6167656d656e7474000e456d61696c5f56657269666965647074000c41756c6961205261686d616e7074000633373563383874003c243261243130242e6e3561555571612e6d486e76344b59567653644e65624431365853497173773456692f5031336e36624645435a4f6f454171504f70707371007e004177080000016cb8abb70878056c8cc07371007e0013aa73620a4848ce3ac2899ff19373456c7074000655736572343074001661756c69612e7261686d616e406a617469732e636f6d
279b52c4600e1f0ca8569b98286d1569	\\xaced00057372004c6f72672e737072696e676672616d65776f726b2e73656375726974792e6f61757468322e636f6d6d6f6e2e44656661756c744578706972696e674f417574683252656672657368546f6b656e2fdf47639dd0c9b70200014c000a65787069726174696f6e7400104c6a6176612f7574696c2f446174653b787200446f72672e737072696e676672616d65776f726b2e73656375726974792e6f61757468322e636f6d6d6f6e2e44656661756c744f417574683252656672657368546f6b656e73e10e0a6354d45e0200014c000576616c75657400124c6a6176612f6c616e672f537472696e673b787074002466643338323933332d326364662d346530382d396265622d3138313630376436653538397372000e6a6176612e7574696c2e44617465686a81014b597419030000787077080000016dd34ea3f678	\\xaced0005737200416f72672e737072696e676672616d65776f726b2e73656375726974792e6f61757468322e70726f76696465722e4f417574683241757468656e7469636174696f6ebd400b02166252130200024c000d73746f7265645265717565737474003c4c6f72672f737072696e676672616d65776f726b2f73656375726974792f6f61757468322f70726f76696465722f4f4175746832526571756573743b4c00127573657241757468656e7469636174696f6e7400324c6f72672f737072696e676672616d65776f726b2f73656375726974792f636f72652f41757468656e7469636174696f6e3b787200476f72672e737072696e676672616d65776f726b2e73656375726974792e61757468656e7469636174696f6e2e416273747261637441757468656e7469636174696f6e546f6b656ed3aa287e6e47640e0200035a000d61757468656e746963617465644c000b617574686f7269746965737400164c6a6176612f7574696c2f436f6c6c656374696f6e3b4c000764657461696c737400124c6a6176612f6c616e672f4f626a6563743b787000737200266a6176612e7574696c2e436f6c6c656374696f6e7324556e6d6f6469666961626c654c697374fc0f2531b5ec8e100200014c00046c6973747400104c6a6176612f7574696c2f4c6973743b7872002c6a6176612e7574696c2e436f6c6c656374696f6e7324556e6d6f6469666961626c65436f6c6c656374696f6e19420080cb5ef71e0200014c00016371007e00047870737200136a6176612e7574696c2e41727261794c6973747881d21d99c7619d03000149000473697a657870000000017704000000017372002b636f6d2e6a617469732e74656d706c6174652e636f6d6d6f6e2e646f6d61696e2e436f6d6d6f6e526f6c654be6a9a5b480d9a80200034c0006726f6c6549647400104c6a6176612f7574696c2f555549443b4c0008726f6c654e616d657400124c6a6176612f6c616e672f537472696e673b4c0006726f6c654e6f71007e000f78707372000e6a6176612e7574696c2e55554944bc9903f7986d852f0200024a000c6c65617374536967426974734a000b6d6f7374536967426974737870b50b61b3ab078ce2febcc8a1d52d454174000b53757065722041646d696e740006526f6c6530317871007e000c707372003a6f72672e737072696e676672616d65776f726b2e73656375726974792e6f61757468322e70726f76696465722e4f41757468325265717565737400000000000000010200075a0008617070726f7665644c000b617574686f72697469657371007e00044c000a657874656e73696f6e7374000f4c6a6176612f7574696c2f4d61703b4c000b726564697265637455726971007e000f4c00077265667265736874003b4c6f72672f737072696e676672616d65776f726b2f73656375726974792f6f61757468322f70726f76696465722f546f6b656e526571756573743b4c000b7265736f7572636549647374000f4c6a6176612f7574696c2f5365743b4c000d726573706f6e7365547970657371007e0018787200386f72672e737072696e676672616d65776f726b2e73656375726974792e6f61757468322e70726f76696465722e426173655265717565737436287a3ea37169bd0200034c0008636c69656e74496471007e000f4c001172657175657374506172616d657465727371007e00164c000573636f706571007e00187870740028737072696e672d73656375726974792d6f61757468322d726561642d77726974652d636c69656e74737200256a6176612e7574696c2e436f6c6c656374696f6e7324556e6d6f6469666961626c654d6170f1a5a8fe74f507420200014c00016d71007e00167870737200116a6176612e7574696c2e486173684d61700507dac1c31660d103000246000a6c6f6164466163746f724900097468726573686f6c6478703f400000000000037708000000040000000274000a6772616e745f7479706574000870617373776f7264740008757365726e616d657400176c616b756e2e7465737465726c40676d61696c2e636f6d78737200256a6176612e7574696c2e436f6c6c656374696f6e7324556e6d6f6469666961626c65536574801d92d18f9b80550200007871007e0009737200176a6176612e7574696c2e4c696e6b656448617368536574d86cd75a95dd2a1e020000787200116a6176612e7574696c2e48617368536574ba44859596b8b7340300007870770c000000103f4000000000000274000472656164740005777269746578017371007e0027770c000000103f40000000000001737200426f72672e737072696e676672616d65776f726b2e73656375726974792e636f72652e617574686f726974792e53696d706c654772616e746564417574686f7269747900000000000001fe0200014c0004726f6c6571007e000f787074000455534552787371007e001e3f40000000000000770800000010000000007870707371007e0027770c000000103f400000000000017400187265736f757263652d7365727665722d726573742d617069787371007e0027770c000000103f40000000000000787372004f6f72672e737072696e676672616d65776f726b2e73656375726974792e61757468656e7469636174696f6e2e557365726e616d6550617373776f726441757468656e7469636174696f6e546f6b656e00000000000001fe0200024c000b63726564656e7469616c7371007e00054c00097072696e636970616c71007e00057871007e0003017371007e00077371007e000b0000000177040000000171007e00107871007e0036737200176a6176612e7574696c2e4c696e6b6564486173684d617034c04e5c106cc0fb0200015a000b6163636573734f726465727871007e001e3f400000000000067708000000080000000271007e002071007e002171007e002271007e002378007073720032636f6d2e6a617469732e74656d706c6174652e636f6d6d6f6e2e646f6d61696e2e436f6d6d6f6e5573657244657461696c7300000000000000010200155a000e6163636f756e74457870697265645a000d6163636f756e744c6f636b65645a001263726564656e7469616c73457870697265645a000c64656c6574655374617475735a0007656e61626c65644c000b617574686f72697469657371007e00044c00066272616e636871007e000f4c000963726561746564427971007e000e4c000b6372656174656454696d657400104c6a6176612f7574696c2f446174653b4c000a6469766973696f6e496471007e000e4c000b656d61696c53746174757371007e000f4c000866756c6c4e616d6571007e000f4c00156c61737450617373776f726452657365744461746571007e003a4c000870617373776f726471007e000f4c000673656372657471007e000f4c000975706461746564427971007e000e4c000b7570646174656454696d6571007e003a4c000675736572496471007e000e4c0007757365724e696b71007e000f4c0006757365724e6f71007e000f4c0008757365726e616d6571007e000f787000000000017371007e000b0000000177040000000171007e001078707371007e0011a3651494d3cdd8ef02c1c5e01a284d20737200126a6176612e73716c2e54696d657374616d702618d5c80153bf650200014900056e616e6f737872000e6a6176612e7574696c2e44617465686a81014b597419030000787077080000016c994c5bb078204e43807371007e0011be139f8ede8fc8df6b88c4798dd1499b74000e456d61696c5f566572696669656474000b416b756e205465737465727074003c243261243130244b7436364879434872346d2f36736243356b3335312e5150567466486f2e585a616738375a6c75326b4e46386d75385479774c426d707371007e0011aa73620a4848ce3ac2899ff19373456c7371007e003e77080000016cf0ca5680782e5f56807371007e001189a874dfa3f26b80d3dfd89469004a98707400065573657234397400176c616b756e2e7465737465726c40676d61696c2e636f6d
c2e32175b8c145147c5a3656f3a8986c	\\xaced00057372004c6f72672e737072696e676672616d65776f726b2e73656375726974792e6f61757468322e636f6d6d6f6e2e44656661756c744578706972696e674f417574683252656672657368546f6b656e2fdf47639dd0c9b70200014c000a65787069726174696f6e7400104c6a6176612f7574696c2f446174653b787200446f72672e737072696e676672616d65776f726b2e73656375726974792e6f61757468322e636f6d6d6f6e2e44656661756c744f417574683252656672657368546f6b656e73e10e0a6354d45e0200014c000576616c75657400124c6a6176612f6c616e672f537472696e673b787074002466646639326232332d383732382d343531642d393535622d6432376265316334613565307372000e6a6176612e7574696c2e44617465686a81014b597419030000787077080000016e01cd726d78	\\xaced0005737200416f72672e737072696e676672616d65776f726b2e73656375726974792e6f61757468322e70726f76696465722e4f417574683241757468656e7469636174696f6ebd400b02166252130200024c000d73746f7265645265717565737474003c4c6f72672f737072696e676672616d65776f726b2f73656375726974792f6f61757468322f70726f76696465722f4f4175746832526571756573743b4c00127573657241757468656e7469636174696f6e7400324c6f72672f737072696e676672616d65776f726b2f73656375726974792f636f72652f41757468656e7469636174696f6e3b787200476f72672e737072696e676672616d65776f726b2e73656375726974792e61757468656e7469636174696f6e2e416273747261637441757468656e7469636174696f6e546f6b656ed3aa287e6e47640e0200035a000d61757468656e746963617465644c000b617574686f7269746965737400164c6a6176612f7574696c2f436f6c6c656374696f6e3b4c000764657461696c737400124c6a6176612f6c616e672f4f626a6563743b787000737200266a6176612e7574696c2e436f6c6c656374696f6e7324556e6d6f6469666961626c654c697374fc0f2531b5ec8e100200014c00046c6973747400104c6a6176612f7574696c2f4c6973743b7872002c6a6176612e7574696c2e436f6c6c656374696f6e7324556e6d6f6469666961626c65436f6c6c656374696f6e19420080cb5ef71e0200014c00016371007e00047870737200136a6176612e7574696c2e41727261794c6973747881d21d99c7619d03000149000473697a657870000000017704000000017372002b636f6d2e6a617469732e74656d706c6174652e636f6d6d6f6e2e646f6d61696e2e436f6d6d6f6e526f6c654be6a9a5b480d9a80200034c0006726f6c6549647400104c6a6176612f7574696c2f555549443b4c0008726f6c654e616d657400124c6a6176612f6c616e672f537472696e673b4c0006726f6c654e6f71007e000f78707372000e6a6176612e7574696c2e55554944bc9903f7986d852f0200024a000c6c65617374536967426974734a000b6d6f7374536967426974737870830ea0cbb6d70e583396c01eaec545e974000541646d696e740006526f6c6530327871007e000c707372003a6f72672e737072696e676672616d65776f726b2e73656375726974792e6f61757468322e70726f76696465722e4f41757468325265717565737400000000000000010200075a0008617070726f7665644c000b617574686f72697469657371007e00044c000a657874656e73696f6e7374000f4c6a6176612f7574696c2f4d61703b4c000b726564697265637455726971007e000f4c00077265667265736874003b4c6f72672f737072696e676672616d65776f726b2f73656375726974792f6f61757468322f70726f76696465722f546f6b656e526571756573743b4c000b7265736f7572636549647374000f4c6a6176612f7574696c2f5365743b4c000d726573706f6e7365547970657371007e0018787200386f72672e737072696e676672616d65776f726b2e73656375726974792e6f61757468322e70726f76696465722e426173655265717565737436287a3ea37169bd0200034c0008636c69656e74496471007e000f4c001172657175657374506172616d657465727371007e00164c000573636f706571007e00187870740028737072696e672d73656375726974792d6f61757468322d726561642d77726974652d636c69656e74737200256a6176612e7574696c2e436f6c6c656374696f6e7324556e6d6f6469666961626c654d6170f1a5a8fe74f507420200014c00016d71007e00167870737200116a6176612e7574696c2e486173684d61700507dac1c31660d103000246000a6c6f6164466163746f724900097468726573686f6c6478703f400000000000037708000000040000000274000a6772616e745f7479706574000870617373776f7264740008757365726e616d65740019637573746f6d65723131406d61696c696e61746f722e636f6d78737200256a6176612e7574696c2e436f6c6c656374696f6e7324556e6d6f6469666961626c65536574801d92d18f9b80550200007871007e0009737200176a6176612e7574696c2e4c696e6b656448617368536574d86cd75a95dd2a1e020000787200116a6176612e7574696c2e48617368536574ba44859596b8b7340300007870770c000000103f4000000000000274000472656164740005777269746578017371007e0027770c000000103f40000000000001737200426f72672e737072696e676672616d65776f726b2e73656375726974792e636f72652e617574686f726974792e53696d706c654772616e746564417574686f7269747900000000000001fe0200014c0004726f6c6571007e000f787074000455534552787371007e001e3f40000000000000770800000010000000007870707371007e0027770c000000103f400000000000017400187265736f757263652d7365727665722d726573742d617069787371007e0027770c000000103f40000000000000787372004f6f72672e737072696e676672616d65776f726b2e73656375726974792e61757468656e7469636174696f6e2e557365726e616d6550617373776f726441757468656e7469636174696f6e546f6b656e00000000000001fe0200024c000b63726564656e7469616c7371007e00054c00097072696e636970616c71007e00057871007e0003017371007e00077371007e000b0000000177040000000171007e00107871007e0036737200176a6176612e7574696c2e4c696e6b6564486173684d617034c04e5c106cc0fb0200015a000b6163636573734f726465727871007e001e3f400000000000067708000000080000000271007e002071007e002171007e002271007e002378007073720032636f6d2e6a617469732e74656d706c6174652e636f6d6d6f6e2e646f6d61696e2e436f6d6d6f6e5573657244657461696c7300000000000000010200155a000e6163636f756e74457870697265645a000d6163636f756e744c6f636b65645a001263726564656e7469616c73457870697265645a000c64656c6574655374617475735a0007656e61626c65644c000b617574686f72697469657371007e00044c00066272616e636871007e000f4c000963726561746564427971007e000e4c000b6372656174656454696d657400104c6a6176612f7574696c2f446174653b4c000a6469766973696f6e496471007e000e4c000b656d61696c53746174757371007e000f4c000866756c6c4e616d6571007e000f4c00156c61737450617373776f726452657365744461746571007e003a4c000870617373776f726471007e000f4c000673656372657471007e000f4c000975706461746564427971007e000e4c000b7570646174656454696d6571007e003a4c000675736572496471007e000e4c0007757365724e696b71007e000f4c0006757365724e6f71007e000f4c0008757365726e616d6571007e000f787000000000017371007e000b0000000177040000000171007e0010787070737200126a6176612e73716c2e54696d657374616d702618d5c80153bf650200014900056e616e6f737872000e6a6176612e7574696c2e44617465686a81014b597419030000787077080000016d674d3480781ec189007371007e00118b70c209a50175a3aba9b2ce6c784c2e74000e456d61696c5f56657269666965647400067573657231317074003c243261243130244e5a437a4475744b755173672f37343367686b73564f67716c4f796869654866594e546142635576494a784232704e7758356e544770707371007e003d77080000016d674e5d6078008954407371007e00119fc080164fe5a245508d79f74d0a4c4d7074000755736572313030740019637573746f6d65723131406d61696c696e61746f722e636f6d
74060f9cedb6b2d4f5d92c525ddd2bde	\\xaced00057372004c6f72672e737072696e676672616d65776f726b2e73656375726974792e6f61757468322e636f6d6d6f6e2e44656661756c744578706972696e674f417574683252656672657368546f6b656e2fdf47639dd0c9b70200014c000a65787069726174696f6e7400104c6a6176612f7574696c2f446174653b787200446f72672e737072696e676672616d65776f726b2e73656375726974792e6f61757468322e636f6d6d6f6e2e44656661756c744f417574683252656672657368546f6b656e73e10e0a6354d45e0200014c000576616c75657400124c6a6176612f6c616e672f537472696e673b787074002463663931623064352d356532382d343038312d616266372d3735633936323264393163387372000e6a6176612e7574696c2e44617465686a81014b597419030000787077080000016db91ef2d878	\\xaced0005737200416f72672e737072696e676672616d65776f726b2e73656375726974792e6f61757468322e70726f76696465722e4f417574683241757468656e7469636174696f6ebd400b02166252130200024c000d73746f7265645265717565737474003c4c6f72672f737072696e676672616d65776f726b2f73656375726974792f6f61757468322f70726f76696465722f4f4175746832526571756573743b4c00127573657241757468656e7469636174696f6e7400324c6f72672f737072696e676672616d65776f726b2f73656375726974792f636f72652f41757468656e7469636174696f6e3b787200476f72672e737072696e676672616d65776f726b2e73656375726974792e61757468656e7469636174696f6e2e416273747261637441757468656e7469636174696f6e546f6b656ed3aa287e6e47640e0200035a000d61757468656e746963617465644c000b617574686f7269746965737400164c6a6176612f7574696c2f436f6c6c656374696f6e3b4c000764657461696c737400124c6a6176612f6c616e672f4f626a6563743b787000737200266a6176612e7574696c2e436f6c6c656374696f6e7324556e6d6f6469666961626c654c697374fc0f2531b5ec8e100200014c00046c6973747400104c6a6176612f7574696c2f4c6973743b7872002c6a6176612e7574696c2e436f6c6c656374696f6e7324556e6d6f6469666961626c65436f6c6c656374696f6e19420080cb5ef71e0200014c00016371007e00047870737200136a6176612e7574696c2e41727261794c6973747881d21d99c7619d03000149000473697a657870000000017704000000017372002b636f6d2e6a617469732e74656d706c6174652e636f6d6d6f6e2e646f6d61696e2e436f6d6d6f6e526f6c654be6a9a5b480d9a80200034c0006726f6c6549647400104c6a6176612f7574696c2f555549443b4c0008726f6c654e616d657400124c6a6176612f6c616e672f537472696e673b4c0006726f6c654e6f71007e000f78707372000e6a6176612e7574696c2e55554944bc9903f7986d852f0200024a000c6c65617374536967426974734a000b6d6f7374536967426974737870b50b61b3ab078ce2febcc8a1d52d454174000b53757065722041646d696e740006526f6c6530317871007e000c707372003a6f72672e737072696e676672616d65776f726b2e73656375726974792e6f61757468322e70726f76696465722e4f41757468325265717565737400000000000000010200075a0008617070726f7665644c000b617574686f72697469657371007e00044c000a657874656e73696f6e7374000f4c6a6176612f7574696c2f4d61703b4c000b726564697265637455726971007e000f4c00077265667265736874003b4c6f72672f737072696e676672616d65776f726b2f73656375726974792f6f61757468322f70726f76696465722f546f6b656e526571756573743b4c000b7265736f7572636549647374000f4c6a6176612f7574696c2f5365743b4c000d726573706f6e7365547970657371007e0018787200386f72672e737072696e676672616d65776f726b2e73656375726974792e6f61757468322e70726f76696465722e426173655265717565737436287a3ea37169bd0200034c0008636c69656e74496471007e000f4c001172657175657374506172616d657465727371007e00164c000573636f706571007e00187870740028737072696e672d73656375726974792d6f61757468322d726561642d77726974652d636c69656e74737200256a6176612e7574696c2e436f6c6c656374696f6e7324556e6d6f6469666961626c654d6170f1a5a8fe74f507420200014c00016d71007e00167870737200116a6176612e7574696c2e486173684d61700507dac1c31660d103000246000a6c6f6164466163746f724900097468726573686f6c6478703f400000000000037708000000040000000274000a6772616e745f7479706574000870617373776f7264740008757365726e616d6574001566616872756c616c77616e40676d61696c2e636f6d78737200256a6176612e7574696c2e436f6c6c656374696f6e7324556e6d6f6469666961626c65536574801d92d18f9b80550200007871007e0009737200176a6176612e7574696c2e4c696e6b656448617368536574d86cd75a95dd2a1e020000787200116a6176612e7574696c2e48617368536574ba44859596b8b7340300007870770c000000103f4000000000000274000472656164740005777269746578017371007e0027770c000000103f40000000000001737200426f72672e737072696e676672616d65776f726b2e73656375726974792e636f72652e617574686f726974792e53696d706c654772616e746564417574686f7269747900000000000001fe0200014c0004726f6c6571007e000f787074000455534552787371007e001e3f40000000000000770800000010000000007870707371007e0027770c000000103f400000000000017400187265736f757263652d7365727665722d726573742d617069787371007e0027770c000000103f40000000000000787372004f6f72672e737072696e676672616d65776f726b2e73656375726974792e61757468656e7469636174696f6e2e557365726e616d6550617373776f726441757468656e7469636174696f6e546f6b656e00000000000001fe0200024c000b63726564656e7469616c7371007e00054c00097072696e636970616c71007e00057871007e0003017371007e00077371007e000b0000000177040000000171007e00107871007e0036737200176a6176612e7574696c2e4c696e6b6564486173684d617034c04e5c106cc0fb0200015a000b6163636573734f726465727871007e001e3f400000000000067708000000080000000271007e002071007e002171007e002271007e002378007073720032636f6d2e6a617469732e74656d706c6174652e636f6d6d6f6e2e646f6d61696e2e436f6d6d6f6e5573657244657461696c7300000000000000010200155a000e6163636f756e74457870697265645a000d6163636f756e744c6f636b65645a001263726564656e7469616c73457870697265645a000c64656c6574655374617475735a0007656e61626c65644c000b617574686f72697469657371007e00044c00066272616e636871007e000f4c000963726561746564427971007e000e4c000b6372656174656454696d657400104c6a6176612f7574696c2f446174653b4c000a6469766973696f6e496471007e000e4c000b656d61696c53746174757371007e000f4c000866756c6c4e616d6571007e000f4c00156c61737450617373776f726452657365744461746571007e003a4c000870617373776f726471007e000f4c000673656372657471007e000f4c000975706461746564427971007e000e4c000b7570646174656454696d6571007e003a4c000675736572496471007e000e4c0007757365724e696b71007e000f4c0006757365724e6f71007e000f4c0008757365726e616d6571007e000f787000000000017371007e000b0000000177040000000171007e0010787070737200126a6176612e73716c2e54696d657374616d702618d5c80153bf650200014900056e616e6f737872000e6a6176612e7574696c2e44617465686a81014b597419030000787077080000016c995eab3078161d02c07371007e0011be139f8ede8fc8df6b88c4798dd1499b74000e456d61696c5f56657269666965647400154d6f68616d6d61642046616872756c20416c77616e7074003c243261243130246d466f654b5452685a62514c6d4d487762667a52724f4f524f38372e4c4f507864747a4a4b4275504e33443870502f306b532f6375707371007e0011b5172f1e41ab3444e7332d59c2854a6d7371007e003d77080000016ce1a9fa487818ea2c807371007e0011b5172f1e41ab3444e7332d59c2854a6d7074000655736572353074001566616872756c616c77616e40676d61696c2e636f6d
fad26ad61bd52b3a4365900d6f96d374	\\xaced00057372004c6f72672e737072696e676672616d65776f726b2e73656375726974792e6f61757468322e636f6d6d6f6e2e44656661756c744578706972696e674f417574683252656672657368546f6b656e2fdf47639dd0c9b70200014c000a65787069726174696f6e7400104c6a6176612f7574696c2f446174653b787200446f72672e737072696e676672616d65776f726b2e73656375726974792e6f61757468322e636f6d6d6f6e2e44656661756c744f417574683252656672657368546f6b656e73e10e0a6354d45e0200014c000576616c75657400124c6a6176612f6c616e672f537472696e673b787074002436353565626666652d323630652d346337612d396235372d6661646333656466353630627372000e6a6176612e7574696c2e44617465686a81014b597419030000787077080000016e7779a3cc78	\\xaced0005737200416f72672e737072696e676672616d65776f726b2e73656375726974792e6f61757468322e70726f76696465722e4f417574683241757468656e7469636174696f6ebd400b02166252130200024c000d73746f7265645265717565737474003c4c6f72672f737072696e676672616d65776f726b2f73656375726974792f6f61757468322f70726f76696465722f4f4175746832526571756573743b4c00127573657241757468656e7469636174696f6e7400324c6f72672f737072696e676672616d65776f726b2f73656375726974792f636f72652f41757468656e7469636174696f6e3b787200476f72672e737072696e676672616d65776f726b2e73656375726974792e61757468656e7469636174696f6e2e416273747261637441757468656e7469636174696f6e546f6b656ed3aa287e6e47640e0200035a000d61757468656e746963617465644c000b617574686f7269746965737400164c6a6176612f7574696c2f436f6c6c656374696f6e3b4c000764657461696c737400124c6a6176612f6c616e672f4f626a6563743b787000737200266a6176612e7574696c2e436f6c6c656374696f6e7324556e6d6f6469666961626c654c697374fc0f2531b5ec8e100200014c00046c6973747400104c6a6176612f7574696c2f4c6973743b7872002c6a6176612e7574696c2e436f6c6c656374696f6e7324556e6d6f6469666961626c65436f6c6c656374696f6e19420080cb5ef71e0200014c00016371007e00047870737200136a6176612e7574696c2e41727261794c6973747881d21d99c7619d03000149000473697a657870000000017704000000017372002b636f6d2e6a617469732e74656d706c6174652e636f6d6d6f6e2e646f6d61696e2e436f6d6d6f6e526f6c654be6a9a5b480d9a80200034c0006726f6c6549647400104c6a6176612f7574696c2f555549443b4c0008726f6c654e616d657400124c6a6176612f6c616e672f537472696e673b4c0006726f6c654e6f71007e000f78707372000e6a6176612e7574696c2e55554944bc9903f7986d852f0200024a000c6c65617374536967426974734a000b6d6f73745369674269747378708b4775eaefe6769fbbf132b258404f2574000a41756c69612054657374740006526f6c6534357871007e000c707372003a6f72672e737072696e676672616d65776f726b2e73656375726974792e6f61757468322e70726f76696465722e4f41757468325265717565737400000000000000010200075a0008617070726f7665644c000b617574686f72697469657371007e00044c000a657874656e73696f6e7374000f4c6a6176612f7574696c2f4d61703b4c000b726564697265637455726971007e000f4c00077265667265736874003b4c6f72672f737072696e676672616d65776f726b2f73656375726974792f6f61757468322f70726f76696465722f546f6b656e526571756573743b4c000b7265736f7572636549647374000f4c6a6176612f7574696c2f5365743b4c000d726573706f6e7365547970657371007e0018787200386f72672e737072696e676672616d65776f726b2e73656375726974792e6f61757468322e70726f76696465722e426173655265717565737436287a3ea37169bd0200034c0008636c69656e74496471007e000f4c001172657175657374506172616d657465727371007e00164c000573636f706571007e00187870740028737072696e672d73656375726974792d6f61757468322d726561642d77726974652d636c69656e74737200256a6176612e7574696c2e436f6c6c656374696f6e7324556e6d6f6469666961626c654d6170f1a5a8fe74f507420200014c00016d71007e00167870737200116a6176612e7574696c2e486173684d61700507dac1c31660d103000246000a6c6f6164466163746f724900097468726573686f6c6478703f400000000000037708000000040000000274000a6772616e745f7479706574000870617373776f7264740008757365726e616d6574001661756c69612e7261686d616e406a617469732e636f6d78737200256a6176612e7574696c2e436f6c6c656374696f6e7324556e6d6f6469666961626c65536574801d92d18f9b80550200007871007e0009737200176a6176612e7574696c2e4c696e6b656448617368536574d86cd75a95dd2a1e020000787200116a6176612e7574696c2e48617368536574ba44859596b8b7340300007870770c000000103f4000000000000274000472656164740005777269746578017371007e0027770c000000103f40000000000001737200426f72672e737072696e676672616d65776f726b2e73656375726974792e636f72652e617574686f726974792e53696d706c654772616e746564417574686f7269747900000000000001fe0200014c0004726f6c6571007e000f787074000455534552787371007e001e3f40000000000000770800000010000000007870707371007e0027770c000000103f400000000000017400187265736f757263652d7365727665722d726573742d617069787371007e0027770c000000103f40000000000000787372004f6f72672e737072696e676672616d65776f726b2e73656375726974792e61757468656e7469636174696f6e2e557365726e616d6550617373776f726441757468656e7469636174696f6e546f6b656e00000000000001fe0200024c000b63726564656e7469616c7371007e00054c00097072696e636970616c71007e00057871007e0003017371007e00077371007e000b0000000177040000000171007e00107871007e0036737200176a6176612e7574696c2e4c696e6b6564486173684d617034c04e5c106cc0fb0200015a000b6163636573734f726465727871007e001e3f400000000000067708000000080000000271007e002071007e002171007e002271007e002378007073720032636f6d2e6a617469732e74656d706c6174652e636f6d6d6f6e2e646f6d61696e2e436f6d6d6f6e5573657244657461696c7300000000000000010200155a000e6163636f756e74457870697265645a000d6163636f756e744c6f636b65645a001263726564656e7469616c73457870697265645a000c64656c6574655374617475735a0007656e61626c65644c000b617574686f72697469657371007e00044c00066272616e636871007e000f4c000963726561746564427971007e000e4c000b6372656174656454696d657400104c6a6176612f7574696c2f446174653b4c000a6469766973696f6e496471007e000e4c000b656d61696c53746174757371007e000f4c000866756c6c4e616d6571007e000f4c00156c61737450617373776f726452657365744461746571007e003a4c000870617373776f726471007e000f4c000673656372657471007e000f4c000975706461746564427971007e000e4c000b7570646174656454696d6571007e003a4c000675736572496471007e000e4c0007757365724e696b71007e000f4c0006757365724e6f71007e000f4c0008757365726e616d6571007e000f787000000000017371007e000b0000000177040000000171007e001078707371007e0011a3651494d3cdd8ef02c1c5e01a284d20737200126a6176612e73716c2e54696d657374616d702618d5c80153bf650200014900056e616e6f737872000e6a6176612e7574696c2e44617465686a81014b597419030000787077080000016c937adb307831c516c07371007e0011be139f8ede8fc8df6b88c4798dd1499b74000e456d61696c5f566572696669656474000c41756c6961205261686d616e7074003c243261243130244e6e5071444b64686135696c3267484a6c42486f37656a594d374c5157706239676b794662774e4878524c5053495248325855434770707371007e003e77080000016d237e2a7078322fe6807371007e0011aa73620a4848ce3ac2899ff19373456c7074000655736572343074001661756c69612e7261686d616e406a617469732e636f6d
212a5ef258b0adc7ca9c69cd166b8414	\\xaced00057372004c6f72672e737072696e676672616d65776f726b2e73656375726974792e6f61757468322e636f6d6d6f6e2e44656661756c744578706972696e674f417574683252656672657368546f6b656e2fdf47639dd0c9b70200014c000a65787069726174696f6e7400104c6a6176612f7574696c2f446174653b787200446f72672e737072696e676672616d65776f726b2e73656375726974792e6f61757468322e636f6d6d6f6e2e44656661756c744f417574683252656672657368546f6b656e73e10e0a6354d45e0200014c000576616c75657400124c6a6176612f6c616e672f537472696e673b787074002435306339323936652d656663322d346238322d393933662d6234323535343365373635387372000e6a6176612e7574696c2e44617465686a81014b597419030000787077080000016dd29dc70e78	\\xaced0005737200416f72672e737072696e676672616d65776f726b2e73656375726974792e6f61757468322e70726f76696465722e4f417574683241757468656e7469636174696f6ebd400b02166252130200024c000d73746f7265645265717565737474003c4c6f72672f737072696e676672616d65776f726b2f73656375726974792f6f61757468322f70726f76696465722f4f4175746832526571756573743b4c00127573657241757468656e7469636174696f6e7400324c6f72672f737072696e676672616d65776f726b2f73656375726974792f636f72652f41757468656e7469636174696f6e3b787200476f72672e737072696e676672616d65776f726b2e73656375726974792e61757468656e7469636174696f6e2e416273747261637441757468656e7469636174696f6e546f6b656ed3aa287e6e47640e0200035a000d61757468656e746963617465644c000b617574686f7269746965737400164c6a6176612f7574696c2f436f6c6c656374696f6e3b4c000764657461696c737400124c6a6176612f6c616e672f4f626a6563743b787000737200266a6176612e7574696c2e436f6c6c656374696f6e7324556e6d6f6469666961626c654c697374fc0f2531b5ec8e100200014c00046c6973747400104c6a6176612f7574696c2f4c6973743b7872002c6a6176612e7574696c2e436f6c6c656374696f6e7324556e6d6f6469666961626c65436f6c6c656374696f6e19420080cb5ef71e0200014c00016371007e00047870737200136a6176612e7574696c2e41727261794c6973747881d21d99c7619d03000149000473697a657870000000017704000000017372002c636f6d2e6a617469732e74656d706c6174652e757365726d616e6167656d656e742e6d6f64656c2e526f6c654be6a9a5b480d9a80200095a000c64656c6574655374617475734c000c6163746976655374617475737400134c6a6176612f6c616e672f426f6f6c65616e3b4c00096372656174656442797400104c6a6176612f7574696c2f555549443b4c000b6372656174656454696d657400104c6a6176612f7574696c2f446174653b4c0006726f6c65496471007e000f4c0008726f6c654e616d657400124c6a6176612f6c616e672f537472696e673b4c0006726f6c654e6f71007e00114c000975706461746564427971007e000f4c000b7570646174656454696d6571007e00107870007070707372000e6a6176612e7574696c2e55554944bc9903f7986d852f0200024a000c6c65617374536967426974734a000b6d6f73745369674269747378708b4775eaefe6769fbbf132b258404f2574000a41756c69612054657374740006526f6c65343570707871007e000c707372003a6f72672e737072696e676672616d65776f726b2e73656375726974792e6f61757468322e70726f76696465722e4f41757468325265717565737400000000000000010200075a0008617070726f7665644c000b617574686f72697469657371007e00044c000a657874656e73696f6e7374000f4c6a6176612f7574696c2f4d61703b4c000b726564697265637455726971007e00114c00077265667265736874003b4c6f72672f737072696e676672616d65776f726b2f73656375726974792f6f61757468322f70726f76696465722f546f6b656e526571756573743b4c000b7265736f7572636549647374000f4c6a6176612f7574696c2f5365743b4c000d726573706f6e7365547970657371007e001a787200386f72672e737072696e676672616d65776f726b2e73656375726974792e6f61757468322e70726f76696465722e426173655265717565737436287a3ea37169bd0200034c0008636c69656e74496471007e00114c001172657175657374506172616d657465727371007e00184c000573636f706571007e001a7870740028737072696e672d73656375726974792d6f61757468322d726561642d77726974652d636c69656e74737200256a6176612e7574696c2e436f6c6c656374696f6e7324556e6d6f6469666961626c654d6170f1a5a8fe74f507420200014c00016d71007e00187870737200116a6176612e7574696c2e486173684d61700507dac1c31660d103000246000a6c6f6164466163746f724900097468726573686f6c6478703f400000000000037708000000040000000274000a6772616e745f7479706574000870617373776f7264740008757365726e616d6574001661756c69612e7261686d616e406a617469732e636f6d78737200256a6176612e7574696c2e436f6c6c656374696f6e7324556e6d6f6469666961626c65536574801d92d18f9b80550200007871007e0009737200176a6176612e7574696c2e4c696e6b656448617368536574d86cd75a95dd2a1e020000787200116a6176612e7574696c2e48617368536574ba44859596b8b7340300007870770c000000103f4000000000000274000472656164740005777269746578017371007e0029770c000000103f40000000000001737200426f72672e737072696e676672616d65776f726b2e73656375726974792e636f72652e617574686f726974792e53696d706c654772616e746564417574686f7269747900000000000001fe0200014c0004726f6c6571007e0011787074000455534552787371007e00203f40000000000000770800000010000000007870707371007e0029770c000000103f400000000000017400187265736f757263652d7365727665722d726573742d617069787371007e0029770c000000103f40000000000000787372004f6f72672e737072696e676672616d65776f726b2e73656375726974792e61757468656e7469636174696f6e2e557365726e616d6550617373776f726441757468656e7469636174696f6e546f6b656e00000000000001fe0200024c000b63726564656e7469616c7371007e00054c00097072696e636970616c71007e00057871007e0003017371007e00077371007e000b0000000177040000000171007e00127871007e0038737200176a6176612e7574696c2e4c696e6b6564486173684d617034c04e5c106cc0fb0200015a000b6163636573734f726465727871007e00203f400000000000067708000000080000000271007e002271007e002371007e002471007e00257800707372002c636f6d2e6a617469732e74656d706c6174652e757365726d616e6167656d656e742e6d6f64656c2e55736572006c1af87af6053f0200175a000e6163636f756e74457870697265645a000d6163636f756e744c6f636b65645a001263726564656e7469616c73457870697265645a000c64656c6574655374617475735a0007656e61626c65644c000b617574686f72697469657371007e00044c00066272616e636871007e00114c000963726561746564427971007e000f4c000b6372656174656454696d6571007e00104c000a6469766973696f6e496471007e000f4c000b656d61696c53746174757371007e00114c000866636d546f6b656e71007e00114c000866756c6c4e616d6571007e00114c00156c61737450617373776f726452657365744461746571007e00104c00036f747071007e00114c000870617373776f726471007e00114c000673656372657471007e00114c000975706461746564427971007e000f4c000b7570646174656454696d6571007e00104c000675736572496471007e000f4c0007757365724e696b71007e00114c0006757365724e6f71007e00114c0008757365726e616d6571007e0011787000000000017371007e000b0000000177040000000171007e001278707371007e0013a3651494d3cdd8ef02c1c5e01a284d20737200126a6176612e73716c2e54696d657374616d702618d5c80153bf650200014900056e616e6f737872000e6a6176612e7574696c2e44617465686a81014b597419030000787077080000016c937adb307831c516c07371007e0013be139f8ede8fc8df6b88c4798dd1499b74000e456d61696c5f56657269666965647074000c41756c6961205261686d616e7074000634623461636674003c243261243130244e6e5071444b64686135696c3267484a6c42486f37656a594d374c5157706239676b794662774e4878524c5053495248325855434770707371007e003f77080000016d237e2a7078322fe6807371007e0013aa73620a4848ce3ac2899ff19373456c7074000655736572343074001661756c69612e7261686d616e406a617469732e636f6d
419c8530e8f0ae40c24b13217a0aac31	\\xaced00057372004c6f72672e737072696e676672616d65776f726b2e73656375726974792e6f61757468322e636f6d6d6f6e2e44656661756c744578706972696e674f417574683252656672657368546f6b656e2fdf47639dd0c9b70200014c000a65787069726174696f6e7400104c6a6176612f7574696c2f446174653b787200446f72672e737072696e676672616d65776f726b2e73656375726974792e6f61757468322e636f6d6d6f6e2e44656661756c744f417574683252656672657368546f6b656e73e10e0a6354d45e0200014c000576616c75657400124c6a6176612f6c616e672f537472696e673b787074002437623432636165322d383665372d346238342d626534312d3735373735336337343962337372000e6a6176612e7574696c2e44617465686a81014b597419030000787077080000016dd331769178	\\xaced0005737200416f72672e737072696e676672616d65776f726b2e73656375726974792e6f61757468322e70726f76696465722e4f417574683241757468656e7469636174696f6ebd400b02166252130200024c000d73746f7265645265717565737474003c4c6f72672f737072696e676672616d65776f726b2f73656375726974792f6f61757468322f70726f76696465722f4f4175746832526571756573743b4c00127573657241757468656e7469636174696f6e7400324c6f72672f737072696e676672616d65776f726b2f73656375726974792f636f72652f41757468656e7469636174696f6e3b787200476f72672e737072696e676672616d65776f726b2e73656375726974792e61757468656e7469636174696f6e2e416273747261637441757468656e7469636174696f6e546f6b656ed3aa287e6e47640e0200035a000d61757468656e746963617465644c000b617574686f7269746965737400164c6a6176612f7574696c2f436f6c6c656374696f6e3b4c000764657461696c737400124c6a6176612f6c616e672f4f626a6563743b787000737200266a6176612e7574696c2e436f6c6c656374696f6e7324556e6d6f6469666961626c654c697374fc0f2531b5ec8e100200014c00046c6973747400104c6a6176612f7574696c2f4c6973743b7872002c6a6176612e7574696c2e436f6c6c656374696f6e7324556e6d6f6469666961626c65436f6c6c656374696f6e19420080cb5ef71e0200014c00016371007e00047870737200136a6176612e7574696c2e41727261794c6973747881d21d99c7619d03000149000473697a657870000000017704000000017372002c636f6d2e6a617469732e74656d706c6174652e757365726d616e6167656d656e742e6d6f64656c2e526f6c654be6a9a5b480d9a80200095a000c64656c6574655374617475734c000c6163746976655374617475737400134c6a6176612f6c616e672f426f6f6c65616e3b4c00096372656174656442797400104c6a6176612f7574696c2f555549443b4c000b6372656174656454696d657400104c6a6176612f7574696c2f446174653b4c0006726f6c65496471007e000f4c0008726f6c654e616d657400124c6a6176612f6c616e672f537472696e673b4c0006726f6c654e6f71007e00114c000975706461746564427971007e000f4c000b7570646174656454696d6571007e00107870007070707372000e6a6176612e7574696c2e55554944bc9903f7986d852f0200024a000c6c65617374536967426974734a000b6d6f7374536967426974737870b50b61b3ab078ce2febcc8a1d52d454174000b53757065722041646d696e740006526f6c65303170707871007e000c707372003a6f72672e737072696e676672616d65776f726b2e73656375726974792e6f61757468322e70726f76696465722e4f41757468325265717565737400000000000000010200075a0008617070726f7665644c000b617574686f72697469657371007e00044c000a657874656e73696f6e7374000f4c6a6176612f7574696c2f4d61703b4c000b726564697265637455726971007e00114c00077265667265736874003b4c6f72672f737072696e676672616d65776f726b2f73656375726974792f6f61757468322f70726f76696465722f546f6b656e526571756573743b4c000b7265736f7572636549647374000f4c6a6176612f7574696c2f5365743b4c000d726573706f6e7365547970657371007e001a787200386f72672e737072696e676672616d65776f726b2e73656375726974792e6f61757468322e70726f76696465722e426173655265717565737436287a3ea37169bd0200034c0008636c69656e74496471007e00114c001172657175657374506172616d657465727371007e00184c000573636f706571007e001a7870740028737072696e672d73656375726974792d6f61757468322d726561642d77726974652d636c69656e74737200256a6176612e7574696c2e436f6c6c656374696f6e7324556e6d6f6469666961626c654d6170f1a5a8fe74f507420200014c00016d71007e00187870737200116a6176612e7574696c2e486173684d61700507dac1c31660d103000246000a6c6f6164466163746f724900097468726573686f6c6478703f400000000000037708000000040000000274000a6772616e745f7479706574000870617373776f7264740008757365726e616d6574000f61646d696e406a617469732e636f6d78737200256a6176612e7574696c2e436f6c6c656374696f6e7324556e6d6f6469666961626c65536574801d92d18f9b80550200007871007e0009737200176a6176612e7574696c2e4c696e6b656448617368536574d86cd75a95dd2a1e020000787200116a6176612e7574696c2e48617368536574ba44859596b8b7340300007870770c000000103f4000000000000274000472656164740005777269746578017371007e0029770c000000103f40000000000001737200426f72672e737072696e676672616d65776f726b2e73656375726974792e636f72652e617574686f726974792e53696d706c654772616e746564417574686f7269747900000000000001fe0200014c0004726f6c6571007e0011787074000455534552787371007e00203f40000000000000770800000010000000007870707371007e0029770c000000103f400000000000017400187265736f757263652d7365727665722d726573742d617069787371007e0029770c000000103f40000000000000787372004f6f72672e737072696e676672616d65776f726b2e73656375726974792e61757468656e7469636174696f6e2e557365726e616d6550617373776f726441757468656e7469636174696f6e546f6b656e00000000000001fe0200024c000b63726564656e7469616c7371007e00054c00097072696e636970616c71007e00057871007e0003017371007e00077371007e000b0000000177040000000171007e00127871007e0038737200176a6176612e7574696c2e4c696e6b6564486173684d617034c04e5c106cc0fb0200015a000b6163636573734f726465727871007e00203f400000000000067708000000080000000271007e002271007e002371007e002471007e00257800707372002c636f6d2e6a617469732e74656d706c6174652e757365726d616e6167656d656e742e6d6f64656c2e55736572006c1af87af6053f0200175a000e6163636f756e74457870697265645a000d6163636f756e744c6f636b65645a001263726564656e7469616c73457870697265645a000c64656c6574655374617475735a0007656e61626c65644c000b617574686f72697469657371007e00044c00066272616e636871007e00114c000963726561746564427971007e000f4c000b6372656174656454696d6571007e00104c000a6469766973696f6e496471007e000f4c000b656d61696c53746174757371007e00114c000866636d546f6b656e71007e00114c000866756c6c4e616d6571007e00114c00156c61737450617373776f726452657365744461746571007e00104c00036f747071007e00114c000870617373776f726471007e00114c000673656372657471007e00114c000975706461746564427971007e000f4c000b7570646174656454696d6571007e00104c000675736572496471007e000f4c0007757365724e696b71007e00114c0006757365724e6f71007e00114c0008757365726e616d6571007e0011787000000000017371007e000b0000000177040000000171007e001278707371007e0013bb56fc35e685794ce9311edd22094afb737200126a6176612e73716c2e54696d657374616d702618d5c80153bf650200014900056e616e6f737872000e6a6176612e7574696c2e44617465686a81014b597419030000787077080000016c715700d87802625a007371007e0013aa33340ea817033ca091eb99d04747fe74000e456d61696c5f56657269666965647074000b41646d696e204a617469737074000631323330343574003c2432612431302430617942496c613466307135425349726b56424c7a4f5138364a6e3336416d70667a332f515835566558737379454d7855746f434f707371007e0013b5172f1e41ab3444e7332d59c2854a6d7371007e003f77080000016d1969a528783178cb807371007e0013a1f14c0e8b500e96686457ccd6f94c877074000655736572303274000f61646d696e406a617469732e636f6d
077a24f0652585697da1bfc0a2cb91dd	\\xaced00057372004c6f72672e737072696e676672616d65776f726b2e73656375726974792e6f61757468322e636f6d6d6f6e2e44656661756c744578706972696e674f417574683252656672657368546f6b656e2fdf47639dd0c9b70200014c000a65787069726174696f6e7400104c6a6176612f7574696c2f446174653b787200446f72672e737072696e676672616d65776f726b2e73656375726974792e6f61757468322e636f6d6d6f6e2e44656661756c744f417574683252656672657368546f6b656e73e10e0a6354d45e0200014c000576616c75657400124c6a6176612f6c616e672f537472696e673b787074002435306164396165662d346238322d343039322d393932622d3838373134636362323830397372000e6a6176612e7574696c2e44617465686a81014b597419030000787077080000016dd3342daa78	\\xaced0005737200416f72672e737072696e676672616d65776f726b2e73656375726974792e6f61757468322e70726f76696465722e4f417574683241757468656e7469636174696f6ebd400b02166252130200024c000d73746f7265645265717565737474003c4c6f72672f737072696e676672616d65776f726b2f73656375726974792f6f61757468322f70726f76696465722f4f4175746832526571756573743b4c00127573657241757468656e7469636174696f6e7400324c6f72672f737072696e676672616d65776f726b2f73656375726974792f636f72652f41757468656e7469636174696f6e3b787200476f72672e737072696e676672616d65776f726b2e73656375726974792e61757468656e7469636174696f6e2e416273747261637441757468656e7469636174696f6e546f6b656ed3aa287e6e47640e0200035a000d61757468656e746963617465644c000b617574686f7269746965737400164c6a6176612f7574696c2f436f6c6c656374696f6e3b4c000764657461696c737400124c6a6176612f6c616e672f4f626a6563743b787000737200266a6176612e7574696c2e436f6c6c656374696f6e7324556e6d6f6469666961626c654c697374fc0f2531b5ec8e100200014c00046c6973747400104c6a6176612f7574696c2f4c6973743b7872002c6a6176612e7574696c2e436f6c6c656374696f6e7324556e6d6f6469666961626c65436f6c6c656374696f6e19420080cb5ef71e0200014c00016371007e00047870737200136a6176612e7574696c2e41727261794c6973747881d21d99c7619d03000149000473697a657870000000017704000000017372002c636f6d2e6a617469732e74656d706c6174652e757365726d616e6167656d656e742e6d6f64656c2e526f6c654be6a9a5b480d9a80200095a000c64656c6574655374617475734c000c6163746976655374617475737400134c6a6176612f6c616e672f426f6f6c65616e3b4c00096372656174656442797400104c6a6176612f7574696c2f555549443b4c000b6372656174656454696d657400104c6a6176612f7574696c2f446174653b4c0006726f6c65496471007e000f4c0008726f6c654e616d657400124c6a6176612f6c616e672f537472696e673b4c0006726f6c654e6f71007e00114c000975706461746564427971007e000f4c000b7570646174656454696d6571007e00107870007070707372000e6a6176612e7574696c2e55554944bc9903f7986d852f0200024a000c6c65617374536967426974734a000b6d6f7374536967426974737870b50b61b3ab078ce2febcc8a1d52d454174000b53757065722041646d696e740006526f6c65303170707871007e000c707372003a6f72672e737072696e676672616d65776f726b2e73656375726974792e6f61757468322e70726f76696465722e4f41757468325265717565737400000000000000010200075a0008617070726f7665644c000b617574686f72697469657371007e00044c000a657874656e73696f6e7374000f4c6a6176612f7574696c2f4d61703b4c000b726564697265637455726971007e00114c00077265667265736874003b4c6f72672f737072696e676672616d65776f726b2f73656375726974792f6f61757468322f70726f76696465722f546f6b656e526571756573743b4c000b7265736f7572636549647374000f4c6a6176612f7574696c2f5365743b4c000d726573706f6e7365547970657371007e001a787200386f72672e737072696e676672616d65776f726b2e73656375726974792e6f61757468322e70726f76696465722e426173655265717565737436287a3ea37169bd0200034c0008636c69656e74496471007e00114c001172657175657374506172616d657465727371007e00184c000573636f706571007e001a7870740028737072696e672d73656375726974792d6f61757468322d726561642d77726974652d636c69656e74737200256a6176612e7574696c2e436f6c6c656374696f6e7324556e6d6f6469666961626c654d6170f1a5a8fe74f507420200014c00016d71007e00187870737200116a6176612e7574696c2e486173684d61700507dac1c31660d103000246000a6c6f6164466163746f724900097468726573686f6c6478703f400000000000037708000000040000000274000a6772616e745f7479706574000870617373776f7264740008757365726e616d6574000f61646d696e406a617469732e636f6d78737200256a6176612e7574696c2e436f6c6c656374696f6e7324556e6d6f6469666961626c65536574801d92d18f9b80550200007871007e0009737200176a6176612e7574696c2e4c696e6b656448617368536574d86cd75a95dd2a1e020000787200116a6176612e7574696c2e48617368536574ba44859596b8b7340300007870770c000000103f4000000000000274000472656164740005777269746578017371007e0029770c000000103f40000000000001737200426f72672e737072696e676672616d65776f726b2e73656375726974792e636f72652e617574686f726974792e53696d706c654772616e746564417574686f7269747900000000000001fe0200014c0004726f6c6571007e0011787074000455534552787371007e00203f40000000000000770800000010000000007870707371007e0029770c000000103f400000000000017400187265736f757263652d7365727665722d726573742d617069787371007e0029770c000000103f40000000000000787372004f6f72672e737072696e676672616d65776f726b2e73656375726974792e61757468656e7469636174696f6e2e557365726e616d6550617373776f726441757468656e7469636174696f6e546f6b656e00000000000001fe0200024c000b63726564656e7469616c7371007e00054c00097072696e636970616c71007e00057871007e0003017371007e00077371007e000b0000000177040000000171007e00127871007e0038737200176a6176612e7574696c2e4c696e6b6564486173684d617034c04e5c106cc0fb0200015a000b6163636573734f726465727871007e00203f400000000000067708000000080000000271007e002271007e002371007e002471007e00257800707372002c636f6d2e6a617469732e74656d706c6174652e757365726d616e6167656d656e742e6d6f64656c2e55736572006c1af87af6053f0200175a000e6163636f756e74457870697265645a000d6163636f756e744c6f636b65645a001263726564656e7469616c73457870697265645a000c64656c6574655374617475735a0007656e61626c65644c000b617574686f72697469657371007e00044c00066272616e636871007e00114c000963726561746564427971007e000f4c000b6372656174656454696d6571007e00104c000a6469766973696f6e496471007e000f4c000b656d61696c53746174757371007e00114c000866636d546f6b656e71007e00114c000866756c6c4e616d6571007e00114c00156c61737450617373776f726452657365744461746571007e00104c00036f747071007e00114c000870617373776f726471007e00114c000673656372657471007e00114c000975706461746564427971007e000f4c000b7570646174656454696d6571007e00104c000675736572496471007e000f4c0007757365724e696b71007e00114c0006757365724e6f71007e00114c0008757365726e616d6571007e0011787000000000017371007e000b0000000177040000000171007e001278707371007e0013bb56fc35e685794ce9311edd22094afb737200126a6176612e73716c2e54696d657374616d702618d5c80153bf650200014900056e616e6f737872000e6a6176612e7574696c2e44617465686a81014b597419030000787077080000016c715700d87802625a007371007e0013aa33340ea817033ca091eb99d04747fe74000e456d61696c5f56657269666965647074000b41646d696e204a617469737074000631323330343574003c2432612431302430617942496c613466307135425349726b56424c7a4f5138364a6e3336416d70667a332f515835566558737379454d7855746f434f707371007e0013b5172f1e41ab3444e7332d59c2854a6d7371007e003f77080000016d1969a528783178cb807371007e0013a1f14c0e8b500e96686457ccd6f94c877074000655736572303274000f61646d696e406a617469732e636f6d
6fd3756be2a0a6747fca8266585c809a	\\xaced00057372004c6f72672e737072696e676672616d65776f726b2e73656375726974792e6f61757468322e636f6d6d6f6e2e44656661756c744578706972696e674f417574683252656672657368546f6b656e2fdf47639dd0c9b70200014c000a65787069726174696f6e7400104c6a6176612f7574696c2f446174653b787200446f72672e737072696e676672616d65776f726b2e73656375726974792e6f61757468322e636f6d6d6f6e2e44656661756c744f417574683252656672657368546f6b656e73e10e0a6354d45e0200014c000576616c75657400124c6a6176612f6c616e672f537472696e673b787074002432326638393334302d303033612d343930622d386263342d6637336637383063663731337372000e6a6176612e7574696c2e44617465686a81014b597419030000787077080000016dd334b78d78	\\xaced0005737200416f72672e737072696e676672616d65776f726b2e73656375726974792e6f61757468322e70726f76696465722e4f417574683241757468656e7469636174696f6ebd400b02166252130200024c000d73746f7265645265717565737474003c4c6f72672f737072696e676672616d65776f726b2f73656375726974792f6f61757468322f70726f76696465722f4f4175746832526571756573743b4c00127573657241757468656e7469636174696f6e7400324c6f72672f737072696e676672616d65776f726b2f73656375726974792f636f72652f41757468656e7469636174696f6e3b787200476f72672e737072696e676672616d65776f726b2e73656375726974792e61757468656e7469636174696f6e2e416273747261637441757468656e7469636174696f6e546f6b656ed3aa287e6e47640e0200035a000d61757468656e746963617465644c000b617574686f7269746965737400164c6a6176612f7574696c2f436f6c6c656374696f6e3b4c000764657461696c737400124c6a6176612f6c616e672f4f626a6563743b787000737200266a6176612e7574696c2e436f6c6c656374696f6e7324556e6d6f6469666961626c654c697374fc0f2531b5ec8e100200014c00046c6973747400104c6a6176612f7574696c2f4c6973743b7872002c6a6176612e7574696c2e436f6c6c656374696f6e7324556e6d6f6469666961626c65436f6c6c656374696f6e19420080cb5ef71e0200014c00016371007e00047870737200136a6176612e7574696c2e41727261794c6973747881d21d99c7619d03000149000473697a657870000000017704000000017372002c636f6d2e6a617469732e74656d706c6174652e757365726d616e6167656d656e742e6d6f64656c2e526f6c654be6a9a5b480d9a80200095a000c64656c6574655374617475734c000c6163746976655374617475737400134c6a6176612f6c616e672f426f6f6c65616e3b4c00096372656174656442797400104c6a6176612f7574696c2f555549443b4c000b6372656174656454696d657400104c6a6176612f7574696c2f446174653b4c0006726f6c65496471007e000f4c0008726f6c654e616d657400124c6a6176612f6c616e672f537472696e673b4c0006726f6c654e6f71007e00114c000975706461746564427971007e000f4c000b7570646174656454696d6571007e00107870007070707372000e6a6176612e7574696c2e55554944bc9903f7986d852f0200024a000c6c65617374536967426974734a000b6d6f7374536967426974737870b50b61b3ab078ce2febcc8a1d52d454174000b53757065722041646d696e740006526f6c65303170707871007e000c707372003a6f72672e737072696e676672616d65776f726b2e73656375726974792e6f61757468322e70726f76696465722e4f41757468325265717565737400000000000000010200075a0008617070726f7665644c000b617574686f72697469657371007e00044c000a657874656e73696f6e7374000f4c6a6176612f7574696c2f4d61703b4c000b726564697265637455726971007e00114c00077265667265736874003b4c6f72672f737072696e676672616d65776f726b2f73656375726974792f6f61757468322f70726f76696465722f546f6b656e526571756573743b4c000b7265736f7572636549647374000f4c6a6176612f7574696c2f5365743b4c000d726573706f6e7365547970657371007e001a787200386f72672e737072696e676672616d65776f726b2e73656375726974792e6f61757468322e70726f76696465722e426173655265717565737436287a3ea37169bd0200034c0008636c69656e74496471007e00114c001172657175657374506172616d657465727371007e00184c000573636f706571007e001a7870740028737072696e672d73656375726974792d6f61757468322d726561642d77726974652d636c69656e74737200256a6176612e7574696c2e436f6c6c656374696f6e7324556e6d6f6469666961626c654d6170f1a5a8fe74f507420200014c00016d71007e00187870737200116a6176612e7574696c2e486173684d61700507dac1c31660d103000246000a6c6f6164466163746f724900097468726573686f6c6478703f400000000000037708000000040000000274000a6772616e745f7479706574000870617373776f7264740008757365726e616d6574000f61646d696e406a617469732e636f6d78737200256a6176612e7574696c2e436f6c6c656374696f6e7324556e6d6f6469666961626c65536574801d92d18f9b80550200007871007e0009737200176a6176612e7574696c2e4c696e6b656448617368536574d86cd75a95dd2a1e020000787200116a6176612e7574696c2e48617368536574ba44859596b8b7340300007870770c000000103f4000000000000274000472656164740005777269746578017371007e0029770c000000103f40000000000001737200426f72672e737072696e676672616d65776f726b2e73656375726974792e636f72652e617574686f726974792e53696d706c654772616e746564417574686f7269747900000000000001fe0200014c0004726f6c6571007e0011787074000455534552787371007e00203f40000000000000770800000010000000007870707371007e0029770c000000103f400000000000017400187265736f757263652d7365727665722d726573742d617069787371007e0029770c000000103f40000000000000787372004f6f72672e737072696e676672616d65776f726b2e73656375726974792e61757468656e7469636174696f6e2e557365726e616d6550617373776f726441757468656e7469636174696f6e546f6b656e00000000000001fe0200024c000b63726564656e7469616c7371007e00054c00097072696e636970616c71007e00057871007e0003017371007e00077371007e000b0000000177040000000171007e00127871007e0038737200176a6176612e7574696c2e4c696e6b6564486173684d617034c04e5c106cc0fb0200015a000b6163636573734f726465727871007e00203f400000000000067708000000080000000271007e002271007e002371007e002471007e00257800707372002c636f6d2e6a617469732e74656d706c6174652e757365726d616e6167656d656e742e6d6f64656c2e55736572006c1af87af6053f0200175a000e6163636f756e74457870697265645a000d6163636f756e744c6f636b65645a001263726564656e7469616c73457870697265645a000c64656c6574655374617475735a0007656e61626c65644c000b617574686f72697469657371007e00044c00066272616e636871007e00114c000963726561746564427971007e000f4c000b6372656174656454696d6571007e00104c000a6469766973696f6e496471007e000f4c000b656d61696c53746174757371007e00114c000866636d546f6b656e71007e00114c000866756c6c4e616d6571007e00114c00156c61737450617373776f726452657365744461746571007e00104c00036f747071007e00114c000870617373776f726471007e00114c000673656372657471007e00114c000975706461746564427971007e000f4c000b7570646174656454696d6571007e00104c000675736572496471007e000f4c0007757365724e696b71007e00114c0006757365724e6f71007e00114c0008757365726e616d6571007e0011787000000000017371007e000b0000000177040000000171007e001278707371007e0013bb56fc35e685794ce9311edd22094afb737200126a6176612e73716c2e54696d657374616d702618d5c80153bf650200014900056e616e6f737872000e6a6176612e7574696c2e44617465686a81014b597419030000787077080000016c715700d87802625a007371007e0013aa33340ea817033ca091eb99d04747fe74000e456d61696c5f56657269666965647074000b41646d696e204a617469737074000631323330343574003c2432612431302430617942496c613466307135425349726b56424c7a4f5138364a6e3336416d70667a332f515835566558737379454d7855746f434f707371007e0013b5172f1e41ab3444e7332d59c2854a6d7371007e003f77080000016d1969a528783178cb807371007e0013a1f14c0e8b500e96686457ccd6f94c877074000655736572303274000f61646d696e406a617469732e636f6d
f5ecff9a2b351f6b5cbd107a14c5eb4d	\\xaced00057372004c6f72672e737072696e676672616d65776f726b2e73656375726974792e6f61757468322e636f6d6d6f6e2e44656661756c744578706972696e674f417574683252656672657368546f6b656e2fdf47639dd0c9b70200014c000a65787069726174696f6e7400104c6a6176612f7574696c2f446174653b787200446f72672e737072696e676672616d65776f726b2e73656375726974792e6f61757468322e636f6d6d6f6e2e44656661756c744f417574683252656672657368546f6b656e73e10e0a6354d45e0200014c000576616c75657400124c6a6176612f6c616e672f537472696e673b787074002431656438323635332d636235612d346664382d613732352d3561623035343138653739647372000e6a6176612e7574696c2e44617465686a81014b597419030000787077080000016dd3353ad678	\\xaced0005737200416f72672e737072696e676672616d65776f726b2e73656375726974792e6f61757468322e70726f76696465722e4f417574683241757468656e7469636174696f6ebd400b02166252130200024c000d73746f7265645265717565737474003c4c6f72672f737072696e676672616d65776f726b2f73656375726974792f6f61757468322f70726f76696465722f4f4175746832526571756573743b4c00127573657241757468656e7469636174696f6e7400324c6f72672f737072696e676672616d65776f726b2f73656375726974792f636f72652f41757468656e7469636174696f6e3b787200476f72672e737072696e676672616d65776f726b2e73656375726974792e61757468656e7469636174696f6e2e416273747261637441757468656e7469636174696f6e546f6b656ed3aa287e6e47640e0200035a000d61757468656e746963617465644c000b617574686f7269746965737400164c6a6176612f7574696c2f436f6c6c656374696f6e3b4c000764657461696c737400124c6a6176612f6c616e672f4f626a6563743b787000737200266a6176612e7574696c2e436f6c6c656374696f6e7324556e6d6f6469666961626c654c697374fc0f2531b5ec8e100200014c00046c6973747400104c6a6176612f7574696c2f4c6973743b7872002c6a6176612e7574696c2e436f6c6c656374696f6e7324556e6d6f6469666961626c65436f6c6c656374696f6e19420080cb5ef71e0200014c00016371007e00047870737200136a6176612e7574696c2e41727261794c6973747881d21d99c7619d03000149000473697a657870000000017704000000017372002c636f6d2e6a617469732e74656d706c6174652e757365726d616e6167656d656e742e6d6f64656c2e526f6c654be6a9a5b480d9a80200095a000c64656c6574655374617475734c000c6163746976655374617475737400134c6a6176612f6c616e672f426f6f6c65616e3b4c00096372656174656442797400104c6a6176612f7574696c2f555549443b4c000b6372656174656454696d657400104c6a6176612f7574696c2f446174653b4c0006726f6c65496471007e000f4c0008726f6c654e616d657400124c6a6176612f6c616e672f537472696e673b4c0006726f6c654e6f71007e00114c000975706461746564427971007e000f4c000b7570646174656454696d6571007e00107870007070707372000e6a6176612e7574696c2e55554944bc9903f7986d852f0200024a000c6c65617374536967426974734a000b6d6f7374536967426974737870b50b61b3ab078ce2febcc8a1d52d454174000b53757065722041646d696e740006526f6c65303170707871007e000c707372003a6f72672e737072696e676672616d65776f726b2e73656375726974792e6f61757468322e70726f76696465722e4f41757468325265717565737400000000000000010200075a0008617070726f7665644c000b617574686f72697469657371007e00044c000a657874656e73696f6e7374000f4c6a6176612f7574696c2f4d61703b4c000b726564697265637455726971007e00114c00077265667265736874003b4c6f72672f737072696e676672616d65776f726b2f73656375726974792f6f61757468322f70726f76696465722f546f6b656e526571756573743b4c000b7265736f7572636549647374000f4c6a6176612f7574696c2f5365743b4c000d726573706f6e7365547970657371007e001a787200386f72672e737072696e676672616d65776f726b2e73656375726974792e6f61757468322e70726f76696465722e426173655265717565737436287a3ea37169bd0200034c0008636c69656e74496471007e00114c001172657175657374506172616d657465727371007e00184c000573636f706571007e001a7870740028737072696e672d73656375726974792d6f61757468322d726561642d77726974652d636c69656e74737200256a6176612e7574696c2e436f6c6c656374696f6e7324556e6d6f6469666961626c654d6170f1a5a8fe74f507420200014c00016d71007e00187870737200116a6176612e7574696c2e486173684d61700507dac1c31660d103000246000a6c6f6164466163746f724900097468726573686f6c6478703f400000000000037708000000040000000274000a6772616e745f7479706574000870617373776f7264740008757365726e616d6574000f61646d696e406a617469732e636f6d78737200256a6176612e7574696c2e436f6c6c656374696f6e7324556e6d6f6469666961626c65536574801d92d18f9b80550200007871007e0009737200176a6176612e7574696c2e4c696e6b656448617368536574d86cd75a95dd2a1e020000787200116a6176612e7574696c2e48617368536574ba44859596b8b7340300007870770c000000103f4000000000000274000472656164740005777269746578017371007e0029770c000000103f40000000000001737200426f72672e737072696e676672616d65776f726b2e73656375726974792e636f72652e617574686f726974792e53696d706c654772616e746564417574686f7269747900000000000001fe0200014c0004726f6c6571007e0011787074000455534552787371007e00203f40000000000000770800000010000000007870707371007e0029770c000000103f400000000000017400187265736f757263652d7365727665722d726573742d617069787371007e0029770c000000103f40000000000000787372004f6f72672e737072696e676672616d65776f726b2e73656375726974792e61757468656e7469636174696f6e2e557365726e616d6550617373776f726441757468656e7469636174696f6e546f6b656e00000000000001fe0200024c000b63726564656e7469616c7371007e00054c00097072696e636970616c71007e00057871007e0003017371007e00077371007e000b0000000177040000000171007e00127871007e0038737200176a6176612e7574696c2e4c696e6b6564486173684d617034c04e5c106cc0fb0200015a000b6163636573734f726465727871007e00203f400000000000067708000000080000000271007e002271007e002371007e002471007e00257800707372002c636f6d2e6a617469732e74656d706c6174652e757365726d616e6167656d656e742e6d6f64656c2e55736572006c1af87af6053f0200175a000e6163636f756e74457870697265645a000d6163636f756e744c6f636b65645a001263726564656e7469616c73457870697265645a000c64656c6574655374617475735a0007656e61626c65644c000b617574686f72697469657371007e00044c00066272616e636871007e00114c000963726561746564427971007e000f4c000b6372656174656454696d6571007e00104c000a6469766973696f6e496471007e000f4c000b656d61696c53746174757371007e00114c000866636d546f6b656e71007e00114c000866756c6c4e616d6571007e00114c00156c61737450617373776f726452657365744461746571007e00104c00036f747071007e00114c000870617373776f726471007e00114c000673656372657471007e00114c000975706461746564427971007e000f4c000b7570646174656454696d6571007e00104c000675736572496471007e000f4c0007757365724e696b71007e00114c0006757365724e6f71007e00114c0008757365726e616d6571007e0011787000000000017371007e000b0000000177040000000171007e001278707371007e0013bb56fc35e685794ce9311edd22094afb737200126a6176612e73716c2e54696d657374616d702618d5c80153bf650200014900056e616e6f737872000e6a6176612e7574696c2e44617465686a81014b597419030000787077080000016c715700d87802625a007371007e0013aa33340ea817033ca091eb99d04747fe74000e456d61696c5f56657269666965647074000b41646d696e204a617469737074000631323330343574003c2432612431302430617942496c613466307135425349726b56424c7a4f5138364a6e3336416d70667a332f515835566558737379454d7855746f434f707371007e0013b5172f1e41ab3444e7332d59c2854a6d7371007e003f77080000016d1969a528783178cb807371007e0013a1f14c0e8b500e96686457ccd6f94c877074000655736572303274000f61646d696e406a617469732e636f6d
6ba7c3ef0d2174230e89a1e5b545feb4	\\xaced00057372004c6f72672e737072696e676672616d65776f726b2e73656375726974792e6f61757468322e636f6d6d6f6e2e44656661756c744578706972696e674f417574683252656672657368546f6b656e2fdf47639dd0c9b70200014c000a65787069726174696f6e7400104c6a6176612f7574696c2f446174653b787200446f72672e737072696e676672616d65776f726b2e73656375726974792e6f61757468322e636f6d6d6f6e2e44656661756c744f417574683252656672657368546f6b656e73e10e0a6354d45e0200014c000576616c75657400124c6a6176612f6c616e672f537472696e673b787074002437663366633438662d643734332d346661332d616531322d3561383131646432306562307372000e6a6176612e7574696c2e44617465686a81014b597419030000787077080000016dd335adbf78	\\xaced0005737200416f72672e737072696e676672616d65776f726b2e73656375726974792e6f61757468322e70726f76696465722e4f417574683241757468656e7469636174696f6ebd400b02166252130200024c000d73746f7265645265717565737474003c4c6f72672f737072696e676672616d65776f726b2f73656375726974792f6f61757468322f70726f76696465722f4f4175746832526571756573743b4c00127573657241757468656e7469636174696f6e7400324c6f72672f737072696e676672616d65776f726b2f73656375726974792f636f72652f41757468656e7469636174696f6e3b787200476f72672e737072696e676672616d65776f726b2e73656375726974792e61757468656e7469636174696f6e2e416273747261637441757468656e7469636174696f6e546f6b656ed3aa287e6e47640e0200035a000d61757468656e746963617465644c000b617574686f7269746965737400164c6a6176612f7574696c2f436f6c6c656374696f6e3b4c000764657461696c737400124c6a6176612f6c616e672f4f626a6563743b787000737200266a6176612e7574696c2e436f6c6c656374696f6e7324556e6d6f6469666961626c654c697374fc0f2531b5ec8e100200014c00046c6973747400104c6a6176612f7574696c2f4c6973743b7872002c6a6176612e7574696c2e436f6c6c656374696f6e7324556e6d6f6469666961626c65436f6c6c656374696f6e19420080cb5ef71e0200014c00016371007e00047870737200136a6176612e7574696c2e41727261794c6973747881d21d99c7619d03000149000473697a657870000000017704000000017372002c636f6d2e6a617469732e74656d706c6174652e757365726d616e6167656d656e742e6d6f64656c2e526f6c654be6a9a5b480d9a80200095a000c64656c6574655374617475734c000c6163746976655374617475737400134c6a6176612f6c616e672f426f6f6c65616e3b4c00096372656174656442797400104c6a6176612f7574696c2f555549443b4c000b6372656174656454696d657400104c6a6176612f7574696c2f446174653b4c0006726f6c65496471007e000f4c0008726f6c654e616d657400124c6a6176612f6c616e672f537472696e673b4c0006726f6c654e6f71007e00114c000975706461746564427971007e000f4c000b7570646174656454696d6571007e00107870007070707372000e6a6176612e7574696c2e55554944bc9903f7986d852f0200024a000c6c65617374536967426974734a000b6d6f7374536967426974737870b50b61b3ab078ce2febcc8a1d52d454174000b53757065722041646d696e740006526f6c65303170707871007e000c707372003a6f72672e737072696e676672616d65776f726b2e73656375726974792e6f61757468322e70726f76696465722e4f41757468325265717565737400000000000000010200075a0008617070726f7665644c000b617574686f72697469657371007e00044c000a657874656e73696f6e7374000f4c6a6176612f7574696c2f4d61703b4c000b726564697265637455726971007e00114c00077265667265736874003b4c6f72672f737072696e676672616d65776f726b2f73656375726974792f6f61757468322f70726f76696465722f546f6b656e526571756573743b4c000b7265736f7572636549647374000f4c6a6176612f7574696c2f5365743b4c000d726573706f6e7365547970657371007e001a787200386f72672e737072696e676672616d65776f726b2e73656375726974792e6f61757468322e70726f76696465722e426173655265717565737436287a3ea37169bd0200034c0008636c69656e74496471007e00114c001172657175657374506172616d657465727371007e00184c000573636f706571007e001a7870740028737072696e672d73656375726974792d6f61757468322d726561642d77726974652d636c69656e74737200256a6176612e7574696c2e436f6c6c656374696f6e7324556e6d6f6469666961626c654d6170f1a5a8fe74f507420200014c00016d71007e00187870737200116a6176612e7574696c2e486173684d61700507dac1c31660d103000246000a6c6f6164466163746f724900097468726573686f6c6478703f400000000000037708000000040000000274000a6772616e745f7479706574000870617373776f7264740008757365726e616d6574000f61646d696e406a617469732e636f6d78737200256a6176612e7574696c2e436f6c6c656374696f6e7324556e6d6f6469666961626c65536574801d92d18f9b80550200007871007e0009737200176a6176612e7574696c2e4c696e6b656448617368536574d86cd75a95dd2a1e020000787200116a6176612e7574696c2e48617368536574ba44859596b8b7340300007870770c000000103f4000000000000274000472656164740005777269746578017371007e0029770c000000103f40000000000001737200426f72672e737072696e676672616d65776f726b2e73656375726974792e636f72652e617574686f726974792e53696d706c654772616e746564417574686f7269747900000000000001fe0200014c0004726f6c6571007e0011787074000455534552787371007e00203f40000000000000770800000010000000007870707371007e0029770c000000103f400000000000017400187265736f757263652d7365727665722d726573742d617069787371007e0029770c000000103f40000000000000787372004f6f72672e737072696e676672616d65776f726b2e73656375726974792e61757468656e7469636174696f6e2e557365726e616d6550617373776f726441757468656e7469636174696f6e546f6b656e00000000000001fe0200024c000b63726564656e7469616c7371007e00054c00097072696e636970616c71007e00057871007e0003017371007e00077371007e000b0000000177040000000171007e00127871007e0038737200176a6176612e7574696c2e4c696e6b6564486173684d617034c04e5c106cc0fb0200015a000b6163636573734f726465727871007e00203f400000000000067708000000080000000271007e002271007e002371007e002471007e00257800707372002c636f6d2e6a617469732e74656d706c6174652e757365726d616e6167656d656e742e6d6f64656c2e55736572006c1af87af6053f0200175a000e6163636f756e74457870697265645a000d6163636f756e744c6f636b65645a001263726564656e7469616c73457870697265645a000c64656c6574655374617475735a0007656e61626c65644c000b617574686f72697469657371007e00044c00066272616e636871007e00114c000963726561746564427971007e000f4c000b6372656174656454696d6571007e00104c000a6469766973696f6e496471007e000f4c000b656d61696c53746174757371007e00114c000866636d546f6b656e71007e00114c000866756c6c4e616d6571007e00114c00156c61737450617373776f726452657365744461746571007e00104c00036f747071007e00114c000870617373776f726471007e00114c000673656372657471007e00114c000975706461746564427971007e000f4c000b7570646174656454696d6571007e00104c000675736572496471007e000f4c0007757365724e696b71007e00114c0006757365724e6f71007e00114c0008757365726e616d6571007e0011787000000000017371007e000b0000000177040000000171007e001278707371007e0013bb56fc35e685794ce9311edd22094afb737200126a6176612e73716c2e54696d657374616d702618d5c80153bf650200014900056e616e6f737872000e6a6176612e7574696c2e44617465686a81014b597419030000787077080000016c715700d87802625a007371007e0013aa33340ea817033ca091eb99d04747fe74000e456d61696c5f56657269666965647074000b41646d696e204a617469737074000631323330343574003c2432612431302430617942496c613466307135425349726b56424c7a4f5138364a6e3336416d70667a332f515835566558737379454d7855746f434f707371007e0013b5172f1e41ab3444e7332d59c2854a6d7371007e003f77080000016d1969a528783178cb807371007e0013a1f14c0e8b500e96686457ccd6f94c877074000655736572303274000f61646d696e406a617469732e636f6d
03a390b53694767807e69a42e1ccce99	\\xaced00057372004c6f72672e737072696e676672616d65776f726b2e73656375726974792e6f61757468322e636f6d6d6f6e2e44656661756c744578706972696e674f417574683252656672657368546f6b656e2fdf47639dd0c9b70200014c000a65787069726174696f6e7400104c6a6176612f7574696c2f446174653b787200446f72672e737072696e676672616d65776f726b2e73656375726974792e6f61757468322e636f6d6d6f6e2e44656661756c744f417574683252656672657368546f6b656e73e10e0a6354d45e0200014c000576616c75657400124c6a6176612f6c616e672f537472696e673b787074002432653164313434362d386166632d343266382d626334312d3132613132363533333363357372000e6a6176612e7574696c2e44617465686a81014b597419030000787077080000016dd336e96e78	\\xaced0005737200416f72672e737072696e676672616d65776f726b2e73656375726974792e6f61757468322e70726f76696465722e4f417574683241757468656e7469636174696f6ebd400b02166252130200024c000d73746f7265645265717565737474003c4c6f72672f737072696e676672616d65776f726b2f73656375726974792f6f61757468322f70726f76696465722f4f4175746832526571756573743b4c00127573657241757468656e7469636174696f6e7400324c6f72672f737072696e676672616d65776f726b2f73656375726974792f636f72652f41757468656e7469636174696f6e3b787200476f72672e737072696e676672616d65776f726b2e73656375726974792e61757468656e7469636174696f6e2e416273747261637441757468656e7469636174696f6e546f6b656ed3aa287e6e47640e0200035a000d61757468656e746963617465644c000b617574686f7269746965737400164c6a6176612f7574696c2f436f6c6c656374696f6e3b4c000764657461696c737400124c6a6176612f6c616e672f4f626a6563743b787000737200266a6176612e7574696c2e436f6c6c656374696f6e7324556e6d6f6469666961626c654c697374fc0f2531b5ec8e100200014c00046c6973747400104c6a6176612f7574696c2f4c6973743b7872002c6a6176612e7574696c2e436f6c6c656374696f6e7324556e6d6f6469666961626c65436f6c6c656374696f6e19420080cb5ef71e0200014c00016371007e00047870737200136a6176612e7574696c2e41727261794c6973747881d21d99c7619d03000149000473697a657870000000017704000000017372002c636f6d2e6a617469732e74656d706c6174652e757365726d616e6167656d656e742e6d6f64656c2e526f6c654be6a9a5b480d9a80200095a000c64656c6574655374617475734c000c6163746976655374617475737400134c6a6176612f6c616e672f426f6f6c65616e3b4c00096372656174656442797400104c6a6176612f7574696c2f555549443b4c000b6372656174656454696d657400104c6a6176612f7574696c2f446174653b4c0006726f6c65496471007e000f4c0008726f6c654e616d657400124c6a6176612f6c616e672f537472696e673b4c0006726f6c654e6f71007e00114c000975706461746564427971007e000f4c000b7570646174656454696d6571007e00107870007070707372000e6a6176612e7574696c2e55554944bc9903f7986d852f0200024a000c6c65617374536967426974734a000b6d6f7374536967426974737870b50b61b3ab078ce2febcc8a1d52d454174000b53757065722041646d696e740006526f6c65303170707871007e000c707372003a6f72672e737072696e676672616d65776f726b2e73656375726974792e6f61757468322e70726f76696465722e4f41757468325265717565737400000000000000010200075a0008617070726f7665644c000b617574686f72697469657371007e00044c000a657874656e73696f6e7374000f4c6a6176612f7574696c2f4d61703b4c000b726564697265637455726971007e00114c00077265667265736874003b4c6f72672f737072696e676672616d65776f726b2f73656375726974792f6f61757468322f70726f76696465722f546f6b656e526571756573743b4c000b7265736f7572636549647374000f4c6a6176612f7574696c2f5365743b4c000d726573706f6e7365547970657371007e001a787200386f72672e737072696e676672616d65776f726b2e73656375726974792e6f61757468322e70726f76696465722e426173655265717565737436287a3ea37169bd0200034c0008636c69656e74496471007e00114c001172657175657374506172616d657465727371007e00184c000573636f706571007e001a7870740028737072696e672d73656375726974792d6f61757468322d726561642d77726974652d636c69656e74737200256a6176612e7574696c2e436f6c6c656374696f6e7324556e6d6f6469666961626c654d6170f1a5a8fe74f507420200014c00016d71007e00187870737200116a6176612e7574696c2e486173684d61700507dac1c31660d103000246000a6c6f6164466163746f724900097468726573686f6c6478703f400000000000037708000000040000000274000a6772616e745f7479706574000870617373776f7264740008757365726e616d657400176c616b756e2e7465737465726c40676d61696c2e636f6d78737200256a6176612e7574696c2e436f6c6c656374696f6e7324556e6d6f6469666961626c65536574801d92d18f9b80550200007871007e0009737200176a6176612e7574696c2e4c696e6b656448617368536574d86cd75a95dd2a1e020000787200116a6176612e7574696c2e48617368536574ba44859596b8b7340300007870770c000000103f4000000000000274000472656164740005777269746578017371007e0029770c000000103f40000000000001737200426f72672e737072696e676672616d65776f726b2e73656375726974792e636f72652e617574686f726974792e53696d706c654772616e746564417574686f7269747900000000000001fe0200014c0004726f6c6571007e0011787074000455534552787371007e00203f40000000000000770800000010000000007870707371007e0029770c000000103f400000000000017400187265736f757263652d7365727665722d726573742d617069787371007e0029770c000000103f40000000000000787372004f6f72672e737072696e676672616d65776f726b2e73656375726974792e61757468656e7469636174696f6e2e557365726e616d6550617373776f726441757468656e7469636174696f6e546f6b656e00000000000001fe0200024c000b63726564656e7469616c7371007e00054c00097072696e636970616c71007e00057871007e0003017371007e00077371007e000b0000000177040000000171007e00127871007e0038737200176a6176612e7574696c2e4c696e6b6564486173684d617034c04e5c106cc0fb0200015a000b6163636573734f726465727871007e00203f400000000000067708000000080000000271007e002271007e002371007e002471007e00257800707372002c636f6d2e6a617469732e74656d706c6174652e757365726d616e6167656d656e742e6d6f64656c2e55736572006c1af87af6053f0200175a000e6163636f756e74457870697265645a000d6163636f756e744c6f636b65645a001263726564656e7469616c73457870697265645a000c64656c6574655374617475735a0007656e61626c65644c000b617574686f72697469657371007e00044c00066272616e636871007e00114c000963726561746564427971007e000f4c000b6372656174656454696d6571007e00104c000a6469766973696f6e496471007e000f4c000b656d61696c53746174757371007e00114c000866636d546f6b656e71007e00114c000866756c6c4e616d6571007e00114c00156c61737450617373776f726452657365744461746571007e00104c00036f747071007e00114c000870617373776f726471007e00114c000673656372657471007e00114c000975706461746564427971007e000f4c000b7570646174656454696d6571007e00104c000675736572496471007e000f4c0007757365724e696b71007e00114c0006757365724e6f71007e00114c0008757365726e616d6571007e0011787000000000017371007e000b0000000177040000000171007e001278707371007e0013a3651494d3cdd8ef02c1c5e01a284d20737200126a6176612e73716c2e54696d657374616d702618d5c80153bf650200014900056e616e6f737872000e6a6176612e7574696c2e44617465686a81014b597419030000787077080000016c994c5bb078204e43807371007e0013be139f8ede8fc8df6b88c4798dd1499b74000e456d61696c5f56657269666965647074000b416b756e20546573746572707074003c243261243130244b7436364879434872346d2f36736243356b3335312e5150567466486f2e585a616738375a6c75326b4e46386d75385479774c426d707371007e0013aa73620a4848ce3ac2899ff19373456c7371007e003f77080000016cf0ca5680782e5f56807371007e001389a874dfa3f26b80d3dfd89469004a98707400065573657234397400176c616b756e2e7465737465726c40676d61696c2e636f6d
39306972ba7fc7df7aeacfdca814c04f	\\xaced00057372004c6f72672e737072696e676672616d65776f726b2e73656375726974792e6f61757468322e636f6d6d6f6e2e44656661756c744578706972696e674f417574683252656672657368546f6b656e2fdf47639dd0c9b70200014c000a65787069726174696f6e7400104c6a6176612f7574696c2f446174653b787200446f72672e737072696e676672616d65776f726b2e73656375726974792e6f61757468322e636f6d6d6f6e2e44656661756c744f417574683252656672657368546f6b656e73e10e0a6354d45e0200014c000576616c75657400124c6a6176612f6c616e672f537472696e673b787074002461646665623032342d626531302d343435312d386631642d6164386466316634636566657372000e6a6176612e7574696c2e44617465686a81014b597419030000787077080000016ed4458b7f78	\\xaced0005737200416f72672e737072696e676672616d65776f726b2e73656375726974792e6f61757468322e70726f76696465722e4f417574683241757468656e7469636174696f6ebd400b02166252130200024c000d73746f7265645265717565737474003c4c6f72672f737072696e676672616d65776f726b2f73656375726974792f6f61757468322f70726f76696465722f4f4175746832526571756573743b4c00127573657241757468656e7469636174696f6e7400324c6f72672f737072696e676672616d65776f726b2f73656375726974792f636f72652f41757468656e7469636174696f6e3b787200476f72672e737072696e676672616d65776f726b2e73656375726974792e61757468656e7469636174696f6e2e416273747261637441757468656e7469636174696f6e546f6b656ed3aa287e6e47640e0200035a000d61757468656e746963617465644c000b617574686f7269746965737400164c6a6176612f7574696c2f436f6c6c656374696f6e3b4c000764657461696c737400124c6a6176612f6c616e672f4f626a6563743b787000737200266a6176612e7574696c2e436f6c6c656374696f6e7324556e6d6f6469666961626c654c697374fc0f2531b5ec8e100200014c00046c6973747400104c6a6176612f7574696c2f4c6973743b7872002c6a6176612e7574696c2e436f6c6c656374696f6e7324556e6d6f6469666961626c65436f6c6c656374696f6e19420080cb5ef71e0200014c00016371007e00047870737200136a6176612e7574696c2e41727261794c6973747881d21d99c7619d03000149000473697a657870000000017704000000017372002b636f6d2e6a617469732e74656d706c6174652e636f6d6d6f6e2e646f6d61696e2e436f6d6d6f6e526f6c654be6a9a5b480d9a80200034c0006726f6c6549647400104c6a6176612f7574696c2f555549443b4c0008726f6c654e616d657400124c6a6176612f6c616e672f537472696e673b4c0006726f6c654e6f71007e000f78707372000e6a6176612e7574696c2e55554944bc9903f7986d852f0200024a000c6c65617374536967426974734a000b6d6f7374536967426974737870b50b61b3ab078ce2febcc8a1d52d454174000b53757065722041646d696e740006526f6c6530317871007e000c707372003a6f72672e737072696e676672616d65776f726b2e73656375726974792e6f61757468322e70726f76696465722e4f41757468325265717565737400000000000000010200075a0008617070726f7665644c000b617574686f72697469657371007e00044c000a657874656e73696f6e7374000f4c6a6176612f7574696c2f4d61703b4c000b726564697265637455726971007e000f4c00077265667265736874003b4c6f72672f737072696e676672616d65776f726b2f73656375726974792f6f61757468322f70726f76696465722f546f6b656e526571756573743b4c000b7265736f7572636549647374000f4c6a6176612f7574696c2f5365743b4c000d726573706f6e7365547970657371007e0018787200386f72672e737072696e676672616d65776f726b2e73656375726974792e6f61757468322e70726f76696465722e426173655265717565737436287a3ea37169bd0200034c0008636c69656e74496471007e000f4c001172657175657374506172616d657465727371007e00164c000573636f706571007e00187870740028737072696e672d73656375726974792d6f61757468322d726561642d77726974652d636c69656e74737200256a6176612e7574696c2e436f6c6c656374696f6e7324556e6d6f6469666961626c654d6170f1a5a8fe74f507420200014c00016d71007e00167870737200116a6176612e7574696c2e486173684d61700507dac1c31660d103000246000a6c6f6164466163746f724900097468726573686f6c6478703f400000000000067708000000080000000374000a6772616e745f7479706574000870617373776f7264740009636c69656e745f6964740028737072696e672d73656375726974792d6f61757468322d726561642d77726974652d636c69656e74740008757365726e616d6574000f61646d696e406a617469732e636f6d78737200256a6176612e7574696c2e436f6c6c656374696f6e7324556e6d6f6469666961626c65536574801d92d18f9b80550200007871007e0009737200176a6176612e7574696c2e4c696e6b656448617368536574d86cd75a95dd2a1e020000787200116a6176612e7574696c2e48617368536574ba44859596b8b7340300007870770c000000103f4000000000000274000472656164740005777269746578017371007e0029770c000000103f40000000000001737200426f72672e737072696e676672616d65776f726b2e73656375726974792e636f72652e617574686f726974792e53696d706c654772616e746564417574686f7269747900000000000001fe0200014c0004726f6c6571007e000f787074000455534552787371007e001e3f40000000000000770800000010000000007870707371007e0029770c000000103f400000000000017400187265736f757263652d7365727665722d726573742d617069787371007e0029770c000000103f40000000000000787372004f6f72672e737072696e676672616d65776f726b2e73656375726974792e61757468656e7469636174696f6e2e557365726e616d6550617373776f726441757468656e7469636174696f6e546f6b656e00000000000001fe0200024c000b63726564656e7469616c7371007e00054c00097072696e636970616c71007e00057871007e0003017371007e00077371007e000b0000000177040000000171007e00107871007e0038737200176a6176612e7574696c2e4c696e6b6564486173684d617034c04e5c106cc0fb0200015a000b6163636573734f726465727871007e001e3f400000000000067708000000080000000371007e002071007e002171007e002271007e002371007e002471007e002578007073720032636f6d2e6a617469732e74656d706c6174652e636f6d6d6f6e2e646f6d61696e2e436f6d6d6f6e5573657244657461696c7300000000000000010200155a000e6163636f756e74457870697265645a000d6163636f756e744c6f636b65645a001263726564656e7469616c73457870697265645a000c64656c6574655374617475735a0007656e61626c65644c000b617574686f72697469657371007e00044c00066272616e636871007e000f4c000963726561746564427971007e000e4c000b6372656174656454696d657400104c6a6176612f7574696c2f446174653b4c000a6469766973696f6e496471007e000e4c000b656d61696c53746174757371007e000f4c000866756c6c4e616d6571007e000f4c00156c61737450617373776f726452657365744461746571007e003c4c000870617373776f726471007e000f4c000673656372657471007e000f4c000975706461746564427971007e000e4c000b7570646174656454696d6571007e003c4c000675736572496471007e000e4c0007757365724e696b71007e000f4c0006757365724e6f71007e000f4c0008757365726e616d6571007e000f787000000000017371007e000b0000000177040000000171007e001078707371007e0011bb56fc35e685794ce9311edd22094afb737200126a6176612e73716c2e54696d657374616d702618d5c80153bf650200014900056e616e6f737872000e6a6176612e7574696c2e44617465686a81014b597419030000787077080000016c715700d87802625a007371007e0011aa33340ea817033ca091eb99d04747fe74000e456d61696c5f566572696669656474000b41646d696e204a617469737074003c2432612431302430617942496c613466307135425349726b56424c7a4f5138364a6e3336416d70667a332f515835566558737379454d7855746f434f707371007e0011b5172f1e41ab3444e7332d59c2854a6d7371007e004077080000016d1969a528783178cb807371007e0011a1f14c0e8b500e96686457ccd6f94c877074000655736572303274000f61646d696e406a617469732e636f6d
\.


--
-- TOC entry 3196 (class 0 OID 3238717)
-- Dependencies: 200
-- Data for Name: scheduler_mst_task; Type: TABLE DATA; Schema: public; Owner: template
--

COPY public.scheduler_mst_task (task_id, active, cls_name, created_by, created_time, cron_expression, delay, description, initial_delay, method, time_unit, time_zone, updated_by, updated_time) FROM stdin;
com.jatis.template.scheduler.task.CleanupExecutionHistoryTask.cleanup	t	com.jatis.template.scheduler.task.CleanupExecutionHistoryTask	\N	2019-11-05 11:08:50.945	0 */2 * * * ?	0	\N	0	cleanup	SECONDS	GMT+7	\N	\N
com.jatis.template.scheduler.task.ATask.doThis	f	com.jatis.template.scheduler.task.ATask	\N	2019-11-04 14:15:40.586	\N	7	Just a task	5	doThis	SECONDS	GMT+7	686457cc-d6f9-4c87-a1f1-4c0e8b500e96	2019-11-04 16:50:51.624
com.jatis.template.scheduler.task.ATask.doLooongRunning	f	com.jatis.template.scheduler.task.ATask	\N	2019-11-05 15:34:33.376	\N	600	Looooonggggg running task	5	doLooongRunning	SECONDS	GMT+7	\N	\N
\.


--
-- TOC entry 3197 (class 0 OID 3238725)
-- Dependencies: 201
-- Data for Name: scheduler_trx_task_exec; Type: TABLE DATA; Schema: public; Owner: template
--

COPY public.scheduler_trx_task_exec (id, end_time, failed, last_message, start_time, task_task_id, requested_by, terminated_by) FROM stdin;
6513af8b-eece-4170-987e-2b95ef90d963	2019-11-21 14:20:00.168	f	Successful	2019-11-21 14:20:00.054	com.jatis.template.scheduler.task.CleanupExecutionHistoryTask.cleanup	\N	\N
2aafaecd-9f62-4fa5-b42c-d59def4b7c3a	2019-11-21 14:22:00.269	f	Successful	2019-11-21 14:22:00.13	com.jatis.template.scheduler.task.CleanupExecutionHistoryTask.cleanup	\N	\N
8783c6d0-4689-4b23-9687-2b484b25322e	2019-11-21 14:24:00.321	f	Successful	2019-11-21 14:24:00.179	com.jatis.template.scheduler.task.CleanupExecutionHistoryTask.cleanup	\N	\N
b5e19aa2-00aa-4f98-8820-6ff74d21f702	2019-11-21 14:26:00.313	f	Successful	2019-11-21 14:26:00.181	com.jatis.template.scheduler.task.CleanupExecutionHistoryTask.cleanup	\N	\N
cdf672bc-61a6-43ef-8959-d14db3586346	2019-11-21 14:28:00.144	f	Successful	2019-11-21 14:28:00.049	com.jatis.template.scheduler.task.CleanupExecutionHistoryTask.cleanup	\N	\N
3abd4b79-d5a0-4fdf-a7a9-3d08da2d1a35	\N	f	69	2019-11-05 16:16:59.671	com.jatis.template.scheduler.task.ATask.doLooongRunning	686457cc-d6f9-4c87-a1f1-4c0e8b500e96	\N
271bab1d-89e5-4b2c-967e-3e56454f6074	2019-11-21 14:18:00.721	f	Successful	2019-11-21 14:18:00.102	com.jatis.template.scheduler.task.CleanupExecutionHistoryTask.cleanup	\N	\N
\.


--
-- TOC entry 3198 (class 0 OID 3238733)
-- Dependencies: 202
-- Data for Name: scheduler_trx_task_exec_dtl; Type: TABLE DATA; Schema: public; Owner: template
--

COPY public.scheduler_trx_task_exec_dtl (id, event_message, event_time, event_type, task_execution_id, exception_message, requested_by) FROM stdin;
5f939718-ce16-4433-806d-6e781bcaedab	Started	2019-11-21 14:20:00.054	STARTED	6513af8b-eece-4170-987e-2b95ef90d963	\N	\N
d1b85351-b5f9-44f9-a735-c31617f3e720	Successful	2019-11-21 14:20:00.168	FINISHED	6513af8b-eece-4170-987e-2b95ef90d963	\N	\N
f6448874-b8b4-4ba0-9428-1aa5469caacf	Started	2019-11-21 14:22:00.13	STARTED	2aafaecd-9f62-4fa5-b42c-d59def4b7c3a	\N	\N
95bf3c5e-ec9b-471b-b977-1954a3e63e1a	Successful	2019-11-21 14:22:00.269	FINISHED	2aafaecd-9f62-4fa5-b42c-d59def4b7c3a	\N	\N
3d210453-cbbb-4070-b4af-b436909cd0dc	Started	2019-11-21 14:24:00.179	STARTED	8783c6d0-4689-4b23-9687-2b484b25322e	\N	\N
e6ce5724-489d-4819-9ad7-ff20eb0a52b7	Successful	2019-11-21 14:24:00.321	FINISHED	8783c6d0-4689-4b23-9687-2b484b25322e	\N	\N
f2ab52da-e429-4cc3-ae38-c71d9e9e5201	Started	2019-11-21 14:26:00.181	STARTED	b5e19aa2-00aa-4f98-8820-6ff74d21f702	\N	\N
b6abccb0-f53d-43af-97b3-0d75f9a947fd	Successful	2019-11-21 14:26:00.313	FINISHED	b5e19aa2-00aa-4f98-8820-6ff74d21f702	\N	\N
8b39c596-bd24-496d-ba8f-a541855f1a17	Started	2019-11-21 14:28:00.049	STARTED	cdf672bc-61a6-43ef-8959-d14db3586346	\N	\N
5445d22d-3e3f-4321-a046-96f0c585de93	Successful	2019-11-21 14:28:00.144	FINISHED	cdf672bc-61a6-43ef-8959-d14db3586346	\N	\N
91432ce6-bc84-4442-b5f7-e83b601815d7	Started	2019-11-05 16:16:59.671	STARTED	3abd4b79-d5a0-4fdf-a7a9-3d08da2d1a35	\N	686457cc-d6f9-4c87-a1f1-4c0e8b500e96
bd788839-b168-4b09-b63d-2b7c23a11fa3	0	2019-11-05 16:16:59.738	IN_PROGRESS	3abd4b79-d5a0-4fdf-a7a9-3d08da2d1a35	\N	\N
7169a1d6-a07a-4146-bd1b-3d582dcd4bdd	1	2019-11-05 16:17:00.883	IN_PROGRESS	3abd4b79-d5a0-4fdf-a7a9-3d08da2d1a35	\N	\N
ec61b72d-020a-4cc6-af63-61029c4a22a9	2	2019-11-05 16:17:01.975	IN_PROGRESS	3abd4b79-d5a0-4fdf-a7a9-3d08da2d1a35	\N	\N
0a7893eb-b88e-4ae9-9ec8-20f762158685	3	2019-11-05 16:17:03.118	IN_PROGRESS	3abd4b79-d5a0-4fdf-a7a9-3d08da2d1a35	\N	\N
2c5b3961-edfa-4967-a04b-43c1e87c2380	4	2019-11-05 16:17:04.294	IN_PROGRESS	3abd4b79-d5a0-4fdf-a7a9-3d08da2d1a35	\N	\N
50e2cf0a-953a-49a8-a41a-8f84ee3d3c64	5	2019-11-05 16:17:05.414	IN_PROGRESS	3abd4b79-d5a0-4fdf-a7a9-3d08da2d1a35	\N	\N
82186979-abe6-4a2b-ae83-a342c0d157e0	6	2019-11-05 16:17:06.542	IN_PROGRESS	3abd4b79-d5a0-4fdf-a7a9-3d08da2d1a35	\N	\N
5c5effd7-3a35-44f8-a572-439bcbf680e2	7	2019-11-05 16:17:07.71	IN_PROGRESS	3abd4b79-d5a0-4fdf-a7a9-3d08da2d1a35	\N	\N
cae9adbf-dbc0-495a-bdaf-0ef25385854c	8	2019-11-05 16:17:08.858	IN_PROGRESS	3abd4b79-d5a0-4fdf-a7a9-3d08da2d1a35	\N	\N
4b7db284-4dd4-467d-b827-b0f5276ea2aa	9	2019-11-05 16:17:10.001	IN_PROGRESS	3abd4b79-d5a0-4fdf-a7a9-3d08da2d1a35	\N	\N
67a07dae-973c-45da-ac59-5754443959b4	10	2019-11-05 16:17:11.134	IN_PROGRESS	3abd4b79-d5a0-4fdf-a7a9-3d08da2d1a35	\N	\N
15f5038b-8804-4ae5-8946-7d57aac8969b	11	2019-11-05 16:17:12.232	IN_PROGRESS	3abd4b79-d5a0-4fdf-a7a9-3d08da2d1a35	\N	\N
78dd611f-5593-45d6-8fa8-154bdfb991de	12	2019-11-05 16:17:13.399	IN_PROGRESS	3abd4b79-d5a0-4fdf-a7a9-3d08da2d1a35	\N	\N
45c6d7dc-2e37-4758-bd76-7da4671b6eaa	13	2019-11-05 16:17:14.493	IN_PROGRESS	3abd4b79-d5a0-4fdf-a7a9-3d08da2d1a35	\N	\N
af887386-0e26-491e-9d21-b8f43a64553b	14	2019-11-05 16:17:15.642	IN_PROGRESS	3abd4b79-d5a0-4fdf-a7a9-3d08da2d1a35	\N	\N
7f1bf091-3507-443f-ae7f-d64dcaa3a45d	15	2019-11-05 16:17:16.794	IN_PROGRESS	3abd4b79-d5a0-4fdf-a7a9-3d08da2d1a35	\N	\N
9e665f7a-aab7-4110-8de3-e7b496cefbc7	16	2019-11-05 16:17:18.006	IN_PROGRESS	3abd4b79-d5a0-4fdf-a7a9-3d08da2d1a35	\N	\N
4e50fcd8-0c66-496d-8180-1afdbc289d11	17	2019-11-05 16:17:19.17	IN_PROGRESS	3abd4b79-d5a0-4fdf-a7a9-3d08da2d1a35	\N	\N
6c16d9be-f976-4130-92ec-b73023c1fb92	18	2019-11-05 16:17:20.277	IN_PROGRESS	3abd4b79-d5a0-4fdf-a7a9-3d08da2d1a35	\N	\N
a256ed5d-13b2-4d3f-a7ae-33ba8245c681	19	2019-11-05 16:17:21.373	IN_PROGRESS	3abd4b79-d5a0-4fdf-a7a9-3d08da2d1a35	\N	\N
636a26d5-de5c-4a2a-9f87-aa1f39048868	20	2019-11-05 16:17:22.553	IN_PROGRESS	3abd4b79-d5a0-4fdf-a7a9-3d08da2d1a35	\N	\N
dae00a2f-a487-4123-a0ff-11bb3bc840fc	21	2019-11-05 16:17:23.726	IN_PROGRESS	3abd4b79-d5a0-4fdf-a7a9-3d08da2d1a35	\N	\N
0378b6c9-ec11-456d-8f19-405a21245437	22	2019-11-05 16:17:24.885	IN_PROGRESS	3abd4b79-d5a0-4fdf-a7a9-3d08da2d1a35	\N	\N
79b98c14-d7ad-4135-be65-72534b03424d	23	2019-11-05 16:17:26.187	IN_PROGRESS	3abd4b79-d5a0-4fdf-a7a9-3d08da2d1a35	\N	\N
9455c834-763a-4fda-90ee-8c7b5899e6a1	24	2019-11-05 16:17:27.343	IN_PROGRESS	3abd4b79-d5a0-4fdf-a7a9-3d08da2d1a35	\N	\N
9cbf7eaf-5546-4a85-9b2d-22df294948b9	25	2019-11-05 16:17:28.508	IN_PROGRESS	3abd4b79-d5a0-4fdf-a7a9-3d08da2d1a35	\N	\N
af94754f-6d5d-4a1e-80af-edc673a83dce	26	2019-11-05 16:17:29.641	IN_PROGRESS	3abd4b79-d5a0-4fdf-a7a9-3d08da2d1a35	\N	\N
51780cf5-1d4b-4ab2-baa3-ce26ea9a5ca9	27	2019-11-05 16:17:30.847	IN_PROGRESS	3abd4b79-d5a0-4fdf-a7a9-3d08da2d1a35	\N	\N
e02aac29-0481-4bd5-8c9e-f2ca55db760f	28	2019-11-05 16:17:31.926	IN_PROGRESS	3abd4b79-d5a0-4fdf-a7a9-3d08da2d1a35	\N	\N
68adea7e-4b1f-488b-98dc-1a10b09f8d25	29	2019-11-05 16:17:33.071	IN_PROGRESS	3abd4b79-d5a0-4fdf-a7a9-3d08da2d1a35	\N	\N
b2781e3c-1f5c-4c0a-935b-ea105b2a7175	30	2019-11-05 16:17:34.213	IN_PROGRESS	3abd4b79-d5a0-4fdf-a7a9-3d08da2d1a35	\N	\N
8c447d3c-0530-4a05-bdba-7c03eac738e0	31	2019-11-05 16:17:35.378	IN_PROGRESS	3abd4b79-d5a0-4fdf-a7a9-3d08da2d1a35	\N	\N
983d3579-6771-4235-bad6-b667bef93170	32	2019-11-05 16:17:36.623	IN_PROGRESS	3abd4b79-d5a0-4fdf-a7a9-3d08da2d1a35	\N	\N
647abd96-29fd-4b04-87ee-5483c1451c5d	33	2019-11-05 16:17:37.71	IN_PROGRESS	3abd4b79-d5a0-4fdf-a7a9-3d08da2d1a35	\N	\N
33f2aba5-f4d5-4914-8a48-6e2d93b0cc0f	34	2019-11-05 16:17:38.951	IN_PROGRESS	3abd4b79-d5a0-4fdf-a7a9-3d08da2d1a35	\N	\N
63645251-da50-46c8-893c-6696fca2bd3c	35	2019-11-05 16:17:40.055	IN_PROGRESS	3abd4b79-d5a0-4fdf-a7a9-3d08da2d1a35	\N	\N
50b447cb-3061-4398-bb92-c17603e4040d	36	2019-11-05 16:17:41.243	IN_PROGRESS	3abd4b79-d5a0-4fdf-a7a9-3d08da2d1a35	\N	\N
e69bb1fd-c73c-45bb-a8c9-7321db4c2dec	37	2019-11-05 16:17:42.346	IN_PROGRESS	3abd4b79-d5a0-4fdf-a7a9-3d08da2d1a35	\N	\N
dada83ef-1702-43a3-b864-2d5778d199f7	38	2019-11-05 16:17:43.549	IN_PROGRESS	3abd4b79-d5a0-4fdf-a7a9-3d08da2d1a35	\N	\N
ac3d4c51-e399-4c89-96d2-0325cadaffaa	39	2019-11-05 16:17:44.756	IN_PROGRESS	3abd4b79-d5a0-4fdf-a7a9-3d08da2d1a35	\N	\N
20d3a225-37a9-47e8-95b6-aa0d7dd0e145	40	2019-11-05 16:17:45.851	IN_PROGRESS	3abd4b79-d5a0-4fdf-a7a9-3d08da2d1a35	\N	\N
e4ea3409-6217-4086-aa74-622cc3b87048	41	2019-11-05 16:17:47.023	IN_PROGRESS	3abd4b79-d5a0-4fdf-a7a9-3d08da2d1a35	\N	\N
0ab7babe-3ff0-4d7a-a9f7-b3fa3394365e	42	2019-11-05 16:17:48.531	IN_PROGRESS	3abd4b79-d5a0-4fdf-a7a9-3d08da2d1a35	\N	\N
b5182056-1045-41b1-bfa1-d6a9c9e091cf	43	2019-11-05 16:17:49.778	IN_PROGRESS	3abd4b79-d5a0-4fdf-a7a9-3d08da2d1a35	\N	\N
744660dc-c28d-482e-990b-4d3551b72fca	44	2019-11-05 16:17:50.921	IN_PROGRESS	3abd4b79-d5a0-4fdf-a7a9-3d08da2d1a35	\N	\N
0e215305-08d2-497c-81e2-87be42030e6f	45	2019-11-05 16:17:52.021	IN_PROGRESS	3abd4b79-d5a0-4fdf-a7a9-3d08da2d1a35	\N	\N
0672d634-cb1a-4abd-b354-98ef824d5991	46	2019-11-05 16:17:53.217	IN_PROGRESS	3abd4b79-d5a0-4fdf-a7a9-3d08da2d1a35	\N	\N
da006826-f7e4-40ee-ac88-bca0998458e9	47	2019-11-05 16:17:54.321	IN_PROGRESS	3abd4b79-d5a0-4fdf-a7a9-3d08da2d1a35	\N	\N
d0e710d6-fd95-490d-a452-19d45bdb0842	48	2019-11-05 16:17:55.382	IN_PROGRESS	3abd4b79-d5a0-4fdf-a7a9-3d08da2d1a35	\N	\N
df5f3cf2-de13-4611-a5c5-1c38659fdac5	49	2019-11-05 16:17:56.478	IN_PROGRESS	3abd4b79-d5a0-4fdf-a7a9-3d08da2d1a35	\N	\N
61fd2157-f366-4be7-aab5-74d1afd7314e	50	2019-11-05 16:17:57.623	IN_PROGRESS	3abd4b79-d5a0-4fdf-a7a9-3d08da2d1a35	\N	\N
7a92226e-5462-4bc1-963b-b75833b978d9	51	2019-11-05 16:17:58.804	IN_PROGRESS	3abd4b79-d5a0-4fdf-a7a9-3d08da2d1a35	\N	\N
592dfd20-ae46-447d-b4bc-0d577a9dbaee	52	2019-11-05 16:17:59.909	IN_PROGRESS	3abd4b79-d5a0-4fdf-a7a9-3d08da2d1a35	\N	\N
7e6c5a7a-9f00-4f94-bb69-aea681fc91a8	53	2019-11-05 16:18:01.027	IN_PROGRESS	3abd4b79-d5a0-4fdf-a7a9-3d08da2d1a35	\N	\N
5f48d1e3-f301-4626-a519-c1997719eb09	54	2019-11-05 16:18:02.201	IN_PROGRESS	3abd4b79-d5a0-4fdf-a7a9-3d08da2d1a35	\N	\N
e5fce407-12ff-4f23-b44d-afea3899cd24	55	2019-11-05 16:18:03.374	IN_PROGRESS	3abd4b79-d5a0-4fdf-a7a9-3d08da2d1a35	\N	\N
228044b1-dc65-41b9-841d-175aaaf259e3	56	2019-11-05 16:18:04.462	IN_PROGRESS	3abd4b79-d5a0-4fdf-a7a9-3d08da2d1a35	\N	\N
ce595fff-8915-4cb7-927c-6ae7ad39e8ad	57	2019-11-05 16:18:05.592	IN_PROGRESS	3abd4b79-d5a0-4fdf-a7a9-3d08da2d1a35	\N	\N
85b13b3e-2a4b-4195-acde-3bc2c94eed72	58	2019-11-05 16:18:06.699	IN_PROGRESS	3abd4b79-d5a0-4fdf-a7a9-3d08da2d1a35	\N	\N
5a1ebd78-e7d5-4bff-b29a-57dbb5791b94	59	2019-11-05 16:18:07.818	IN_PROGRESS	3abd4b79-d5a0-4fdf-a7a9-3d08da2d1a35	\N	\N
f2993d63-59ea-4740-9e1f-d4c681c5080e	60	2019-11-05 16:18:08.976	IN_PROGRESS	3abd4b79-d5a0-4fdf-a7a9-3d08da2d1a35	\N	\N
fa9410e6-40e6-4a4a-9081-007be3311b46	61	2019-11-05 16:18:10.087	IN_PROGRESS	3abd4b79-d5a0-4fdf-a7a9-3d08da2d1a35	\N	\N
8a949636-5cba-4640-8ec1-ff7a8a53e581	62	2019-11-05 16:18:11.295	IN_PROGRESS	3abd4b79-d5a0-4fdf-a7a9-3d08da2d1a35	\N	\N
dacdfdf8-e026-4d0f-b5f8-54a219b56696	63	2019-11-05 16:18:12.377	IN_PROGRESS	3abd4b79-d5a0-4fdf-a7a9-3d08da2d1a35	\N	\N
4c3a5c88-ace4-4a16-b4ac-4e43c3377569	64	2019-11-05 16:18:13.517	IN_PROGRESS	3abd4b79-d5a0-4fdf-a7a9-3d08da2d1a35	\N	\N
5968fb6b-a820-4753-801d-7d98d8d99c11	65	2019-11-05 16:18:14.651	IN_PROGRESS	3abd4b79-d5a0-4fdf-a7a9-3d08da2d1a35	\N	\N
e068812a-0d23-44aa-91ea-b61116937eb9	66	2019-11-05 16:18:15.8	IN_PROGRESS	3abd4b79-d5a0-4fdf-a7a9-3d08da2d1a35	\N	\N
ae063822-5116-4372-a7be-f6832245b35c	67	2019-11-05 16:18:16.98	IN_PROGRESS	3abd4b79-d5a0-4fdf-a7a9-3d08da2d1a35	\N	\N
1ebe1a58-fb00-4798-8eff-d554daab5357	68	2019-11-05 16:18:18.054	IN_PROGRESS	3abd4b79-d5a0-4fdf-a7a9-3d08da2d1a35	\N	\N
76b1bbe2-2984-4f14-aaff-0a4595436d64	69	2019-11-05 16:18:19.114	IN_PROGRESS	3abd4b79-d5a0-4fdf-a7a9-3d08da2d1a35	\N	\N
17c8ad2b-f242-40da-81bc-83a06c7a8eb1	Started	2019-11-21 14:18:00.102	STARTED	271bab1d-89e5-4b2c-967e-3e56454f6074	\N	\N
93e45369-6495-43f8-9292-006fa6834c33	Successful	2019-11-21 14:18:00.721	FINISHED	271bab1d-89e5-4b2c-967e-3e56454f6074	\N	\N
\.


--
-- TOC entry 3199 (class 0 OID 3239475)
-- Dependencies: 203
-- Data for Name: upl_template; Type: TABLE DATA; Schema: public; Owner: template
--

COPY public.upl_template (upload_template_id, active_status, created_by, created_time, link, updated_by, updated_time, upload_code, upload_desc) FROM stdin;
\.


--
-- TOC entry 3193 (class 0 OID 3230826)
-- Dependencies: 197
-- Data for Name: upl_upload; Type: TABLE DATA; Schema: public; Owner: template
--

COPY public.upl_upload (upload_id, upload_type, used_by, self_link, media_link, file_name, created_by, created_time) FROM stdin;
768c812d-4077-4c26-8e54-6848fb2a6fbd	Media	Customer	http://192.168.90.24/template-images-data/f8e27d67-489b-4112-b3dc-f91ea3bc662d.png	http://192.168.90.24/template-images-data/f8e27d67-489b-4112-b3dc-f91ea3bc662d.png	f8e27d67-489b-4112-b3dc-f91ea3bc662d.png	\N	2019-09-10
a3bf337e-ca06-4ea8-8375-717054f0bcc7	Media	Customer	http://192.168.90.24/template-images-data/500e21aa-14d3-4247-b550-ca21e4edea3e.png	http://192.168.90.24/template-images-data/500e21aa-14d3-4247-b550-ca21e4edea3e.png	500e21aa-14d3-4247-b550-ca21e4edea3epng	\N	2019-09-10
4ecde993-b9e0-4450-9242-d8c9e63a0284	Media	Customer	http://192.168.90.24/template-images-data/4fd88b19-07d1-4846-8161-09a2710a0c41.jpeg	http://192.168.90.24/template-images-data/4fd88b19-07d1-4846-8161-09a2710a0c41.jpeg	4fd88b19-07d1-4846-8161-09a2710a0c41.jpeg	\N	2019-09-12
7b86a850-f005-4aae-b8d8-b328b54b5789	Media	Customer	http://192.168.90.24/template-images-data/04da9e46-38cc-4f73-ba9b-8abee3139262.jpeg	http://192.168.90.24/template-images-data/04da9e46-38cc-4f73-ba9b-8abee3139262.jpeg	04da9e46-38cc-4f73-ba9b-8abee3139262.jpeg	\N	2019-09-12
111b250e-3d49-40a4-8fc2-6010b98e096c	Media	Customer	http://192.168.90.24/template-images-data/f48ee4a6-5aca-4756-a7fa-33cb8f47a495.jpeg	http://192.168.90.24/template-images-data/f48ee4a6-5aca-4756-a7fa-33cb8f47a495.jpeg	f48ee4a6-5aca-4756-a7fa-33cb8f47a495.jpeg	\N	2019-09-16
fd34c035-6ccb-46df-a6f4-5cf5487ba397	Media	Customer	http://192.168.90.24/template-images-data/3b954b0a-e038-46a8-8265-390e9b6b015f.png	http://192.168.90.24/template-images-data/3b954b0a-e038-46a8-8265-390e9b6b015f.png	3b954b0a-e038-46a8-8265-390e9b6b015f.png	\N	2019-09-17
f5497f4c-3cd5-4acb-98e1-7384d48103bd	Media	Customer	http://192.168.90.24/template-images-data/62e36c4e-45c8-47dd-9d66-11f71850783c.png	http://192.168.90.24/template-images-data/62e36c4e-45c8-47dd-9d66-11f71850783c.png	62e36c4e-45c8-47dd-9d66-11f71850783c.png	\N	2019-09-20
96f75abc-dfe6-439b-9d55-21865beeb4a0	Media	Customer	http://192.168.90.24/template-images-data/75198604-8b72-4b79-b59f-2c4db814b0e6.jpeg	http://192.168.90.24/template-images-data/75198604-8b72-4b79-b59f-2c4db814b0e6.jpeg	75198604-8b72-4b79-b59f-2c4db814b0e6.jpeg	\N	2019-09-20
6642786b-a524-4d2d-b969-ce0b8c891911	Media	Customer	http://192.168.90.24/template-images-data/07b74263-aec8-4a6c-afb5-9fa513f6bdcc.jpeg	http://192.168.90.24/template-images-data/07b74263-aec8-4a6c-afb5-9fa513f6bdcc.jpeg	07b74263-aec8-4a6c-afb5-9fa513f6bdcc.jpeg	\N	2019-09-20
e6e6c7a7-71c5-4296-9ecf-03e465afc550	Media	Customer	http://192.168.90.24/template-images-data/5b4e54f6-ca90-4c05-b254-58f00d0e058c.png	http://192.168.90.24/template-images-data/5b4e54f6-ca90-4c05-b254-58f00d0e058c.png	5b4e54f6-ca90-4c05-b254-58f00d0e058c.png	\N	2019-09-24
4dc3083d-3ea3-4edc-8b79-9778dbb2f4c0	Media	Customer	http://192.168.90.24/template-images-data/27372b51-48e7-4cf4-93b3-cc9c3931977d.png	http://192.168.90.24/template-images-data/27372b51-48e7-4cf4-93b3-cc9c3931977d.png	27372b51-48e7-4cf4-93b3-cc9c3931977d.png	\N	2019-09-24
754a5b06-be22-4ce6-b2ad-b90ca0ebded9	Media	Customer	http://192.168.90.24/template-images-data/538d517d-0e4d-4527-84fe-dbef0bda5911.jpeg	http://192.168.90.24/template-images-data/538d517d-0e4d-4527-84fe-dbef0bda5911.jpeg	538d517d-0e4d-4527-84fe-dbef0bda5911.jpeg	\N	2019-09-27
\.


--
-- TOC entry 3192 (class 0 OID 3227273)
-- Dependencies: 196
-- Data for Name: upl_validation; Type: TABLE DATA; Schema: public; Owner: template
--

COPY public.upl_validation (upload_val_id, upload_template_id, col_name, col_type, col_mandatory, col_length, sample, created_by, created_time, updated_by, updated_time, col_number, col_primary) FROM stdin;
45467f80-582c-406f-91f2-66c3863cfb25	68e60613-2cf8-4a19-8dcc-1720d8c9400a	config_value	String	t	\N	30	c67bfe0d-6c77-44bc-9e06-22a3dccc670b	\N	c67bfe0d-6c77-44bc-9e06-22a3dccc670b	\N	\N	f
c670320d-6078-4890-976a-88805a7dc965	e446fc29-00ae-4759-b1b5-f3bb1b27bb98	fullName	String	t	100	Aulia Rahman	c67bfe0d-6c77-44bc-9e06-22a3dccc670b	\N	c67bfe0d-6c77-44bc-9e06-22a3dccc670b	\N	1	f
f86be1b3-a4b9-4210-9f58-07960a4050fe	e446fc29-00ae-4759-b1b5-f3bb1b27bb98	identityAddress	String	t	255	Jalan Kelapa gading No.1 Jakarta	c67bfe0d-6c77-44bc-9e06-22a3dccc670b	\N	c67bfe0d-6c77-44bc-9e06-22a3dccc670b	\N	7	f
458863a1-c468-40e9-8414-1720a08c4c6b	68e60613-2cf8-4a19-8dcc-1720d8c9400a	config_type	String	t	50	System	c67bfe0d-6c77-44bc-9e06-22a3dccc670b	\N	c67bfe0d-6c77-44bc-9e06-22a3dccc670b	\N	\N	f
b0b83046-993d-436c-9cf0-6701a595e182	e446fc29-00ae-4759-b1b5-f3bb1b27bb98	bankAccountName	String	t	100	Aulia	c67bfe0d-6c77-44bc-9e06-22a3dccc670b	\N	c67bfe0d-6c77-44bc-9e06-22a3dccc670b	\N	12	f
78707a67-03e5-4f49-a7af-e4a100fb2385	e446fc29-00ae-4759-b1b5-f3bb1b27bb98	bankName	String	t	100	Bank Example	c67bfe0d-6c77-44bc-9e06-22a3dccc670b	\N	c67bfe0d-6c77-44bc-9e06-22a3dccc670b	\N	9	f
deb9d4a3-496a-49bd-9f16-c0af8df5f1c9	68e60613-2cf8-4a19-8dcc-1720d8c9400a	config_name	String	t	150	SESSION_TIME_OUT	c67bfe0d-6c77-44bc-9e06-22a3dccc670b	\N	c67bfe0d-6c77-44bc-9e06-22a3dccc670b	\N	\N	f
45119e3e-31d0-4063-bbd8-29f6d7a37385	68e60613-2cf8-4a19-8dcc-1720d8c9400a	remarks	String	f	150	Session timeout in minute	c67bfe0d-6c77-44bc-9e06-22a3dccc670b	\N	c67bfe0d-6c77-44bc-9e06-22a3dccc670b	\N	\N	f
cbecf3ac-2424-45d4-9ed7-75f1fe5dec72	6d50deee-7c82-4505-80d3-a1c218ffd090	date_of_birth	Date	f	\N	1/1/2000	c67bfe0d-6c77-44bc-9e06-22a3dccc670b	\N	c67bfe0d-6c77-44bc-9e06-22a3dccc670b	\N	\N	f
33e199e5-5b0a-4f7b-ba85-7f4717397a08	68e60613-2cf8-4a19-8dcc-1720d8c9400a	config_category	String	t	100	LOGIN	c67bfe0d-6c77-44bc-9e06-22a3dccc670b	\N	c67bfe0d-6c77-44bc-9e06-22a3dccc670b	\N	\N	f
e53ff55e-9711-47bf-91ed-bf0f0f6b7e72	68e60613-2cf8-4a19-8dcc-1720d8c9400a	active_status	boolean	f	\N	true	c67bfe0d-6c77-44bc-9e06-22a3dccc670b	\N	c67bfe0d-6c77-44bc-9e06-22a3dccc670b	\N	\N	f
b6a02a4c-a724-4554-baa2-eaeab8481524	e446fc29-00ae-4759-b1b5-f3bb1b27bb98	dateOfBirth	Date	t	10	01/01/2000	c67bfe0d-6c77-44bc-9e06-22a3dccc670b	\N	c67bfe0d-6c77-44bc-9e06-22a3dccc670b	\N	4	f
f18ef8ce-4787-4fe6-8ab8-0e5d1332f334	e446fc29-00ae-4759-b1b5-f3bb1b27bb98	bankBranchName	String	t	100	Bank Example Barat	c67bfe0d-6c77-44bc-9e06-22a3dccc670b	\N	c67bfe0d-6c77-44bc-9e06-22a3dccc670b	\N	10	f
e638ea71-c6bc-4598-b6dc-22f8ec72df31	e446fc29-00ae-4759-b1b5-f3bb1b27bb98	identityImage	String	t	255	auliaid.jpg	c67bfe0d-6c77-44bc-9e06-22a3dccc670b	\N	c67bfe0d-6c77-44bc-9e06-22a3dccc670b	\N	13	f
c4aa3fcc-117a-497f-82a2-f34f54831a82	e446fc29-00ae-4759-b1b5-f3bb1b27bb98	bankAccountNumber	String	t	50	1234567890123450	c67bfe0d-6c77-44bc-9e06-22a3dccc670b	\N	c67bfe0d-6c77-44bc-9e06-22a3dccc670b	\N	11	f
37cf235b-f6a8-4aa7-98f3-c951c2661edf	e446fc29-00ae-4759-b1b5-f3bb1b27bb98	currentAddress	String	t	255	Jalan Kelapa gading No.1 Jakarta	c67bfe0d-6c77-44bc-9e06-22a3dccc670b	\N	c67bfe0d-6c77-44bc-9e06-22a3dccc670b	\N	8	f
266690a7-985c-4566-bbf5-7cf2aa4cb151	e446fc29-00ae-4759-b1b5-f3bb1b27bb98	identityNumber	String	t	16	1234567891234560	c67bfe0d-6c77-44bc-9e06-22a3dccc670b	\N	c67bfe0d-6c77-44bc-9e06-22a3dccc670b	\N	6	t
7ebcac28-be72-4463-8a2c-2eb4d5d40f2c	e446fc29-00ae-4759-b1b5-f3bb1b27bb98	emailAddress	Email	t	100	aulia@rahman.com	c67bfe0d-6c77-44bc-9e06-22a3dccc670b	\N	c67bfe0d-6c77-44bc-9e06-22a3dccc670b	\N	2	t
bf46f205-7d8e-437a-a54d-08185e34d6cc	e446fc29-00ae-4759-b1b5-f3bb1b27bb98	nationality	Enum	t	3	WNI	c67bfe0d-6c77-44bc-9e06-22a3dccc670b	\N	c67bfe0d-6c77-44bc-9e06-22a3dccc670b	\N	3	f
c860e66e-5769-43af-be01-b3de4fe18e05	e446fc29-00ae-4759-b1b5-f3bb1b27bb98	phoneNumber	String	t	20	+6281234567890	c67bfe0d-6c77-44bc-9e06-22a3dccc670b	\N	c67bfe0d-6c77-44bc-9e06-22a3dccc670b	\N	5	f
5cf3a03c-d2e3-4b6d-95b3-33a0a7931235	e446fc29-00ae-4759-b1b5-f3bb1b27bb98	phoneCode	String	t	5	+62	c67bfe0d-6c77-44bc-9e06-22a3dccc670b	\N	c67bfe0d-6c77-44bc-9e06-22a3dccc670b	\N	14	f
\.


--
-- TOC entry 3184 (class 0 OID 3169999)
-- Dependencies: 188
-- Data for Name: usr_priviledge; Type: TABLE DATA; Schema: public; Owner: template
--

COPY public.usr_priviledge (priv_id, menu, created, view, edit, active_status, created_time, updated_by, updated_time, delete, created_by, parent_menu, menu_no) FROM stdin;
fb65e112-c88d-11e9-a32f-2a2ae2dbcce4	Customer	t	t	t	t	\N	\N	2019-09-25 16:22:27.94	t	7ab5d63a-c419-4f77-809e-13c0eb9b2c1b	Master Data	Menu06
c52889b1-ce85-4f44-bf61-fdd51f66a1cd	Menu	t	t	t	t	\N	02c1c5e0-1a28-4d20-a365-1494d3cdd8ef	2019-08-20 20:31:19.032	t	7ab5d63a-c419-4f77-809e-13c0eb9b2c1b	Setting	Menu01
3be0ccd4-c88e-11e9-a32f-2a2ae2dbcce4	General Download	t	t	t	t	\N	c2899ff1-9373-456c-aa73-620a4848ce3a	2019-09-02 16:39:07.283	t	7ab5d63a-c419-4f77-809e-13c0eb9b2c1b	Upload and Download	Menu08
58b885fa-c88d-11e9-a32f-2a2ae2dbcce4	System Parameter	t	t	t	t	\N	c2899ff1-9373-456c-aa73-620a4848ce3a	2019-09-02 16:39:20.139	t	7ab5d63a-c419-4f77-809e-13c0eb9b2c1b	Setting	Menu04
cf9e1932-2b20-4b63-ae15-5bbc4d8c80b8	Customer Report	t	t	t	t	\N	c2899ff1-9373-456c-aa73-620a4848ce3a	2019-09-02 16:39:27.643	t	7ab5d63a-c419-4f77-809e-13c0eb9b2c1b	Report	Menu09
ba219f07-9252-4d34-b716-111b99bbc3ff	Customer Detail Report	t	t	t	t	\N	c2899ff1-9373-456c-aa73-620a4848ce3a	2019-09-02 16:39:27.643	t	7ab5d63a-c419-4f77-809e-13c0eb9b2c1b	Report	Menu10
b26027e0-a726-4e1d-b6c4-5daa2c9f63e0	Holiday Setting	t	t	t	t	\N	c2899ff1-9373-456c-aa73-620a4848ce3a	2019-09-02 16:39:27.643	t	7ab5d63a-c419-4f77-809e-13c0eb9b2c1b	Setting	Menu11
4a6c6de7-6978-45a5-acf0-4b61dee7825d	Scheduler	t	t	t	t	\N	c2899ff1-9373-456c-aa73-620a4848ce3a	2019-09-02 16:39:27.643	t	7ab5d63a-c419-4f77-809e-13c0eb9b2c1b	Setting	Menu12
04551342-c88e-11e9-a32f-2a2ae2dbcce4	General Upload	t	t	t	t	\N	c2899ff1-9373-456c-aa73-620a4848ce3a	2019-09-09 11:58:34.102	t	7ab5d63a-c419-4f77-809e-13c0eb9b2c1b	Upload and Download	Menu07
c77fd858-c88d-11e9-a32f-2a2ae2dbcce4	Business Parameter	t	t	t	t	\N	\N	2019-09-25 16:22:16.774	t	7ab5d63a-c419-4f77-809e-13c0eb9b2c1b	Setting	Menu05
ea4acf4c-c6a4-4821-8f2b-8dfed1341de8	Role	t	t	t	t	\N	c2899ff1-9373-456c-aa73-620a4848ce3a	2019-09-02 16:39:24.378	t	7ab5d63a-c419-4f77-809e-13c0eb9b2c1b	Master Data	Menu03
0338070d-cae6-4fdc-aafd-f8260c44115d	Test	f	f	t	t	\N	\N	2019-10-24 14:48:57.697	f	7ab5d63a-c419-4f77-809e-13c0eb9b2c1b	Master Data	Menu99
f156a4b6-3830-4d02-8d86-90dfba29eb62	User	t	t	t	t	\N	\N	2019-10-25 10:12:04.439	f	7ab5d63a-c419-4f77-809e-13c0eb9b2c1b	Master Data	Menu02
\.


--
-- TOC entry 3185 (class 0 OID 3170007)
-- Dependencies: 189
-- Data for Name: usr_role; Type: TABLE DATA; Schema: public; Owner: template
--

COPY public.usr_role (role_id, role_name, active_status, role_no, delete_status, created_by, created_time, updated_by, updated_time) FROM stdin;
d3f779c6-41b0-493b-a29a-c2f56efdd814	Penjualan	f	Role41	t	7e9d9cca-8988-4321-bd3e-f6d5375e23dd	2019-08-22 20:22:22.791	7e9d9cca-8988-4321-bd3e-f6d5375e23dd	2019-08-22 20:22:32.787
6ba6778a-4af8-48e8-8192-cb672a19ee4a	SUPERSEKALI	f	Role14	t	\N	\N	\N	\N
0c4ad795-420e-49a7-a418-18b2b62e5c55	Human Resource Development	t	Role16	f	686457cc-d6f9-4c87-a1f1-4c0e8b500e96	2019-08-20 16:58:44.884	\N	\N
d821429f-d5f0-485b-9329-a90952021e12	testing alwan	f	Role09	t	\N	\N	02c1c5e0-1a28-4d20-a365-1494d3cdd8ef	2019-08-20 20:29:13.863
b2a1b795-9a5b-4386-8217-fe82eb3d59e0	Accounting(alwan)	f	Role08	t	\N	\N	02c1c5e0-1a28-4d20-a365-1494d3cdd8ef	2019-08-20 20:29:21.826
0075188c-3c8a-462d-a900-df1076619331	TestHapus123456	t	Role17	t	\N	2019-08-20 17:45:56.074	02c1c5e0-1a28-4d20-a365-1494d3cdd8ef	2019-08-20 20:29:40.249
b5cba5e4-948c-44c7-8cb5-699d64441920	TestHapus	t	Role04	t	\N	\N	02c1c5e0-1a28-4d20-a365-1494d3cdd8ef	2019-08-21 16:58:53.406
6ad96c7a-8a41-457f-ab26-aca910aac8c2	Role	t	Role18	t	02c1c5e0-1a28-4d20-a365-1494d3cdd8ef	2019-08-21 17:40:03.29	02c1c5e0-1a28-4d20-a365-1494d3cdd8ef	2019-08-21 17:40:21.404
aa7eb5f7-9b09-4eb6-b9b7-8727c1f9713c	alwan punya testing	t	Role19	t	02c1c5e0-1a28-4d20-a365-1494d3cdd8ef	2019-08-21 17:55:07.236	02c1c5e0-1a28-4d20-a365-1494d3cdd8ef	2019-08-21 17:57:03.972
1a410d6b-acec-489f-8e70-4aaf363b26d9	role g	f	Role36	t	686457cc-d6f9-4c87-a1f1-4c0e8b500e96	2019-08-22 17:10:15.335	02c1c5e0-1a28-4d20-a365-1494d3cdd8ef	2019-08-23 19:31:38.93
779c6a4c-5cfe-467a-a07e-60a7b8a18239	22agustus2019	f	Role22	t	\N	2019-08-22 10:34:29.413	\N	2019-08-22 10:52:43.055
2bb12228-a3bf-4018-8ef8-ba8296bc3625	Presales	f	Role20	t	c2899ff1-9373-456c-aa73-620a4848ce3a	2019-08-21 19:37:39.323	686457cc-d6f9-4c87-a1f1-4c0e8b500e96	2019-08-22 11:44:34.506
73992c7e-cde2-4e1a-83cc-fa1556feb6c7	inactive role	f	Role13	t	\N	\N	686457cc-d6f9-4c87-a1f1-4c0e8b500e96	2019-08-22 11:55:48.569
f1e98837-8573-4172-b5fc-6628bee4ed2f	J Unit	t	Role023	f	\N	\N	02c1c5e0-1a28-4d20-a365-1494d3cdd8ef	2019-08-21 16:58:53.406
febcc8a1-d52d-4541-b50b-61b3ab078ce2	Super Admin	t	Role01	f	\N	\N	\N	\N
69a74a9f-481c-49ee-9781-aadce2d0ef7a	More Super	f	Role11	f	\N	\N	\N	\N
33008416-e052-4cde-bebe-1cb3aadc5c3a	yayayayaya	f	Role44	t	02c1c5e0-1a28-4d20-a365-1494d3cdd8ef	2019-08-23 19:32:10.592	02c1c5e0-1a28-4d20-a365-1494d3cdd8ef	2019-08-23 19:32:26.878
77ed740c-b944-4297-a303-b540951d935d	Tester	t	Role03	f	\N	\N	\N	\N
f23bc58f-2efb-4d42-855b-46e027c92052	1adcbbf8-9002-4c55-b469-f5029d728da4	f	Role33	t	\N	2019-08-22 16:33:42.132	e7332d59-c285-4a6d-b517-2f1e41ab3444	2019-08-28 11:13:01.007
52ce3fbe-200a-4fde-b4d0-0a6efa3f4029	Super Sekali	f	Role12	f	\N	\N	\N	\N
3223d321-a272-436c-a6b6-11e8cab259f0	2fd7d704-7d56-49f4-8940-60e8a916d3e8	f	Role34	t	\N	2019-08-22 16:35:43.701	e7332d59-c285-4a6d-b517-2f1e41ab3444	2019-08-28 11:13:04.343
3396c01e-aec5-45e9-830e-a0cbb6d70e58	Admin	t	Role02	f	\N	\N	\N	\N
399ed6bd-c040-41f4-b2b5-daf7cbe833b4	Finance(alwan)	f	Role07	f	\N	\N	\N	\N
ab1b2eb1-79f7-4f4f-86e4-0d3561cef784	TestHapus1	f	Role05	f	\N	\N	\N	\N
938782c7-48d9-44ea-b710-e6ce863cb850	Luhut Super	t	Role10	f	\N	\N	\N	\N
70f2a76d-8c51-4ba0-a962-4bb4b6c8bf4f	Role6	t	Role06	f	\N	\N	c45dce15-4c72-4f1c-b8e3-4009c1f65f6f	2019-08-22 14:15:11.421
3cd87312-169b-4239-b9f1-c424036d2b53	Admin Keren	t	Role23	f	686457cc-d6f9-4c87-a1f1-4c0e8b500e96	2019-08-22 14:22:34.631	\N	\N
eb0347e8-a66a-4e15-a846-bd25dbe8e674	TestedJunit	t	Role15	t	\N	\N	\N	2019-08-22 14:36:01.122
cda039f9-93d3-429e-8618-bde79b4b907b	jokiML	t	Role24	f	\N	2019-08-22 14:36:03.46	\N	\N
9499a4e1-51b7-4373-a9c0-3411acc407f1	Admin Adminan	t	Role26	f	686457cc-d6f9-4c87-a1f1-4c0e8b500e96	2019-08-22 15:03:29.196	\N	\N
08dd2aa2-b4b4-4c7f-af86-2616b7435978	Sunandi Role	t	Role27	f	\N	2019-08-22 15:09:20.859	\N	\N
0867c045-9b3c-49cc-925c-852b1ee8acb7	Tester1	f	Role28	t	686457cc-d6f9-4c87-a1f1-4c0e8b500e96	2019-08-22 15:15:35.717	686457cc-d6f9-4c87-a1f1-4c0e8b500e96	2019-08-22 15:16:32.333
a91470e4-99c6-4988-83cb-b62b54caa8f4	tester senja	t	Role30	f	686457cc-d6f9-4c87-a1f1-4c0e8b500e96	2019-08-22 15:26:13.907	\N	\N
944649f2-ca54-47c9-b942-17065e20367c	Senja Role	t	Role31	f	\N	2019-08-22 15:30:02.992	\N	\N
358d0e67-8e43-4ab1-9b34-daf578658932	cebebeb	f	Role32	t	\N	2019-08-22 16:23:32.071	e7332d59-c285-4a6d-b517-2f1e41ab3444	2019-08-29 11:30:14.166
d116ff43-614c-4835-861f-547d25c7c121	Service2	f	Role38	t	c4e3f6ed-6577-49d5-9cb3-f0c3776786c9	2019-08-22 17:38:22.758	c4e3f6ed-6577-49d5-9cb3-f0c3776786c9	2019-08-22 17:42:45.408
156d21e2-a959-45ae-ae64-42ec008a047d	Service One	t	Role37	f	c4e3f6ed-6577-49d5-9cb3-f0c3776786c9	2019-08-22 17:37:53.011	686457cc-d6f9-4c87-a1f1-4c0e8b500e96	2019-08-22 18:28:12.331
4c616b60-9fd1-40a8-8602-bc2e59aaac14	Project Management	t	Role39	f	7e9d9cca-8988-4321-bd3e-f6d5375e23dd	2019-08-22 18:41:36.746	7e9d9cca-8988-4321-bd3e-f6d5375e23dd	2019-08-22 19:22:41.924
8c49195b-65b7-46a0-a349-cb6ecd7fbc20	Human Resource	f	Role40	t	7e9d9cca-8988-4321-bd3e-f6d5375e23dd	2019-08-22 19:35:05.746	e7332d59-c285-4a6d-b517-2f1e41ab3444	2019-08-29 11:30:20.922
7e570c87-be2e-46d9-b7eb-f7f78513ea89	Inputer	f	Role42	t	686457cc-d6f9-4c87-a1f1-4c0e8b500e96	2019-08-23 09:49:31.78	e7332d59-c285-4a6d-b517-2f1e41ab3444	2019-08-29 11:30:26.392
de9ba1f7-2d1d-420b-aeb5-9efde3f57c17	Admin Keren II	f	Role25	t	686457cc-d6f9-4c87-a1f1-4c0e8b500e96	2019-08-22 14:58:06.828	c2899ff1-9373-456c-aa73-620a4848ce3a	2019-08-29 18:42:26.882
96ef376e-c742-49ba-a144-cd3c0d6560c0	pemulung	t	Role46	f	d3dfd894-6900-4a98-89a8-74dfa3f26b80	2019-08-30 11:07:30.868	\N	\N
bbf132b2-5840-4f25-8b47-75eaefe6769f	Aulia Test	t	Role45	f	c2899ff1-9373-456c-aa73-620a4848ce3a	2019-08-28 11:45:59.203	c2899ff1-9373-456c-aa73-620a4848ce3a	2019-09-03 09:53:24.209
90bf9d7d-eb53-41a2-b47f-afbb8f7007f6	sdasd	t	Role48	f	c2899ff1-9373-456c-aa73-620a4848ce3a	2019-09-04 11:08:28.212	\N	\N
6119a8fd-4a1b-4822-a1cf-9e6a97d1687c	Direksi	t	Role49	f	d3dfd894-6900-4a98-89a8-74dfa3f26b80	2019-09-06 11:17:26.282	\N	\N
fd1909d4-1386-425f-9895-bd293389da1f	new	t	Role50	f	\N	2019-09-20 14:33:03.677	\N	\N
\.


--
-- TOC entry 3186 (class 0 OID 3170011)
-- Dependencies: 190
-- Data for Name: usr_role_priv; Type: TABLE DATA; Schema: public; Owner: template
--

COPY public.usr_role_priv (role_privilege_id, privilege_id, role_id, view, created, edit, delete, created_time, created_by, updated_by, updated_time) FROM stdin;
8d47bc45-d8ae-4898-b865-24a7286fd983	c52889b1-ce85-4f44-bf61-fdd51f66a1cd	69a74a9f-481c-49ee-9781-aadce2d0ef7a	t	f	f	f	2019-08-21 17:04:46.044	02c1c5e0-1a28-4d20-a365-1494d3cdd8ef	\N	\N
d392e49d-62e7-4f61-8bab-557ff4de1028	c52889b1-ce85-4f44-bf61-fdd51f66a1cd	33008416-e052-4cde-bebe-1cb3aadc5c3a	t	f	f	f	2019-08-23 19:32:10.595	02c1c5e0-1a28-4d20-a365-1494d3cdd8ef	\N	\N
5a80851c-34ef-425b-b505-159a7c959b45	ea4acf4c-c6a4-4821-8f2b-8dfed1341de8	33008416-e052-4cde-bebe-1cb3aadc5c3a	t	f	f	f	2019-08-23 19:32:10.596	02c1c5e0-1a28-4d20-a365-1494d3cdd8ef	\N	\N
f3c0d3c0-08fa-4c69-aed2-7c47d3c3727e	f156a4b6-3830-4d02-8d86-90dfba29eb62	33008416-e052-4cde-bebe-1cb3aadc5c3a	t	f	f	f	2019-08-23 19:32:10.597	02c1c5e0-1a28-4d20-a365-1494d3cdd8ef	\N	\N
ff7ae8b4-d418-483c-8274-16648ee2cbf3	c52889b1-ce85-4f44-bf61-fdd51f66a1cd	3cd87312-169b-4239-b9f1-c424036d2b53	t	t	t	t	2019-08-22 14:22:34.633	686457cc-d6f9-4c87-a1f1-4c0e8b500e96	\N	\N
40373af6-4fd3-4b94-bb09-7c99a201f4e5	ea4acf4c-c6a4-4821-8f2b-8dfed1341de8	3cd87312-169b-4239-b9f1-c424036d2b53	t	t	t	t	2019-08-22 14:22:34.634	686457cc-d6f9-4c87-a1f1-4c0e8b500e96	\N	\N
2994e61c-72ee-450a-b89e-5e969437579a	f156a4b6-3830-4d02-8d86-90dfba29eb62	3cd87312-169b-4239-b9f1-c424036d2b53	t	t	t	t	2019-08-22 14:22:34.635	686457cc-d6f9-4c87-a1f1-4c0e8b500e96	\N	\N
d584e2bf-9630-43d2-b3e9-07d3a32abffe	c52889b1-ce85-4f44-bf61-fdd51f66a1cd	de9ba1f7-2d1d-420b-aeb5-9efde3f57c17	t	t	t	t	2019-08-22 15:00:12.863	686457cc-d6f9-4c87-a1f1-4c0e8b500e96	\N	\N
6daa9b5b-3aa9-4d3a-b302-0303f5fc323f	ea4acf4c-c6a4-4821-8f2b-8dfed1341de8	de9ba1f7-2d1d-420b-aeb5-9efde3f57c17	t	t	t	t	2019-08-22 15:00:12.864	686457cc-d6f9-4c87-a1f1-4c0e8b500e96	\N	\N
e9705bff-e8db-4b0b-a0d5-ccf341ebabab	f156a4b6-3830-4d02-8d86-90dfba29eb62	de9ba1f7-2d1d-420b-aeb5-9efde3f57c17	t	t	t	t	2019-08-22 15:00:12.866	686457cc-d6f9-4c87-a1f1-4c0e8b500e96	\N	\N
78950f6a-5497-4628-865b-f79a8420f1dc	c52889b1-ce85-4f44-bf61-fdd51f66a1cd	2bb12228-a3bf-4018-8ef8-ba8296bc3625	t	t	t	f	2019-08-21 19:37:39.325	c2899ff1-9373-456c-aa73-620a4848ce3a	\N	\N
8fc177f3-3711-4fe8-8d0f-c99342d156f2	ea4acf4c-c6a4-4821-8f2b-8dfed1341de8	2bb12228-a3bf-4018-8ef8-ba8296bc3625	t	t	t	f	2019-08-21 19:37:39.326	c2899ff1-9373-456c-aa73-620a4848ce3a	\N	\N
b0a858fb-5111-48ce-a8df-568774ba6904	c52889b1-ce85-4f44-bf61-fdd51f66a1cd	0867c045-9b3c-49cc-925c-852b1ee8acb7	t	f	t	f	2019-08-22 15:16:08.967	686457cc-d6f9-4c87-a1f1-4c0e8b500e96	\N	\N
99c0a784-29ad-4711-b4fc-a7d1a1181f7c	ea4acf4c-c6a4-4821-8f2b-8dfed1341de8	0867c045-9b3c-49cc-925c-852b1ee8acb7	t	t	t	t	2019-08-22 15:16:08.968	686457cc-d6f9-4c87-a1f1-4c0e8b500e96	\N	\N
077791f6-0ceb-44fb-83a7-9f19342477df	f156a4b6-3830-4d02-8d86-90dfba29eb62	0867c045-9b3c-49cc-925c-852b1ee8acb7	t	t	f	t	2019-08-22 15:16:08.969	686457cc-d6f9-4c87-a1f1-4c0e8b500e96	\N	\N
73ee482d-5311-46ee-96c3-ecc15496adbb	58b885fa-c88d-11e9-a32f-2a2ae2dbcce4	96ef376e-c742-49ba-a144-cd3c0d6560c0	t	f	t	f	2019-08-30 14:22:02.098	c2899ff1-9373-456c-aa73-620a4848ce3a	\N	\N
09613ab7-0fa9-4e55-8c47-b71c9e874724	c52889b1-ce85-4f44-bf61-fdd51f66a1cd	96ef376e-c742-49ba-a144-cd3c0d6560c0	t	f	t	f	2019-08-30 14:22:02.099	c2899ff1-9373-456c-aa73-620a4848ce3a	\N	\N
f0d95866-f4eb-418d-9d80-2ca333674b4d	c77fd858-c88d-11e9-a32f-2a2ae2dbcce4	96ef376e-c742-49ba-a144-cd3c0d6560c0	t	f	t	f	2019-08-30 14:22:02.1	c2899ff1-9373-456c-aa73-620a4848ce3a	\N	\N
034f76d0-ad23-41fd-90a8-7257699cb327	04551342-c88e-11e9-a32f-2a2ae2dbcce4	96ef376e-c742-49ba-a144-cd3c0d6560c0	t	f	f	f	2019-08-30 14:22:02.101	c2899ff1-9373-456c-aa73-620a4848ce3a	\N	\N
a5aa49da-f805-4f58-bb0f-70283b1d43ca	fb65e112-c88d-11e9-a32f-2a2ae2dbcce4	96ef376e-c742-49ba-a144-cd3c0d6560c0	t	t	f	f	2019-08-30 14:22:02.102	c2899ff1-9373-456c-aa73-620a4848ce3a	\N	\N
b0baf7c1-aaac-4a5b-9985-db08b517eed2	ea4acf4c-c6a4-4821-8f2b-8dfed1341de8	96ef376e-c742-49ba-a144-cd3c0d6560c0	t	f	t	f	2019-08-30 14:22:02.102	c2899ff1-9373-456c-aa73-620a4848ce3a	\N	\N
a5fadf54-c8f4-41b8-b615-0e0c4343466b	f156a4b6-3830-4d02-8d86-90dfba29eb62	96ef376e-c742-49ba-a144-cd3c0d6560c0	t	f	f	t	2019-08-30 14:22:02.103	c2899ff1-9373-456c-aa73-620a4848ce3a	\N	\N
2b4f3294-54a4-4303-99d5-41dd7d7efb13	c52889b1-ce85-4f44-bf61-fdd51f66a1cd	d116ff43-614c-4835-861f-547d25c7c121	t	f	f	f	2019-08-22 17:39:28.861	c4e3f6ed-6577-49d5-9cb3-f0c3776786c9	\N	\N
68f9cfb7-21f9-4a47-b157-d2a366f23cc7	f156a4b6-3830-4d02-8d86-90dfba29eb62	b5cba5e4-948c-44c7-8cb5-699d64441920	f	f	t	f	2019-08-15 14:38:00.625	febcc8a1-d52d-4541-b50b-61b3ab078ce2	\N	\N
9c7607c3-cdd5-4e1f-85fd-5820e85d3c94	ea4acf4c-c6a4-4821-8f2b-8dfed1341de8	b5cba5e4-948c-44c7-8cb5-699d64441920	f	f	t	f	2019-08-15 14:38:01.564	febcc8a1-d52d-4541-b50b-61b3ab078ce2	\N	\N
a27164a6-70d3-41e8-87b0-366bab5d69dc	c52889b1-ce85-4f44-bf61-fdd51f66a1cd	156d21e2-a959-45ae-ae64-42ec008a047d	t	t	t	t	2019-08-22 18:28:12.336	686457cc-d6f9-4c87-a1f1-4c0e8b500e96	\N	\N
2a0b63cc-ae6a-4332-a972-9d6fc8a87473	c52889b1-ce85-4f44-bf61-fdd51f66a1cd	399ed6bd-c040-41f4-b2b5-daf7cbe833b4	t	t	f	f	2019-08-15 17:09:55.054	4866ec9c-0548-407c-acc0-99f8f2e83b62	\N	\N
0a76bf92-643f-47eb-9720-08584f9732ff	c52889b1-ce85-4f44-bf61-fdd51f66a1cd	7e570c87-be2e-46d9-b7eb-f7f78513ea89	t	t	t	t	2019-08-23 09:50:17.515	686457cc-d6f9-4c87-a1f1-4c0e8b500e96	\N	\N
526ca91d-d55f-41b9-b94b-e6613d085cf1	ea4acf4c-c6a4-4821-8f2b-8dfed1341de8	7e570c87-be2e-46d9-b7eb-f7f78513ea89	t	t	t	t	2019-08-23 09:50:17.517	686457cc-d6f9-4c87-a1f1-4c0e8b500e96	\N	\N
167e9c91-3982-48d0-b008-ae4302d428b4	f156a4b6-3830-4d02-8d86-90dfba29eb62	7e570c87-be2e-46d9-b7eb-f7f78513ea89	t	t	t	t	2019-08-23 09:50:17.518	686457cc-d6f9-4c87-a1f1-4c0e8b500e96	\N	\N
23a97b20-0643-493e-92ca-ca92fe7fec44	c52889b1-ce85-4f44-bf61-fdd51f66a1cd	3396c01e-aec5-45e9-830e-a0cbb6d70e58	t	t	t	t	2019-09-25 11:31:23.835	\N	\N	\N
489ec9ff-eacf-4329-8e69-34d6f90c127e	58b885fa-c88d-11e9-a32f-2a2ae2dbcce4	3396c01e-aec5-45e9-830e-a0cbb6d70e58	t	t	t	t	2019-09-25 11:31:23.836	\N	\N	\N
48ac78b7-b1a3-49a7-a811-0e233706c477	b26027e0-a726-4e1d-b6c4-5daa2c9f63e0	3396c01e-aec5-45e9-830e-a0cbb6d70e58	t	t	t	t	2019-09-25 11:31:23.837	\N	\N	\N
4d6159eb-b088-403d-b390-2d37c719702c	4a6c6de7-6978-45a5-acf0-4b61dee7825d	3396c01e-aec5-45e9-830e-a0cbb6d70e58	t	t	t	t	2019-09-25 11:31:23.838	\N	\N	\N
40c4b6ee-6ac6-42e6-a3c9-a1f5e33cf539	c77fd858-c88d-11e9-a32f-2a2ae2dbcce4	3396c01e-aec5-45e9-830e-a0cbb6d70e58	t	t	t	t	2019-09-25 11:31:23.838	\N	\N	\N
fdbebfd6-427a-469f-898d-65083e68163e	cf9e1932-2b20-4b63-ae15-5bbc4d8c80b8	3396c01e-aec5-45e9-830e-a0cbb6d70e58	t	t	t	t	2019-09-25 11:31:23.839	\N	\N	\N
556daf9a-852a-41f6-a9aa-502b16024ee0	ba219f07-9252-4d34-b716-111b99bbc3ff	3396c01e-aec5-45e9-830e-a0cbb6d70e58	t	t	t	t	2019-09-25 11:31:23.839	\N	\N	\N
910df99a-4bfd-4c06-893a-018ccc4473e4	fb65e112-c88d-11e9-a32f-2a2ae2dbcce4	3396c01e-aec5-45e9-830e-a0cbb6d70e58	t	t	t	t	2019-09-25 11:31:23.84	\N	\N	\N
9873898c-1317-4cf9-b2fe-dd76a74e5944	ea4acf4c-c6a4-4821-8f2b-8dfed1341de8	3396c01e-aec5-45e9-830e-a0cbb6d70e58	t	t	t	t	2019-09-25 11:31:23.841	\N	\N	\N
9b0bcb6b-1807-44fb-b743-a4382e487b8a	f156a4b6-3830-4d02-8d86-90dfba29eb62	3396c01e-aec5-45e9-830e-a0cbb6d70e58	t	t	t	t	2019-09-25 11:31:23.841	\N	\N	\N
db3a352a-f14b-46f8-bf2c-6693833ed19b	3be0ccd4-c88e-11e9-a32f-2a2ae2dbcce4	3396c01e-aec5-45e9-830e-a0cbb6d70e58	t	t	t	t	2019-09-25 11:31:23.842	\N	\N	\N
271a298c-db99-4aae-895b-69b68f8cebe4	04551342-c88e-11e9-a32f-2a2ae2dbcce4	3396c01e-aec5-45e9-830e-a0cbb6d70e58	t	t	t	t	2019-09-25 11:31:23.843	\N	\N	\N
4dc5c429-79cc-4ee1-9ac7-f704fd786b72	c52889b1-ce85-4f44-bf61-fdd51f66a1cd	938782c7-48d9-44ea-b710-e6ce863cb850	t	f	f	f	2019-08-16 12:30:08.782	bb35f1de-5bdb-42ec-953c-a14f24f2288b	\N	\N
0b596f32-de2d-45e6-8507-300ae937632d	c52889b1-ce85-4f44-bf61-fdd51f66a1cd	73992c7e-cde2-4e1a-83cc-fa1556feb6c7	f	f	f	f	2019-08-16 12:33:50.567	bb35f1de-5bdb-42ec-953c-a14f24f2288b	\N	\N
e9ddac2f-af96-48dc-8ec4-4d085975a674	c52889b1-ce85-4f44-bf61-fdd51f66a1cd	6ba6778a-4af8-48e8-8192-cb672a19ee4a	t	t	t	t	2019-08-16 15:11:13.106	0cbaf1a3-f495-443a-b928-f1cf996f6f6a	\N	\N
cb6e2b4d-020d-4e41-b166-1817ffe0c04d	c52889b1-ce85-4f44-bf61-fdd51f66a1cd	6ad96c7a-8a41-457f-ab26-aca910aac8c2	t	f	f	f	2019-08-21 17:40:03.293	02c1c5e0-1a28-4d20-a365-1494d3cdd8ef	\N	\N
7fe93042-9d0e-4db6-9172-05827b8d9d9f	c52889b1-ce85-4f44-bf61-fdd51f66a1cd	ab1b2eb1-79f7-4f4f-86e4-0d3561cef784	t	f	t	f	2019-08-23 19:29:20.369	02c1c5e0-1a28-4d20-a365-1494d3cdd8ef	\N	\N
95c13066-252e-4603-b77b-03d714ddbe96	ea4acf4c-c6a4-4821-8f2b-8dfed1341de8	ab1b2eb1-79f7-4f4f-86e4-0d3561cef784	t	f	t	f	2019-08-23 19:29:20.371	02c1c5e0-1a28-4d20-a365-1494d3cdd8ef	\N	\N
e90dca83-9abc-40e0-897b-0262d2801822	f156a4b6-3830-4d02-8d86-90dfba29eb62	0075188c-3c8a-462d-a900-df1076619331	f	f	t	f	2019-08-20 17:46:03.093	\N	\N	\N
abf97408-fca0-491a-9661-fca99a3b8605	ea4acf4c-c6a4-4821-8f2b-8dfed1341de8	0075188c-3c8a-462d-a900-df1076619331	f	f	t	f	2019-08-20 17:46:06.463	\N	\N	\N
563f238f-4ae7-4b27-8ca7-dae9cd67a228	f156a4b6-3830-4d02-8d86-90dfba29eb62	944649f2-ca54-47c9-b942-17065e20367c	t	t	f	f	2019-10-18 17:10:19.551	\N	\N	\N
93b42ffa-c1ab-4e3e-a089-6d22a7c8125e	f156a4b6-3830-4d02-8d86-90dfba29eb62	08dd2aa2-b4b4-4c7f-af86-2616b7435978	t	t	t	t	2019-10-18 17:14:56.098	\N	\N	\N
26d3af9b-0cc5-4c77-a08f-e01afd676963	c52889b1-ce85-4f44-bf61-fdd51f66a1cd	70f2a76d-8c51-4ba0-a962-4bb4b6c8bf4f	t	t	t	t	2019-08-22 14:20:11.574	02c1c5e0-1a28-4d20-a365-1494d3cdd8ef	\N	\N
ca03fa5d-c917-4036-bb6f-34dfc552be94	c52889b1-ce85-4f44-bf61-fdd51f66a1cd	aa7eb5f7-9b09-4eb6-b9b7-8727c1f9713c	t	t	t	t	2019-08-21 17:55:07.237	02c1c5e0-1a28-4d20-a365-1494d3cdd8ef	\N	\N
fd9ca95e-8404-49ad-91ce-588ac451287e	ea4acf4c-c6a4-4821-8f2b-8dfed1341de8	aa7eb5f7-9b09-4eb6-b9b7-8727c1f9713c	t	t	t	t	2019-08-21 17:55:07.238	02c1c5e0-1a28-4d20-a365-1494d3cdd8ef	\N	\N
99a82455-7453-4cc2-947f-2b9e802e7524	c52889b1-ce85-4f44-bf61-fdd51f66a1cd	0c4ad795-420e-49a7-a418-18b2b62e5c55	t	t	t	t	2019-08-21 19:21:08.642	02c1c5e0-1a28-4d20-a365-1494d3cdd8ef	\N	\N
3e264c8b-e0d9-4363-bc6b-876d40e83ac0	ea4acf4c-c6a4-4821-8f2b-8dfed1341de8	0c4ad795-420e-49a7-a418-18b2b62e5c55	t	t	t	t	2019-08-21 19:21:08.644	02c1c5e0-1a28-4d20-a365-1494d3cdd8ef	\N	\N
bc0ef6a7-47ae-4a21-91b1-0dd1edb60344	c52889b1-ce85-4f44-bf61-fdd51f66a1cd	779c6a4c-5cfe-467a-a07e-60a7b8a18239	f	f	t	f	2019-08-22 10:34:29.447	\N	\N	\N
aef5ec27-5ffd-4104-8bea-9ebac71517ca	ea4acf4c-c6a4-4821-8f2b-8dfed1341de8	70f2a76d-8c51-4ba0-a962-4bb4b6c8bf4f	t	t	t	t	2019-08-22 14:20:11.575	02c1c5e0-1a28-4d20-a365-1494d3cdd8ef	\N	\N
642e9354-c637-4f6e-93ef-267e39186ad0	f156a4b6-3830-4d02-8d86-90dfba29eb62	70f2a76d-8c51-4ba0-a962-4bb4b6c8bf4f	t	t	t	t	2019-08-22 14:20:11.576	02c1c5e0-1a28-4d20-a365-1494d3cdd8ef	\N	\N
da6f4917-4b38-4dd4-9871-ffc59dcfe09e	ea4acf4c-c6a4-4821-8f2b-8dfed1341de8	4c616b60-9fd1-40a8-8602-bc2e59aaac14	t	f	t	f	2019-08-26 14:30:55.265	9ab1cdda-edc8-4669-88ff-7fc3800130e0	\N	\N
04417544-529c-42b5-9547-e839c7d6cf96	c52889b1-ce85-4f44-bf61-fdd51f66a1cd	9499a4e1-51b7-4373-a9c0-3411acc407f1	t	t	t	t	2019-08-22 15:03:29.197	686457cc-d6f9-4c87-a1f1-4c0e8b500e96	\N	\N
c51a3b85-567a-4e16-8f30-3e21d238c55f	ea4acf4c-c6a4-4821-8f2b-8dfed1341de8	9499a4e1-51b7-4373-a9c0-3411acc407f1	t	t	t	t	2019-08-22 15:03:29.198	686457cc-d6f9-4c87-a1f1-4c0e8b500e96	\N	\N
7514fd3b-99a7-4f11-a9ef-8e520c27f0b6	f156a4b6-3830-4d02-8d86-90dfba29eb62	9499a4e1-51b7-4373-a9c0-3411acc407f1	t	t	t	t	2019-08-22 15:03:29.199	686457cc-d6f9-4c87-a1f1-4c0e8b500e96	\N	\N
db80347d-0183-4040-8ed0-2b8bb44ae5e9	c52889b1-ce85-4f44-bf61-fdd51f66a1cd	90bf9d7d-eb53-41a2-b47f-afbb8f7007f6	t	t	t	t	2019-09-04 11:08:28.214	c2899ff1-9373-456c-aa73-620a4848ce3a	\N	\N
3ef2ac2b-67b3-4338-8edb-1f04822b9648	f156a4b6-3830-4d02-8d86-90dfba29eb62	a91470e4-99c6-4988-83cb-b62b54caa8f4	t	t	t	t	2019-08-22 16:53:17.16	686457cc-d6f9-4c87-a1f1-4c0e8b500e96	\N	\N
470e93c6-3edb-4af4-87eb-54745b7728b4	ea4acf4c-c6a4-4821-8f2b-8dfed1341de8	a91470e4-99c6-4988-83cb-b62b54caa8f4	t	t	t	t	2019-08-22 16:53:17.162	686457cc-d6f9-4c87-a1f1-4c0e8b500e96	\N	\N
20ff36a2-86bf-4f25-848f-472b9d8f310e	c52889b1-ce85-4f44-bf61-fdd51f66a1cd	1a410d6b-acec-489f-8e70-4aaf363b26d9	t	t	f	f	2019-08-22 17:10:15.336	686457cc-d6f9-4c87-a1f1-4c0e8b500e96	\N	\N
1aedaea7-bdc3-4785-9d0a-76216974db62	f156a4b6-3830-4d02-8d86-90dfba29eb62	1a410d6b-acec-489f-8e70-4aaf363b26d9	t	f	f	f	2019-08-22 17:10:15.338	686457cc-d6f9-4c87-a1f1-4c0e8b500e96	\N	\N
d8a5e153-728e-49b2-bef9-ee3f7da2a3dd	ea4acf4c-c6a4-4821-8f2b-8dfed1341de8	1a410d6b-acec-489f-8e70-4aaf363b26d9	t	f	f	f	2019-08-22 17:10:15.339	686457cc-d6f9-4c87-a1f1-4c0e8b500e96	\N	\N
4df1fb19-69d6-4194-a04e-7bc863fee64f	c52889b1-ce85-4f44-bf61-fdd51f66a1cd	fd1909d4-1386-425f-9895-bd293389da1f	t	t	t	t	2019-09-25 11:45:54.791	\N	\N	\N
1339f0f4-f635-433b-9223-ac36b6351709	58b885fa-c88d-11e9-a32f-2a2ae2dbcce4	fd1909d4-1386-425f-9895-bd293389da1f	t	t	t	t	2019-09-25 11:45:54.792	\N	\N	\N
cec33121-4702-4c9b-8710-82bd64486d14	b26027e0-a726-4e1d-b6c4-5daa2c9f63e0	fd1909d4-1386-425f-9895-bd293389da1f	t	t	t	t	2019-09-25 11:45:54.792	\N	\N	\N
a546118f-17ab-4848-8b75-6be64bb4494b	4a6c6de7-6978-45a5-acf0-4b61dee7825d	fd1909d4-1386-425f-9895-bd293389da1f	t	t	t	t	2019-09-25 11:45:54.793	\N	\N	\N
a99a0ea7-61b0-4ebb-b824-fdf0af2c43be	c77fd858-c88d-11e9-a32f-2a2ae2dbcce4	fd1909d4-1386-425f-9895-bd293389da1f	t	t	t	t	2019-09-25 11:45:54.795	\N	\N	\N
929963e1-5fbc-446c-baf3-c875f9cd27b4	cf9e1932-2b20-4b63-ae15-5bbc4d8c80b8	fd1909d4-1386-425f-9895-bd293389da1f	t	t	t	t	2019-09-25 11:45:54.796	\N	\N	\N
39d9bf88-c287-45fa-8502-5513f7ae42e5	ba219f07-9252-4d34-b716-111b99bbc3ff	fd1909d4-1386-425f-9895-bd293389da1f	t	t	t	t	2019-09-25 11:45:54.796	\N	\N	\N
40992485-5042-41ad-a8b6-64943787e05a	fb65e112-c88d-11e9-a32f-2a2ae2dbcce4	fd1909d4-1386-425f-9895-bd293389da1f	t	t	t	t	2019-09-25 11:45:54.797	\N	\N	\N
58962bc1-4bc5-402e-8fda-1284110ef847	ea4acf4c-c6a4-4821-8f2b-8dfed1341de8	fd1909d4-1386-425f-9895-bd293389da1f	t	t	t	t	2019-09-25 11:45:54.798	\N	\N	\N
cfc87f30-200a-4e25-b303-9140c759b981	f156a4b6-3830-4d02-8d86-90dfba29eb62	fd1909d4-1386-425f-9895-bd293389da1f	t	t	t	t	2019-09-25 11:45:54.799	\N	\N	\N
9cd3d313-c8cf-4a79-ad0d-061de141aab2	3be0ccd4-c88e-11e9-a32f-2a2ae2dbcce4	fd1909d4-1386-425f-9895-bd293389da1f	t	t	t	t	2019-09-25 11:45:54.8	\N	\N	\N
ac47a803-c9f7-4df9-9ffc-dc60de794340	c52889b1-ce85-4f44-bf61-fdd51f66a1cd	8c49195b-65b7-46a0-a349-cb6ecd7fbc20	t	t	f	t	2019-08-22 20:16:48.124	7e9d9cca-8988-4321-bd3e-f6d5375e23dd	\N	\N
763f1260-8202-4b0f-9020-778053c9f7e5	ea4acf4c-c6a4-4821-8f2b-8dfed1341de8	8c49195b-65b7-46a0-a349-cb6ecd7fbc20	t	t	t	f	2019-08-22 20:16:48.126	7e9d9cca-8988-4321-bd3e-f6d5375e23dd	\N	\N
d3baf61f-c686-4544-9cbd-e9774e4a1a83	c52889b1-ce85-4f44-bf61-fdd51f66a1cd	d3f779c6-41b0-493b-a29a-c2f56efdd814	t	f	t	f	2019-08-22 20:22:22.793	7e9d9cca-8988-4321-bd3e-f6d5375e23dd	\N	\N
f1d39d88-d5da-4c2f-bc09-add31416da1e	ea4acf4c-c6a4-4821-8f2b-8dfed1341de8	d3f779c6-41b0-493b-a29a-c2f56efdd814	t	f	t	f	2019-08-22 20:22:22.795	7e9d9cca-8988-4321-bd3e-f6d5375e23dd	\N	\N
6572c13d-135b-4a3a-990b-95e828fd6517	04551342-c88e-11e9-a32f-2a2ae2dbcce4	fd1909d4-1386-425f-9895-bd293389da1f	t	t	t	t	2019-09-25 11:45:54.8	\N	\N	\N
c10c1710-8b9d-49b2-ab07-2fcf20190e01	c52889b1-ce85-4f44-bf61-fdd51f66a1cd	febcc8a1-d52d-4541-b50b-61b3ab078ce2	t	t	t	t	2019-09-20 14:46:58.011	\N	\N	\N
383bdb30-5b66-4cac-b418-19e9eaa2fdcf	c77fd858-c88d-11e9-a32f-2a2ae2dbcce4	febcc8a1-d52d-4541-b50b-61b3ab078ce2	t	t	t	t	2019-09-20 14:46:58.017	\N	\N	\N
d5e6948b-d86b-49c3-86cc-02c991b7e920	58b885fa-c88d-11e9-a32f-2a2ae2dbcce4	febcc8a1-d52d-4541-b50b-61b3ab078ce2	t	t	t	t	2019-09-20 14:46:58.023	\N	\N	\N
992052f9-ff10-49f7-a4b9-26480dc79f5b	b26027e0-a726-4e1d-b6c4-5daa2c9f63e0	febcc8a1-d52d-4541-b50b-61b3ab078ce2	t	t	t	t	2019-09-20 14:46:58.029	\N	\N	\N
7852a5b2-5ad5-4fb8-bc88-ac9b3c66da15	4a6c6de7-6978-45a5-acf0-4b61dee7825d	febcc8a1-d52d-4541-b50b-61b3ab078ce2	t	t	t	t	2019-09-20 14:46:58.035	\N	\N	\N
3e356c33-e2e6-44f2-9e48-380bea69cc8b	cf9e1932-2b20-4b63-ae15-5bbc4d8c80b8	febcc8a1-d52d-4541-b50b-61b3ab078ce2	t	t	t	t	2019-09-20 14:46:58.041	\N	\N	\N
f39a5808-353a-4b45-9378-1ac381a95ab9	ba219f07-9252-4d34-b716-111b99bbc3ff	febcc8a1-d52d-4541-b50b-61b3ab078ce2	t	t	t	t	2019-09-20 14:46:58.047	\N	\N	\N
8314ae08-4d05-4497-90c6-1a279cae6383	fb65e112-c88d-11e9-a32f-2a2ae2dbcce4	febcc8a1-d52d-4541-b50b-61b3ab078ce2	t	t	t	t	2019-09-20 14:46:58.052	\N	\N	\N
178b611a-f4be-450a-9b0b-c9ecf71ec9c0	ea4acf4c-c6a4-4821-8f2b-8dfed1341de8	febcc8a1-d52d-4541-b50b-61b3ab078ce2	t	t	t	t	2019-09-20 14:46:58.056	\N	\N	\N
d7fc0edc-9190-4820-ba15-0eb25c4b72c7	f156a4b6-3830-4d02-8d86-90dfba29eb62	febcc8a1-d52d-4541-b50b-61b3ab078ce2	t	t	t	t	2019-09-20 14:46:58.061	\N	\N	\N
41862092-63a1-4601-b5d2-0e2b22aa0165	3be0ccd4-c88e-11e9-a32f-2a2ae2dbcce4	febcc8a1-d52d-4541-b50b-61b3ab078ce2	t	t	t	t	2019-09-20 14:46:58.064	\N	\N	\N
84086b02-7edc-48ce-9b35-53a770a72958	c77fd858-c88d-11e9-a32f-2a2ae2dbcce4	6119a8fd-4a1b-4822-a1cf-9e6a97d1687c	t	t	t	t	2019-09-06 11:17:26.284	d3dfd894-6900-4a98-89a8-74dfa3f26b80	\N	\N
a592a033-b61a-4092-9472-943c7d5192b1	fb65e112-c88d-11e9-a32f-2a2ae2dbcce4	6119a8fd-4a1b-4822-a1cf-9e6a97d1687c	t	t	t	t	2019-09-06 11:17:26.285	d3dfd894-6900-4a98-89a8-74dfa3f26b80	\N	\N
79ac2fb0-c0c4-4ba2-a727-b88ca3c1e0d2	f156a4b6-3830-4d02-8d86-90dfba29eb62	6119a8fd-4a1b-4822-a1cf-9e6a97d1687c	t	t	t	t	2019-09-06 11:17:26.287	d3dfd894-6900-4a98-89a8-74dfa3f26b80	\N	\N
312bf4bf-70da-4feb-ba04-056812ca8206	3be0ccd4-c88e-11e9-a32f-2a2ae2dbcce4	6119a8fd-4a1b-4822-a1cf-9e6a97d1687c	t	t	t	t	2019-09-06 11:17:26.288	d3dfd894-6900-4a98-89a8-74dfa3f26b80	\N	\N
ac011a8f-4d87-4388-8549-3dda68a2b53e	04551342-c88e-11e9-a32f-2a2ae2dbcce4	6119a8fd-4a1b-4822-a1cf-9e6a97d1687c	t	t	t	t	2019-09-06 11:17:26.289	d3dfd894-6900-4a98-89a8-74dfa3f26b80	\N	\N
94dbb3fd-b70c-48e3-89b3-245cd9aa2886	c52889b1-ce85-4f44-bf61-fdd51f66a1cd	bbf132b2-5840-4f25-8b47-75eaefe6769f	t	t	t	t	2019-09-09 11:58:50.943	c2899ff1-9373-456c-aa73-620a4848ce3a	\N	\N
4f81fe2e-6f4a-4be8-9efd-fef0d112e5fa	c77fd858-c88d-11e9-a32f-2a2ae2dbcce4	bbf132b2-5840-4f25-8b47-75eaefe6769f	t	t	t	t	2019-09-09 11:58:50.944	c2899ff1-9373-456c-aa73-620a4848ce3a	\N	\N
b9933382-b42d-4c59-9782-e85c95d79a5d	58b885fa-c88d-11e9-a32f-2a2ae2dbcce4	bbf132b2-5840-4f25-8b47-75eaefe6769f	t	t	t	t	2019-09-09 11:58:50.945	c2899ff1-9373-456c-aa73-620a4848ce3a	\N	\N
3f314c1a-956d-4dde-b529-79b915ca2192	b26027e0-a726-4e1d-b6c4-5daa2c9f63e0	bbf132b2-5840-4f25-8b47-75eaefe6769f	t	t	t	t	2019-09-09 11:58:50.947	c2899ff1-9373-456c-aa73-620a4848ce3a	\N	\N
4c667b97-31e5-4f14-b0fb-640f6cb8b710	4a6c6de7-6978-45a5-acf0-4b61dee7825d	bbf132b2-5840-4f25-8b47-75eaefe6769f	t	t	t	t	2019-09-09 11:58:50.948	c2899ff1-9373-456c-aa73-620a4848ce3a	\N	\N
503e2b2f-319b-45a1-a35e-07c92f7f5d7f	cf9e1932-2b20-4b63-ae15-5bbc4d8c80b8	bbf132b2-5840-4f25-8b47-75eaefe6769f	t	t	t	t	2019-09-09 11:58:50.949	c2899ff1-9373-456c-aa73-620a4848ce3a	\N	\N
2e212680-a10c-4c2e-a5c0-102a879d80b5	ba219f07-9252-4d34-b716-111b99bbc3ff	bbf132b2-5840-4f25-8b47-75eaefe6769f	t	t	t	t	2019-09-09 11:58:50.95	c2899ff1-9373-456c-aa73-620a4848ce3a	\N	\N
f8e98ae0-d1bb-4fdd-ba76-fe8241e9cf21	fb65e112-c88d-11e9-a32f-2a2ae2dbcce4	bbf132b2-5840-4f25-8b47-75eaefe6769f	t	t	t	t	2019-09-09 11:58:50.951	c2899ff1-9373-456c-aa73-620a4848ce3a	\N	\N
79c61692-4d5d-4208-94ee-5e3f356158db	ea4acf4c-c6a4-4821-8f2b-8dfed1341de8	bbf132b2-5840-4f25-8b47-75eaefe6769f	t	t	t	t	2019-09-09 11:58:50.952	c2899ff1-9373-456c-aa73-620a4848ce3a	\N	\N
f35301ae-0510-48ed-a153-c44405a86b7a	f156a4b6-3830-4d02-8d86-90dfba29eb62	bbf132b2-5840-4f25-8b47-75eaefe6769f	t	t	t	t	2019-09-09 11:58:50.953	c2899ff1-9373-456c-aa73-620a4848ce3a	\N	\N
e3d4e4d4-a17b-4d6d-9341-045a522acdba	3be0ccd4-c88e-11e9-a32f-2a2ae2dbcce4	bbf132b2-5840-4f25-8b47-75eaefe6769f	t	t	t	t	2019-09-09 11:58:50.954	c2899ff1-9373-456c-aa73-620a4848ce3a	\N	\N
3e9b2728-9d45-4bd4-840b-9c71f2f866aa	04551342-c88e-11e9-a32f-2a2ae2dbcce4	bbf132b2-5840-4f25-8b47-75eaefe6769f	t	t	t	t	2019-09-09 11:58:50.955	c2899ff1-9373-456c-aa73-620a4848ce3a	\N	\N
319822a4-b95b-478c-9955-ca03e6d81d3d	04551342-c88e-11e9-a32f-2a2ae2dbcce4	febcc8a1-d52d-4541-b50b-61b3ab078ce2	t	t	t	t	2019-09-20 14:46:58.069	\N	\N	\N
9f133721-e01e-42bc-b7bd-7e65b8a155a1	c77fd858-c88d-11e9-a32f-2a2ae2dbcce4	77ed740c-b944-4297-a303-b540951d935d	t	t	t	t	2019-10-25 10:12:24.511	\N	\N	\N
f33838e1-15ad-469e-be36-74c8162d9631	cf9e1932-2b20-4b63-ae15-5bbc4d8c80b8	77ed740c-b944-4297-a303-b540951d935d	t	t	t	t	2019-10-25 10:12:24.513	\N	\N	\N
2e603911-6166-4875-87a7-f887ede4d540	ea4acf4c-c6a4-4821-8f2b-8dfed1341de8	77ed740c-b944-4297-a303-b540951d935d	t	t	t	t	2019-10-25 10:12:24.514	\N	\N	\N
b897d172-2e3e-40cd-ae47-028e136c1747	f156a4b6-3830-4d02-8d86-90dfba29eb62	77ed740c-b944-4297-a303-b540951d935d	t	f	f	t	2019-10-25 10:12:24.515	\N	\N	\N
34ad3d03-c000-4a88-bf4d-494e5f2df50d	3be0ccd4-c88e-11e9-a32f-2a2ae2dbcce4	77ed740c-b944-4297-a303-b540951d935d	t	t	t	t	2019-10-25 10:12:24.516	\N	\N	\N
\.


--
-- TOC entry 3187 (class 0 OID 3170014)
-- Dependencies: 191
-- Data for Name: usr_user; Type: TABLE DATA; Schema: public; Owner: template
--

COPY public.usr_user (user_id, account_expired, account_locked, credentials_expired, enabled, fcm_token, full_name, last_password_reset_date, password, secret, updated_by, updated_time, user_name, user_nik, branch, user_no, email_status, division_id, created_by, created_time, otp, delete_status) FROM stdin;
f2da4fc9-5a98-4218-8651-3c9b206da6f9	f	f	f	t	\N	testingDivision	\N	$2a$10$8yH9/gyDiGhqQzaAjhHwKOTYca0LsDIQpE0KD5utTCc9/rha2jiqe	\N	\N	2019-09-06 13:24:49.569	testingdivision@mailinator.com	\N	\N	User100	Email_Verified	6b88c479-8dd1-499b-be13-9f8ede8fc8df	\N	2019-09-06 13:21:41.989	\N	f
50c79b97-f8bb-4be3-b626-10f3aae3a5d0	f	f	f	t	\N	anggun	\N	$2a$10$XixgOGNz75KLEoRFyotNR.fPibbqUKUp9syMyrMU2yYo07C1Z5S3C	\N	\N	2019-09-25 13:43:13.49	anggun.agung@pji-solutions.com	\N	\N	User100	Email_Verified	a091eb99-d047-47fe-aa33-340ea817033c	\N	2019-09-20 14:23:01.137	\N	f
d7a91141-c0f6-4e91-974f-10ba3a7bd810	f	f	f	t	\N	Muhamad Nurdhani	\N	$2a$10$F7Bm4crL/VRQQ41.Q5reXO7nBoyg4VSdPmLJ/7NoqeMlV0vUBf6O6	\N	\N	2019-10-18 17:08:12.313	dhani.mn@gmail.com	\N	\N	User100	Email_Verified	a091eb99-d047-47fe-aa33-340ea817033c	\N	2019-10-18 17:04:07.095	\N	f
1435f5dd-1401-4beb-8ee3-b750af8766e7	f	f	f	f	\N	Peter Jackson	\N	$2a$08$GbNfKF1q24U1YDRMIMyenOInVOshu.Kdky7f3N1yoWaJTP8xzRJh6	\N	\N	\N	nuwijopaw44u@maillist.in	\N	\N	User71	Email_Registered	6b88c479-8dd1-499b-be13-9f8ede8fc8df	686457cc-d6f9-4c87-a1f1-4c0e8b500e96	2019-08-20 17:39:41.316	\N	f
2a5e3f67-c2ce-4a9a-93d1-e3de93681325	f	f	f	f	\N	Peter Jackson	\N	$2a$10$qbDclUAOczyACX1soTX72OnoZvcLGqMxSLNClHTfzsXYffc2UYW6q	\N	\N	\N	uui78784389@maillist.in	\N	\N	User100	Email_Registered	e5a7678c-0aab-4cc5-825b-1c3448f499d3	c2899ff1-9373-456c-aa73-620a4848ce3a	2019-09-06 15:16:54.86	\N	f
4a4b8ea3-06bb-4f5e-9c22-0f7941693cce	f	f	f	f	\N	luhut help	\N	$2a$10$pcYSZ7t0GksUCA22eAYWwOfY/FhKq6/Hh4yr5rMfqblPj7Ls9gC12	\N	\N	\N	help.beritasatutv@gmail.com	\N	\N	User100	Email_Registered	eaee4392-c4c9-4870-bc20-33def953e3c4	d3dfd894-6900-4a98-89a8-74dfa3f26b80	2019-09-09 11:37:25.693	\N	f
85a4345a-763c-4c31-97ab-3ef9e9d41a68	f	f	f	t	\N	September	\N	$2a$10$7N/qyQy6bXJ4uVMvwqUzEeB0BFmkBB7HLg7RnOHkK30D.tVm8jV/e	\N	\N	2019-09-11 11:28:30.124	september@mailinator.com	\N	\N	User100	Email_Verified	e5a7678c-0aab-4cc5-825b-1c3448f499d3	\N	2019-09-11 11:27:15.798	\N	f
dab16c5e-c5f0-4da1-9b54-36ce002f32fe	f	f	f	t	\N	test-array	\N	$2a$10$R9yUcKCJCBXZquL5JBnAauvIzArqmpBLvgWdpR5tqbJZ/UqEGz/Ju	\N	\N	2019-09-11 11:46:01.772	test-array@mailinator.com	\N	\N	User100	Email_Verified	a091eb99-d047-47fe-aa33-340ea817033c	686457cc-d6f9-4c87-a1f1-4c0e8b500e96	2019-09-11 11:37:51.037	\N	f
7892e51b-0f99-437e-ac49-140c134fbb8d	f	f	f	t	\N	Twentyfive Oct	\N	$2a$10$V/bcioROCmgs/KiQ6tYDxumlnwdarhDiHvdAy25on0xEnVZT2jBh6	\N	\N	2019-10-25 09:53:14.598	twentyfiveoct@mailinator.com	\N	\N	User100	Email_Verified	71c0ab74-3cdb-492f-8cac-d8947dc3d3fc	\N	2019-10-25 09:52:54.08	\N	f
207c1121-1b27-43e5-97d1-4a5a001feb4e	f	f	f	f	\N	Athung Lagi	\N	$2a$10$QQXBZBJjrLbSmE6banMf0Os6Bxlv/lFFuuwiOAwwlcBplaylU6Q4W	\N	\N	\N	athung@atung.com	\N	\N	User100	Email_Registered	6b88c479-8dd1-499b-be13-9f8ede8fc8df	d3dfd894-6900-4a98-89a8-74dfa3f26b80	2019-09-05 20:04:58.796	\N	f
00bb9d75-42b3-4641-9309-4d4cce80b05a	f	f	f	f	\N	Rahman	\N	$2a$10$TIAh3mzXJJJn4OFzEmDvIe1iclYgWWpTY24YEkorI724/7Yc9dsgi	\N	\N	2019-08-26 16:13:33.69	faisal.abdillah@pji-solutions.com_Deleted	\N	\N	User100	Email_Registered	6b88c479-8dd1-499b-be13-9f8ede8fc8df	\N	2019-08-26 16:06:30.117	\N	t
02dc7ef5-18a3-49c5-9fd2-c81edf1780d8	f	f	f	f	\N	dvdfdvfdv	\N	$2a$10$A1/o1aArAuTMobxS7j6l7eBhcCAlzdFwC/SIZYqE5/vjlEIY0rffS	\N	\N	\N	sdsjdhsjh@dwedwedw.com	\N	\N	User100	Email_Registered	6b88c479-8dd1-499b-be13-9f8ede8fc8df	c2899ff1-9373-456c-aa73-620a4848ce3a	2019-09-05 16:43:25.004	\N	f
08a8ce92-9009-46cd-824f-9924c8b6d064	f	f	f	f	\N	Solid Ray Telaumbanua	\N	$2a$08$bA6t1Xhsm9LVbLjuaywSs.SvK.RPY7LO7lDCr4qJZev2ykTqzQh8.	\N	c2899ff1-9373-456c-aa73-620a4848ce3a	2019-09-06 15:26:41.446	solid.telaumbanua9@pji-solutions.com	\N	\N	User29	Email_Registered	e5a7678c-0aab-4cc5-825b-1c3448f499d3	02c1c5e0-1a28-4d20-a365-1494d3cdd8ef	2019-08-13 14:55:09.295	\N	f
f09faa3d-eba3-4c26-8cf9-5e4c3832337b	f	f	f	f	\N	Customer No	\N	$2a$10$ihaApzhf9mQ2g7PlX0fU8evDJARUEXIULOPuAbsK.lSu90v2I80NC	\N	\N	\N	customerno@mailinator.com	\N	\N	User100	Email_Registered	e5a7678c-0aab-4cc5-825b-1c3448f499d3	d3dfd894-6900-4a98-89a8-74dfa3f26b80	2019-09-10 13:38:25.727	\N	f
e59aec1d-bca7-4bd7-885a-4746c2cce373	f	f	f	t	\N	sunandi890	\N	$2a$10$gPs7Y5rJJipI1PULB5CmfuNxH0f77Rwq.na55jbB/ue/vCd9TaIra	\N	\N	2019-09-11 12:04:16.603	sunandi890@mailinator.com	\N	\N	User100	Email_Verified	f7ce1e8a-c901-45e3-b737-6983c0dee06e	686457cc-d6f9-4c87-a1f1-4c0e8b500e96	2019-09-11 12:03:55.344	\N	f
2b059dad-3f6a-4a3f-a527-11a027c0f91d	f	f	f	t	\N	anggun1	\N	$2a$10$fkMnRQI8GXBjZUcpJj6YP.56aHmq2swG3wD6tsv7cQEoujo9IDSXW	\N	\N	2019-09-25 13:34:50.129	anggun@mailinator.com	\N	\N	User100	Email_Verified	62f87ee5-ade5-425a-9316-929b361fa788	\N	2019-09-25 13:33:45.348	\N	f
8dfc96d8-5b42-4fa9-b3da-8d5a296f18bc	f	f	f	t	\N	aftur test	\N	$2a$08$HsfkYgbqbJeU9z4LDmhOiuxvyMwcbDF4SDsr/yS0mm1bWhar0tGlC	\N	c2899ff1-9373-456c-aa73-620a4848ce3a	2019-09-06 15:27:29.623	aftur@mailinator.com	\N	\N	User37	Email_Verified	e5a7678c-0aab-4cc5-825b-1c3448f499d3	\N	2019-08-14 14:21:59.109	\N	f
2c979435-b976-437d-ab7d-d15e664d6cfa	f	f	f	f	\N	Rani Maharani	\N	$2a$10$Y0mudhMgUBy4kbZNYUWoQeJgCvESpiMhDBET.HMLds8.Fus7uPRYe	\N	\N	\N	rani22@mailinator.com	\N	\N	User100	Email_Registered	eaee4392-c4c9-4870-bc20-33def953e3c4	d3dfd894-6900-4a98-89a8-74dfa3f26b80	2019-09-11 10:43:22.542	\N	f
551c987e-b42d-4498-b127-bf674e55d005	f	f	f	f	\N	adsas	\N	$2a$10$VCgbuR7ZM8nbb8ILaRY02e6Tl3WoSR86RxAK9FsoBdedN2BGg5k2a	\N	\N	\N	super.admin@jatis.coma	\N	\N	User100	Email_Registered	89425eab-2f8c-437d-ae7f-ff360b714b58	c2899ff1-9373-456c-aa73-620a4848ce3a	2019-09-12 10:45:00.031	\N	f
508d79f7-4d0a-4c4d-9fc0-80164fe5a245	f	f	f	t	\N	user11	\N	$2a$10$NZCzDutKuQsg/743ghksVOgqlOyhieHfYNTaBcUvIJxB2pNwX5nTG	\N	\N	2019-09-25 14:24:12.009	customer11@mailinator.com	\N	\N	User100	Email_Verified	aba9b2ce-6c78-4c2e-8b70-c209a50175a3	\N	2019-09-25 14:22:56.516	\N	f
e0941b46-e641-4f1b-87cf-e420c24d680b	f	f	f	f	\N	17 Agustus	\N	$2a$10$YKBxrKYvG687iIqts9ka.OTuN5ABGbiQ7c7D//nZqs9sIt5l2aUx2	\N	686457cc-d6f9-4c87-a1f1-4c0e8b500e96	2019-08-22 17:04:36.829	17agustus@mailinator.com	\N	\N	User80	Email_Registered	6b88c479-8dd1-499b-be13-9f8ede8fc8df	\N	2019-08-21 21:28:19.976	\N	f
4e87971b-52aa-4b0e-b861-5efce291c0e2	f	f	f	f	\N	aftur	\N	$2a$10$KKa9uLOJORaT32DQIC/FY.PPFOeXoAksaJ2CF2k7d9NUJGtGS3e2u	\N	\N	\N	afturhidayat@mailinator.com	\N	\N	User100	Email_Registered	6b88c479-8dd1-499b-be13-9f8ede8fc8df	02c1c5e0-1a28-4d20-a365-1494d3cdd8ef	2019-09-05 17:18:12.501	\N	f
a5eb3829-1341-4752-b9b5-b2d063579bd3	f	f	f	t	\N	Aftur Hidayat	\N	$2a$10$AUC3b2LrUdfJKM8FPtnDLehDORD0A6TyHfKRPtE2UmdEmA5t8CpWG	\N	686457cc-d6f9-4c87-a1f1-4c0e8b500e96	2019-08-23 09:33:32.049	afturhidayat@gmail.com	\N	\N	User97	Email_Verified	6b88c479-8dd1-499b-be13-9f8ede8fc8df	7e9d9cca-8988-4321-bd3e-f6d5375e23dd	2019-08-22 18:55:03.444	\N	f
d3dfd894-6900-4a98-89a8-74dfa3f26b80	f	f	f	t	\N	Akun Tester	\N	$2a$10$Kt66HyCHr4m/6sbC5k351.QPVtfHo.XZag87Zlu2kNF8mu8TywLBm	\N	c2899ff1-9373-456c-aa73-620a4848ce3a	2019-09-02 14:04:48.778	lakun.testerl@gmail.com	\N	\N	User49	Email_Verified	6b88c479-8dd1-499b-be13-9f8ede8fc8df	02c1c5e0-1a28-4d20-a365-1494d3cdd8ef	2019-08-16 14:20:14.542	\N	f
106bf86a-db61-45b5-81a3-f4bf5059dcbc	f	f	f	t	\N	Testing Demo 3	\N	$2a$10$lbOTi6c7bNjZLsGR3LOVWe4FX8cvC3ZyZHq2LhIKOVQKPl89.V/RG	\N	\N	2019-08-23 10:34:56.262	testingdemo3@mailinator.com	\N	\N	User100	Email_Verified	6b88c479-8dd1-499b-be13-9f8ede8fc8df	02c1c5e0-1a28-4d20-a365-1494d3cdd8ef	2019-08-23 10:27:34.513	\N	f
84818182-aeeb-4390-af01-0a7acac6c5e4	f	f	f	f	\N	Peter Jackson	\N	$2a$10$1lIycZ6kdvSDXlerdTnTp.j5imPQtGLrBcC2HjtPuyJwK3ZZ9lQSG	\N	\N	\N	adfadfsd@maillist.in	\N	\N	User100	Email_Registered	6b88c479-8dd1-499b-be13-9f8ede8fc8df	b4411514-676c-4ed2-b0b4-ce4b90eaa8bb	2019-09-05 16:35:44.028	\N	f
082da1c1-1668-49f0-8cf9-7e1e1b8c1db1	f	f	f	t	\N	Testing Demo 1	\N	$2a$10$x2NaLkMKhNze0G76thwhcOv4KHYmlqwrq26gPbIFQo24jDi6Nan8q	\N	c4e3f6ed-6577-49d5-9cb3-f0c3776786c9	2019-08-22 17:42:38.402	testingdemo1@mailinator.com	\N	\N	User92	Email_Verified	6b88c479-8dd1-499b-be13-9f8ede8fc8df	686457cc-d6f9-4c87-a1f1-4c0e8b500e96	2019-08-22 17:23:37.873	\N	f
8e056191-4d99-41e1-b026-64d23ddb17d7	f	f	f	f	\N	Peter Jackson	\N	$2a$10$aYgT63NGysTZVXLGcftsw.dUIcJ8EpHMewdtSaMOopobXzGM/9892	\N	\N	\N	nuwijopa76u8wu@maillist.in	\N	\N	User100	Email_Registered	6b88c479-8dd1-499b-be13-9f8ede8fc8df	686457cc-d6f9-4c87-a1f1-4c0e8b500e96	2019-08-26 14:42:04.774	\N	f
63092150-81ae-4789-8ca7-746c641580a2	f	f	f	f	\N	Peter Jackson	\N	$2a$10$JHqRksEm4b0osQses6nYpujym/Xzmn0oEZZa3R0bP3ZU9V7Kgsw4G	\N	\N	\N	nuwijo34pawu@maillist.in	\N	\N	User100	Email_Registered	6b88c479-8dd1-499b-be13-9f8ede8fc8df	686457cc-d6f9-4c87-a1f1-4c0e8b500e96	2019-08-26 15:25:01.84	\N	f
bb5f557d-7c9e-4cc1-a9bf-5d5951cdc7ee	f	f	f	f	\N	Peter Jackson	\N	$2a$08$8UA8LOc2rNPkhq3iGxIi9OWWDyxzGa8/YboKJH8760A8gFP.jCzjS	\N	\N	\N	nuwijopa12wu@maillist.in	\N	\N	User23	Email_Registered	6b88c479-8dd1-499b-be13-9f8ede8fc8df	\N	2019-08-12 19:35:03.043	\N	f
01192c9a-f8d2-40c2-acdb-7c8c34c08ba2	f	f	f	f	\N	Isal Isal	\N	$2a$08$SAvuhQ/J4PMNQSOKSMsC3udB0xifFBVguM.94d/.FIjme/0JwBC7.	\N	\N	2019-08-20 16:37:52.23	isalisal633@gmail.com	\N	\N	User48	Email_Registered	6b88c479-8dd1-499b-be13-9f8ede8fc8df	02c1c5e0-1a28-4d20-a365-1494d3cdd8ef	2019-08-16 13:55:31.758	\N	f
24dda678-c8a6-489a-8208-f22827964187	f	f	f	f	\N	SunanFi	\N	$2a$10$lTgLAUnmfxSEqgmtzCjDi.WXs9zwznEssKXvdldurQ11UvglRrQQ2	\N	\N	\N	sunanfi@gmail.com	\N	\N	User100	Email_Registered	6b88c479-8dd1-499b-be13-9f8ede8fc8df	686457cc-d6f9-4c87-a1f1-4c0e8b500e96	2019-08-23 10:54:24.981	\N	f
4c71a65d-7a95-4e4e-bd91-633f095c6ba8	f	f	f	f	\N	SunaNdi	\N	$2a$10$tp/dLD54xUVP1S1RtrSjledVok7Azt7gaK0/vPFORIDS3SIz9.f9e	\N	\N	\N	SunAndI89@gmail.com	\N	\N	User100	Email_Registered	6b88c479-8dd1-499b-be13-9f8ede8fc8df	686457cc-d6f9-4c87-a1f1-4c0e8b500e96	2019-08-23 10:25:00.908	\N	f
50c50411-09bb-4dd2-9037-6eaa7c825263	f	f	f	f	\N	Peter Jackson	\N	$2a$10$8zRTBINSTllCVSNpsQYAzeZyqV2lDaytc80CEK4oOTCufeAri7b3W	\N	\N	\N	nuwijopa33wu@maillist.in	\N	\N	User100	Email_Registered	6b88c479-8dd1-499b-be13-9f8ede8fc8df	686457cc-d6f9-4c87-a1f1-4c0e8b500e96	2019-09-06 10:28:34.826	\N	f
a181ffa8-8ee2-4bb0-9241-b70c49056939	f	f	f	f	\N	Peter Jackson	\N	$2a$08$LlK0LdJhf0w118E02E3/d.UjedPAPEduA3p.ZW5bnW3RKH.49DEZi	\N	\N	\N	nuwi5jopawu@maillist.in	\N	\N	User39	Email_Registered	6b88c479-8dd1-499b-be13-9f8ede8fc8df	\N	2019-08-14 18:15:13.67	\N	f
82cf3b2d-2aa4-4828-b93d-db5decb0a817	f	f	f	f	\N	jon	\N	$2a$08$g64wYKIkIyeR7pginiBPmuVKW0FOdAPBnPLwZOU4rePnTZ4vDuUbi	\N	\N	\N	jon@mailinator.com	\N	\N	User59	Email_Registered	6b88c479-8dd1-499b-be13-9f8ede8fc8df	\N	2019-08-19 17:58:30.955	\N	f
c64d3f87-8b25-4144-a965-5359e71f7b4f	f	f	f	t	\N	Dompak Petrus Sinambela	\N	$2a$10$VuV892L4DUIPedWj.m8.1.5qNGrT0ent2kr33BrQy1LU2MSxDUA3a	\N	\N	2019-08-23 14:00:52.851	dompak.sinambela@pji-solutions.com	\N	\N	User100	Email_Verified	6b88c479-8dd1-499b-be13-9f8ede8fc8df	b7de7fc6-1cea-4639-88c6-c31e0c5e3038	2019-08-23 11:05:44.999	\N	f
55d583c6-718f-4531-b39c-f72b30703e5c	f	f	f	f	\N	luhut Art	\N	$2a$08$c7GkpXGlXD5vYwTtSmy/8.cn7GweiMh4.MNBIwn3K5oAnNnx86hjK	\N	\N	2019-08-16 18:41:30.084	luhut.pascal@gmail.com	\N	\N	User44	Email_Verified	6b88c479-8dd1-499b-be13-9f8ede8fc8df	\N	2019-08-16 11:58:22.786	\N	f
15a6d6cf-f9a1-4f0a-9be2-e2891b5424d3	f	f	f	f	\N	sunandi	\N	$2a$10$iu2/4UGFBzi2wD5AxXMjde9qMDSQGEfPNb7K4JRqmaNaznhFmooT2	\N	\N	2019-08-21 21:28:24.987	sunandi-new@gmail.com	\N	\N	User78	Email_Registered	6b88c479-8dd1-499b-be13-9f8ede8fc8df	b4411514-676c-4ed2-b0b4-ce4b90eaa8bb	2019-08-21 18:11:18.452	\N	t
936d6e62-6b3b-4273-8f1d-d554d7826b8c	f	f	f	t	\N	testinghapus5	\N	$2a$10$GWKrhRFZRuXHGHgjWXsu6u5kaImpS7AbSMMD5hU5ZDaH8/5tHyBj6	\N	\N	\N	testinghapus5@mailinator.com	\N	\N	User100	Email_Verified	6b88c479-8dd1-499b-be13-9f8ede8fc8df	02c1c5e0-1a28-4d20-a365-1494d3cdd8ef	2019-08-23 14:25:36.762	\N	f
f2414ffb-ec06-41da-a35b-e8fdded683a2	f	f	f	f	\N	Testing22	\N	$2a$08$CRDVTJ0wtoXh.ERnjbh5OetX3cuXyjLt43WdZvuSz50EVU8LQA0SC	\N	\N	2019-08-20 12:58:45.172	testing2@maillinator.com	\N	\N	User64	Email_Registered	6b88c479-8dd1-499b-be13-9f8ede8fc8df	\N	2019-08-20 11:32:33.616	\N	f
d4fb38ff-d8ac-40c6-b965-975d57ec2556	f	f	f	f	\N	dua kali dua	\N	$2a$10$ForaEGOfvW0o4VdDJTi7XuVRDcZWl/vKb8IWhk1kM.OmU4b9mmz1S	\N	\N	2019-08-29 13:28:45.975	duakalidua@mailinator.com_Deleted	\N	\N	User88	Email_Registered	6b88c479-8dd1-499b-be13-9f8ede8fc8df	02c1c5e0-1a28-4d20-a365-1494d3cdd8ef	2019-08-22 13:41:01.428	\N	t
70bb2d43-aaa3-483a-b8b1-0cadb03e6c48	f	f	f	t	\N	Testing Satu Satu	\N	$2a$10$ktKhX.GEEidmbSmuGo/DEu5.MWyhcanNtP5vgJPMiw9wtqsG.6hUq	\N	c45dce15-4c72-4f1c-b8e3-4009c1f65f6f	2019-08-22 13:24:48.835	testingsatu@mailinator.com	\N	\N	User85	Email_Verified	6b88c479-8dd1-499b-be13-9f8ede8fc8df	c2899ff1-9373-456c-aa73-620a4848ce3a	2019-08-22 12:42:57.484	\N	f
c311e24e-577e-4b08-bf28-208a97bc86a2	f	f	f	f	\N	fauzan test	\N	$2a$08$gaSVNBwX.qkqjZndA1nyDuYFJ/9vu3BP.TsXkorHDnaPo/lSqQW3a	\N	\N	2019-08-15 17:50:08.66	fauzan@mailinator.com	\N	\N	User38	Email_Verified	6b88c479-8dd1-499b-be13-9f8ede8fc8df	\N	2019-08-14 14:46:00.028	\N	f
8b265097-a099-4955-8c05-8b13f68ccccc	f	f	f	f	\N	Ray.ray test 14/08/2019	\N	$2a$08$7RpeRQenstsIx8Y.C1YBD.p40XDFWX2aT/zoNfgnPN5Hta2ZjtXia	\N	b4411514-676c-4ed2-b0b4-ce4b90eaa8bb	2019-09-05 20:00:37.891	sunandi@mailinator.com	\N	\N	User34	Email_Verified	6b88c479-8dd1-499b-be13-9f8ede8fc8df	\N	2019-08-14 10:33:55.816	\N	f
0ec0a038-def8-45fc-a5f8-f66fc0d0399d	f	f	f	t	\N	Test3.4	\N	$2a$10$pc/7aT0yblsIEzpc95j.O.le6GbvrbBqQRFWYw0XsWot8kW6mZMle	\N	\N	2019-08-23 15:23:55.444	testingaulia3@mailinator.com	\N	\N	User100	Email_Verified	6b88c479-8dd1-499b-be13-9f8ede8fc8df	d1219466-1efb-4767-8a2b-4df9da12d91d	2019-08-23 15:09:31.239	\N	f
e7332d59-c285-4a6d-b517-2f1e41ab3444	f	f	f	t	\N	Mohammad Fahrul Alwan	\N	$2a$10$mFoeKTRhZbQLmMHwbfzRrOORO87.LOPxdtzJKBuPN3D8pP/0kS/cu	\N	e7332d59-c285-4a6d-b517-2f1e41ab3444	2019-08-30 15:35:09.418	fahrulalwan@gmail.com	\N	\N	User50	Email_Verified	6b88c479-8dd1-499b-be13-9f8ede8fc8df	\N	2019-08-16 14:40:14.371	\N	f
87c1f2e7-1622-4580-98b7-94347f1fb01c	f	f	f	f	\N	Akun Tester 1	\N	$2a$08$1HxWL5886gFtRXyv1FBTN.wbwEIb78SAJNQn5./9qWVyKb.YSw756	\N	\N	\N	lakun.tester1l@gmail.com	\N	\N	User47	Email_Registered	6b88c479-8dd1-499b-be13-9f8ede8fc8df	02c1c5e0-1a28-4d20-a365-1494d3cdd8ef	2019-08-16 13:46:27.985	\N	f
166dbadf-91ec-4038-93eb-be0cd5c38f13	f	f	f	t	\N	raykuni	\N	$2a$08$PKYXmxA6OfhGdPlUAL4Tf.DLIQPPVi6sVMGgaLi07ZU9wAOsPmr8O	\N	\N	\N	raykuni@mailinator.com	\N	\N	User53	Email_Verified	6b88c479-8dd1-499b-be13-9f8ede8fc8df	\N	2019-08-19 14:40:05.007	\N	f
278c3df4-b788-4f3d-a07d-d12349bb380c	f	f	f	t	\N	Satrio Utomo	\N	$2a$08$7lexXZpSIYm6/PDBOVCA/usQ.7pr2uWeH/MNUPB7P7/Y4tt3Kpq3S	\N	\N	\N	satrio.utomo@jatis.com	\N	\N	User55	Email_Verified	6b88c479-8dd1-499b-be13-9f8ede8fc8df	\N	2019-08-19 14:48:28.637	7fb4fa	f
f6345c8c-3660-436f-a53e-e14895b3ba91	f	f	f	f	\N	Admin-Internal	\N	$2a$10$Kr64TLJo1WjXQ5k85Lvw2eWJA39CkvfPtQgo/JM797iEjtIv.3tGy	\N	c2899ff1-9373-456c-aa73-620a4848ce3a	2019-08-22 11:35:54.71	admininternal@mailinator.com	\N	\N	User82	Email_Registered	6b88c479-8dd1-499b-be13-9f8ede8fc8df	c2899ff1-9373-456c-aa73-620a4848ce3a	2019-08-22 11:34:46.171	\N	t
ab403180-eaa5-42a7-a39c-0931baa2b5c6	f	f	f	f	\N	Rahman	\N	$2a$10$5f0DvZ7VxA0Yxju129C6L.MlRxDnHbl8AOxt4HiU7SYVSVkNqMORG	\N	\N	2019-08-26 16:05:14.31	faisal.abdillah@pji-solutions.com_Deleted	\N	\N	User100	Email_Registered	6b88c479-8dd1-499b-be13-9f8ede8fc8df	\N	2019-08-26 16:04:51.195	\N	t
45921d81-f1d3-44b6-b1b7-bc9509c3cc8a	f	f	f	f	\N	Rahman	\N	$2a$10$3Sl89BvT5H/okln3v5rmaeTFcqNYjRbyMvaNgkiFnWHUjI9mFnME6	\N	\N	2019-08-26 16:18:03.672	faisal.abdillah@pji-solutions.com_Deleted	\N	\N	User100	Email_Registered	6b88c479-8dd1-499b-be13-9f8ede8fc8df	\N	2019-08-26 16:13:36.772	\N	t
9ab1cdda-edc8-4669-88ff-7fc3800130e0	f	f	f	t	\N	athung hidayat	\N	$2a$10$UPU0VRJXgxGDwRTMlCssLuTlaCPD5QmsPbbVdZby.hDgh7WtjxiwC	\N	\N	2019-08-26 14:29:20.617	athunghidayat58@outlook.com	\N	\N	User100	Email_Verified	6b88c479-8dd1-499b-be13-9f8ede8fc8df	02c1c5e0-1a28-4d20-a365-1494d3cdd8ef	2019-08-26 14:27:46.588	\N	f
b7de7fc6-1cea-4639-88c6-c31e0c5e3038	f	f	f	t	\N	Dompak Petrus Sinambela	\N	$2a$10$xAwgR07s/NHcwtk8IvbMrOhyP3c0yZ2VRvfvYYVIZWJPJ33VbDCkC	\N	\N	2019-08-23 14:10:06.854	dompak.sinambela@gmail.com	\N	\N	User76	Email_Registered	6b88c479-8dd1-499b-be13-9f8ede8fc8df	02c1c5e0-1a28-4d20-a365-1494d3cdd8ef	2019-08-21 13:16:46.856	7a2906	f
4ef8ee6e-0fe2-435b-b486-5608712d2ae4	f	f	f	t	\N	Hanif	\N	$2a$10$UHD6gakD6FwfDggc6g.UXemhYpKRJPExDRgPm90eBeBzlmJt/xtiu	\N	4ef8ee6e-0fe2-435b-b486-5608712d2ae4	2019-09-02 14:04:11.194	hanif@mailinator.com	\N	\N	User100	Email_Verified	6b88c479-8dd1-499b-be13-9f8ede8fc8df	686457cc-d6f9-4c87-a1f1-4c0e8b500e96	2019-09-02 13:04:25.537	\N	f
0c7c9118-2215-4116-8fbf-55f4713c67d3	f	f	f	t	\N	User Hapus 1_1	\N	$2a$10$aoNJmOrm6LOKGwkxWp9.auYF0hwtt0lC/QXm/DkG/GIcL0Dbn65km	\N	\N	2019-08-23 12:58:34.477	testinghapus1@mailinator.com	\N	\N	User100	Email_Verified	6b88c479-8dd1-499b-be13-9f8ede8fc8df	d9c9cec9-3208-4ba0-ae26-3d68d44e3bcc	2019-08-23 12:56:14.52	\N	f
52b68bd6-398f-4fbd-821a-0a3f0a56ffe6	f	f	f	f	\N	Peter Jackson	\N	$2a$10$tY/Nq970YQdyHmnQ4j.PRuQlf.P6r1nT9UghLcUkkJUj4iwadLi5S	\N	\N	\N	nuwijo392pawu@maillist.in	\N	\N	User100	Email_Registered	6b88c479-8dd1-499b-be13-9f8ede8fc8df	686457cc-d6f9-4c87-a1f1-4c0e8b500e96	2019-09-06 10:59:15.932	\N	f
7e9d9cca-8988-4321-bd3e-f6d5375e23dd	f	f	f	t	\N	Admin System	\N	$2a$10$RctFBdAPDEpo065mRTx28.whJfx8Aa20bi1VzviqMPNawhAKA5jsy	\N	\N	2019-08-22 15:59:55.016	internalsystem@mailinator.com	\N	\N	User89	Email_Verified	6b88c479-8dd1-499b-be13-9f8ede8fc8df	a606f12c-51d5-4d4d-aef2-be1b68d902bb	2019-08-22 15:59:33.658	\N	f
9bcbb66d-897d-480b-b490-103828c5c49e	f	f	f	f	\N	SunandFi	\N	$2a$10$ndb1g4owJ6cstqja7M4lDObGCRzZReBJMREFZ0XBhz/0eIcPWaBDO	\N	\N	\N	sunadacs@sads.com	\N	\N	User100	Email_Registered	6b88c479-8dd1-499b-be13-9f8ede8fc8df	686457cc-d6f9-4c87-a1f1-4c0e8b500e96	2019-08-23 10:55:03.801	\N	f
4a0a51c6-f696-459c-9617-c896e93cecd1	f	f	f	f	\N	Peter Jackson	\N	$2a$10$Ncui.bwdJGvlfByC4rpp6uDMlN8pLSrTjeXFsr6mAQs5pBivN1I.6	\N	\N	\N	nuwijo2pawu@mai2l23ist.in	\N	\N	User100	Email_Registered	6b88c479-8dd1-499b-be13-9f8ede8fc8df	686457cc-d6f9-4c87-a1f1-4c0e8b500e96	2019-08-26 15:27:26.587	\N	f
25740d11-8318-4317-ba36-096424c333e2	f	f	f	f	\N	hwicaksono	\N	$2a$10$mnUs2IIcHm.qeAp54mZ2IOxnUz/F1O1jae13QdwHLPzCBr4YhdZpi	\N	\N	\N	kitonus@gmail.com	\N	\N	User73	Email_Registered	6b88c479-8dd1-499b-be13-9f8ede8fc8df	686457cc-d6f9-4c87-a1f1-4c0e8b500e96	2019-08-20 18:44:26.849	\N	f
7922cbb0-418d-41f1-9389-fff5fee8fc82	f	f	f	f	\N	test-sunandi	\N	$2a$08$QQDrreYkG4O8t9NKlcy.POBGuTJxaRsiEEsUHJ0nljtInE0NKXSC6	\N	\N	\N	test-sunandi@mailinator.com	\N	\N	User63	Email_Registered	6b88c479-8dd1-499b-be13-9f8ede8fc8df	\N	2019-08-20 11:17:33.139	\N	f
9a019640-edbd-4c98-ae47-78419ea2c204	f	f	f	f	\N	sunandi-new	\N	$2a$10$LeewUZo.kVArSqLgqhrH7eKQEP86U7JMnzfDHMoLClyz0s6o5VUjC	\N	b4411514-676c-4ed2-b0b4-ce4b90eaa8bb	2019-08-21 19:03:36.359	sunandi-new@mailinator.com	\N	\N	User79	Email_Registered	6b88c479-8dd1-499b-be13-9f8ede8fc8df	b4411514-676c-4ed2-b0b4-ce4b90eaa8bb	2019-08-21 18:13:50.33	\N	f
a529b989-3fe2-49b5-a9e4-285e9fb7adf6	f	f	f	f	\N	Peter Jackson	\N	$2a$10$vA.IfwE3TOnJFJu0z.05C.oBWNK4pr6JpsaVPP92ObIwaCJAY9yUO	\N	\N	\N	nuwijopawu@mail23ist.in	\N	\N	User100	Email_Registered	6b88c479-8dd1-499b-be13-9f8ede8fc8df	686457cc-d6f9-4c87-a1f1-4c0e8b500e96	2019-08-26 15:25:53.723	\N	f
c1c4096c-a3cf-47ba-9653-27489a95fff4	f	f	f	t	\N	inputer Dua	\N	$2a$10$GW9ms4fSDJum95xAXPaYqe8FN.Q1Oua.xv84Sr2kplvG9KQVe3Ic6	\N	02c1c5e0-1a28-4d20-a365-1494d3cdd8ef	2019-08-23 15:33:15.3	testingdemo2@mailinator.com	\N	\N	User99	Email_Verified	6b88c479-8dd1-499b-be13-9f8ede8fc8df	686457cc-d6f9-4c87-a1f1-4c0e8b500e96	2019-08-23 09:43:19.042	\N	f
d7347919-e6e9-4bc5-8a40-fb51cdfcbe32	f	f	f	t	\N	test-sunandi3	\N	$2a$08$2swmcCeS204In78Y0j/sROKtSOpOMeWi7wCyf0106IDNoKa3jUuRi	\N	\N	2019-08-20 19:00:11.168	test-sunandi3@mailinator.com	\N	\N	User68	Email_Verified	6b88c479-8dd1-499b-be13-9f8ede8fc8df	\N	2019-08-20 12:26:36.827	\N	f
a9d6d5a5-f4d8-4914-9e04-6fb02c077338	f	f	f	f	\N	sunandi malam	\N	$2a$10$f6PaC/NsxU1yHnJc.ryUlOgp5c0y63rwWNWeono1jmyEWuULHqcr2	\N	b4411514-676c-4ed2-b0b4-ce4b90eaa8bb	2019-09-05 20:33:14.823	sunandi@gmail.com	\N	\N	User100	Email_Registered	6b88c479-8dd1-499b-be13-9f8ede8fc8df	b4411514-676c-4ed2-b0b4-ce4b90eaa8bb	2019-09-05 20:32:49.843	\N	f
f737f641-9eac-4d14-86b4-c2cd63a0c9ae	f	f	f	f	\N	Tiga kali empat	\N	$2a$10$mn96zrjPLFDlPMc6HJ9T4OE.a9BXu01nFEOZiG66dLrMsdY64sr86	\N	02c1c5e0-1a28-4d20-a365-1494d3cdd8ef	2019-08-23 10:23:59.078	tigakaliempat@mailinator.com	\N	\N	User100	Email_Registered	6b88c479-8dd1-499b-be13-9f8ede8fc8df	02c1c5e0-1a28-4d20-a365-1494d3cdd8ef	2019-08-23 10:22:37.908	\N	t
d3349581-77fe-4490-9c53-70dd0d53de83	f	f	f	f	\N	luhutsihombing@mailinator.com	\N	$2a$08$.FfkcfKJD9IvkVmlMHmlSe24esHGqRcspVn2skOXwlPm0.jl6UKyC	\N	686457cc-d6f9-4c87-a1f1-4c0e8b500e96	2019-08-22 17:05:07.696	luhutsihombing@mailinator.com	\N	\N	User46	Email_Registered	6b88c479-8dd1-499b-be13-9f8ede8fc8df	\N	2019-08-16 12:17:52.934	\N	t
e6936a48-c4a6-4096-aa13-76e4eb9b1a95	f	f	f	f	\N	Peter Jackson	\N	$2a$10$5LzfxqwxhmS1HUVEBrFEMu55THrbZUvnhELDYyva7fYT4./TEA5NK	\N	\N	\N	nuwijopawu@mai2l23ist.in	\N	\N	User100	Email_Registered	6b88c479-8dd1-499b-be13-9f8ede8fc8df	686457cc-d6f9-4c87-a1f1-4c0e8b500e96	2019-08-26 15:26:07.327	\N	f
9106bc8c-d661-4410-a4b9-e0b43cfa335a	f	f	f	t	\N	Rahmah Maharani	\N	$2a$10$JoLdkpo.5bc5y/WOx8NO5OUEGxxErFoxQfB.uMUR4kyjRo3Cry94K	\N	\N	2019-08-22 12:59:07.545	rahmahmaharani@mailinator.com	\N	\N	User84	Email_Verified	6b88c479-8dd1-499b-be13-9f8ede8fc8df	a606f12c-51d5-4d4d-aef2-be1b68d902bb	2019-08-22 12:41:49.503	\N	f
0bfbd3d3-a00c-41a3-8e11-665f36331549	f	f	f	f	\N	faisal	\N	$2a$08$qYzLKvjxBhwSMFTI1UUQIupAUia6F6yuGB2rsocZrdKKo5hXV31Ce	\N	\N	\N	faisal@mailinator.com	\N	\N	User36	Email_Registered	6b88c479-8dd1-499b-be13-9f8ede8fc8df	\N	2019-08-14 10:50:37.086	\N	f
a606f12c-51d5-4d4d-aef2-be1b68d902bb	f	f	f	t	\N	Admin-Internal	\N	$2a$10$WEACioNvfXHEF2/V8Blh4enReGki9PizNa0EnlmAm99y3pFby2rWC	\N	\N	2019-08-22 15:17:38.077	internal1@mailinator.com	\N	\N	User83	Email_Verified	6b88c479-8dd1-499b-be13-9f8ede8fc8df	c2899ff1-9373-456c-aa73-620a4848ce3a	2019-08-22 11:37:37.833	\N	f
906015c2-16b9-4f72-ba92-0aa57187f3af	f	f	f	t	\N	Rahman	\N	$2a$10$9uqDe4WZTdnQSXa2SnJOqe5MC3r/0S1T1g2HD01hXI2Do00CuvyoK	\N	\N	\N	faisal.abdillah@pji-solutions.com	\N	\N	User100	Email_Registered	6b88c479-8dd1-499b-be13-9f8ede8fc8df	\N	2019-08-26 16:18:06.551	\N	f
fe1898f7-22ef-42f0-8ae4-6920bc240546	f	f	f	f	\N	\N	\N	$2a$08$kzdQBjqFaquGVPOXkOPhUunY9cauwptxjiQ.7VnR98BuZdnHYJxTG	\N	\N	\N	solid.telaumbanua4@pji-solutions.com	\N	\N	User26	Email_Registered	6b88c479-8dd1-499b-be13-9f8ede8fc8df	02c1c5e0-1a28-4d20-a365-1494d3cdd8ef	2019-08-13 14:18:04.19	\N	f
c32cf6c6-588d-46b6-8855-978c14a2eef9	f	f	f	f	\N	aulia pagi	\N	$2a$10$1d/vUmrYQQQQ5GWqD1CxTOLb8ub/nHoivWS5xN/CFsxItUINbU2G6	\N	\N	\N	auliapagi@gmail.com	\N	\N	User100	Email_Registered	6b88c479-8dd1-499b-be13-9f8ede8fc8df	686457cc-d6f9-4c87-a1f1-4c0e8b500e96	2019-09-06 10:27:37.628	\N	f
e7872471-0e5c-4d0c-a9bd-b1cc136c8269	f	f	f	t	\N	Testing Aulia 1_1	\N	$2a$10$TyjbasIPh5HJ9dk60zKOwu34pNEdHYXXmNvNG6mIcraOzxT6eTJpq	\N	\N	2019-08-23 13:21:39.234	testingaulia1@mailinator.com	\N	\N	User100	Email_Verified	6b88c479-8dd1-499b-be13-9f8ede8fc8df	686457cc-d6f9-4c87-a1f1-4c0e8b500e96	2019-08-23 10:39:22.055	\N	f
cc9ae882-137b-48f6-a4e9-d05ddeb60409	f	f	f	t	\N	test-selasa	\N	$2a$08$zIVFrdU4sBrgOPUWYVyD4eewGec50mqC56uho0LSAwG67mIpCpUR2	\N	\N	\N	test-selasa@mailinator.com	\N	\N	User62	Email_Verified	6b88c479-8dd1-499b-be13-9f8ede8fc8df	\N	2019-08-20 10:17:51.088	\N	f
4a64bb03-46eb-4777-9b8a-ed2ec73f2eb4	f	f	f	t	\N	ganteng banget ya	\N	$2a$08$f6fYNYaNos8vZdiPwekAcuXzkVCMZ6CwBGOfmOX7aHzC3we7NbH1q	\N	\N	2019-08-20 19:04:43.845	testtest@mailinator.com	\N	\N	User70	Email_Verified	6b88c479-8dd1-499b-be13-9f8ede8fc8df	\N	2019-08-20 17:27:27.605	\N	f
2b897c6b-a697-4c41-9b10-961869d5c7a4	f	f	f	f	\N	luhutinternal	\N	$2a$08$OiZNk2beNmizGJ4X9tW13e86rvrCDqPEMhOV3MOa235w.pH5nw8cC	\N	686457cc-d6f9-4c87-a1f1-4c0e8b500e96	2019-08-22 17:05:28.367	luhutinternal@mailinator.com	\N	\N	User45	Email_Verified	6b88c479-8dd1-499b-be13-9f8ede8fc8df	\N	2019-08-16 12:01:51.665	\N	f
59502397-97ce-429a-b608-680435b24220	f	f	f	f	\N	sunandiiiiiiiiiiiiiiiiiiiiii	\N	$2a$10$nBwy/v49oJfwgVkwTEcwz.QNNQxW.coLRrPHysSMxCc2jaCshoEl2	\N	\N	\N	sunandi@sunandi.com	\N	\N	User100	Email_Registered	6b88c479-8dd1-499b-be13-9f8ede8fc8df	b4411514-676c-4ed2-b0b4-ce4b90eaa8bb	2019-09-05 20:06:23.241	\N	f
00f0d931-2b88-44ad-809a-cb18a5dd360f	f	f	f	f	\N	asdasd	\N	$2a$10$.RapKonyArRv687.2XjB1u3DntQUKZYrbSfAhFG4CU.6h3wCHT4V6	\N	\N	\N	asdas2@asdasdas.com	\N	\N	User100	Email_Registered	6b88c479-8dd1-499b-be13-9f8ede8fc8df	686457cc-d6f9-4c87-a1f1-4c0e8b500e96	2019-08-26 15:14:06.584	\N	f
6ac4ccb9-00cc-4355-8780-8ef0035fe1e3	f	f	f	t	\N	Aul	\N	$2a$08$bx/DnS37wTfYb6mKKamk2ea8AR0GANaNdIapPcEf/DsZbGJKWxIo6	\N	\N	2019-08-20 15:44:27.564	testing-aulia@mailinator.com	\N	\N	User69	Email_Verified	6b88c479-8dd1-499b-be13-9f8ede8fc8df	\N	2019-08-20 13:52:09.655	\N	f
6edd905f-d65c-4f04-8a05-b0b29a6acdc8	f	f	f	t	\N	Test Login	\N	$2a$08$Qlo.tJuNy7SLWUc6O7KK.utzHEqLTysZQ6IMEXVuprxc.49Hnijtu	\N	\N	2019-08-20 09:22:52.73	testlogin@mailinator.com	\N	\N	User61	Email_Verified	6b88c479-8dd1-499b-be13-9f8ede8fc8df	\N	2019-08-20 09:09:28.189	\N	f
520fb8ae-0fee-418b-9644-408ae0930b22	f	f	f	f	\N	Peter Jackson	\N	$2a$10$w0VSxpgU7KtFcGc0/m03E.nEyzTIDDS1b.ftlvBu80bREe.A8a07K	\N	\N	\N	nu34wijopawu@maillist.in	\N	\N	User100	Email_Registered	6b88c479-8dd1-499b-be13-9f8ede8fc8df	686457cc-d6f9-4c87-a1f1-4c0e8b500e96	2019-09-06 10:29:46.26	\N	f
2853c3d2-bc99-40c1-9f91-45de9c0e3be5	f	f	f	f	\N	sas	\N	$2a$10$wdn0MSKUERInh0SH8UtTxe/2QB39BU5K4/YMQJPreJx5N08vnN.p6	\N	\N	\N	test@mailinator.com	\N	\N	User100	Email_Registered	6b88c479-8dd1-499b-be13-9f8ede8fc8df	d3dfd894-6900-4a98-89a8-74dfa3f26b80	2019-09-06 10:24:11.256	\N	f
7c37fd58-9b29-4795-bc6c-7e267f943f13	f	f	f	f	\N	Peter Jackson	\N	$2a$10$viTxLAI6xOfsNI7mKLLc/eFLrz5mz.bEV/Ujh4UwfjwO9gjS4k4.q	\N	\N	\N	nuwijopa56wu@maillist.in	\N	\N	User100	Email_Registered	6b88c479-8dd1-499b-be13-9f8ede8fc8df	686457cc-d6f9-4c87-a1f1-4c0e8b500e96	2019-09-06 11:00:43.578	\N	f
66da8d88-4cb5-4b65-b0b8-d39fa0de4e83	f	f	f	t	\N	Testing Hapus 3	\N	$2a$10$14mdJlbuftFOs5l74PwtA.ewjuOS4fFvtwx.EfqCivA3bWt1dxLdW	\N	\N	2019-08-23 13:04:10.789	testinghapus3@mailinator.com	\N	\N	User100	Email_Verified	6b88c479-8dd1-499b-be13-9f8ede8fc8df	02c1c5e0-1a28-4d20-a365-1494d3cdd8ef	2019-08-23 13:04:00.709	\N	f
54b5c14f-b0e3-4b59-8d82-ba25c66236c3	f	f	f	f	\N	asa	\N	$2a$10$.2D01OnIUNHaaKHuxDKps.iUkUzs92BlwIyIFIpBYoQtaty3D/IJq	\N	\N	\N	asdasd@asda.com	\N	\N	User100	Email_Registered	6b88c479-8dd1-499b-be13-9f8ede8fc8df	c2899ff1-9373-456c-aa73-620a4848ce3a	2019-09-06 10:25:39.467	\N	f
c45dce15-4c72-4f1c-b8e3-4009c1f65f6f	f	f	f	t	\N	Testing dua 2	\N	$2a$10$D8hyZFuU5ySa71KlXWWSkePVhh/VTArbAfZiDCaglNh6wJTgcQrIS	\N	\N	2019-08-22 13:06:15.077	testingdua@mailinator.com	\N	\N	User86	Email_Verified	6b88c479-8dd1-499b-be13-9f8ede8fc8df	70bb2d43-aaa3-483a-b8b1-0cadb03e6c48	2019-08-22 12:56:03.196	\N	f
42b0ccc7-59dc-4db4-8eaf-3cbb575f6748	f	f	f	f	\N	testing meeting	\N	$2a$08$yh586i8p8DK5c4ucRyj3uOq1Tj1Pjmq6GabYCExs74HaW8M8Ez8Ke	\N	686457cc-d6f9-4c87-a1f1-4c0e8b500e96	2019-08-20 18:50:04.076	internal_project@mailinator.com	\N	\N	User72	Email_Registered	6b88c479-8dd1-499b-be13-9f8ede8fc8df	686457cc-d6f9-4c87-a1f1-4c0e8b500e96	2019-08-20 17:40:16.46	\N	t
3ae76647-ad56-4cc7-9abe-0474f53bea07	f	f	f	f	\N	Peter Jackson	\N	$2a$08$Lk6YQRabap2UwUGvZCjUL.zSoy/xcRinIFvQYMF4w2cAZ417JORa2	\N	\N	\N	nuwijop34awu@maillist.in	\N	\N	User56	Email_Registered	6b88c479-8dd1-499b-be13-9f8ede8fc8df	\N	2019-08-19 15:01:34.717	\N	f
8f96f09b-0d0a-46f1-9ede-56260a6a3ab1	f	f	f	t	\N	test-sunandi2	\N	$2a$08$6QKXUziOigC8m9aQ5Y/cuOHTD0w9ctsSc0YIm38KzukgxdsM0OlXS	\N	\N	\N	test-sunandi2@mailinator.com	\N	\N	User67	Email_Verified	6b88c479-8dd1-499b-be13-9f8ede8fc8df	\N	2019-08-20 11:40:52.237	\N	f
5344274d-d44a-4e4e-bcb5-36fcc0ee8349	f	f	f	f	\N	Peter Jackson	\N	$2a$10$0VGvwGijNN3yC9vpWvhCTuB/t7RTgeGU6niyGWJnfggWEIGWEGc2e	\N	\N	\N	nuwijopa34wu@maillist.in	\N	\N	User100	Email_Registered	6b88c479-8dd1-499b-be13-9f8ede8fc8df	686457cc-d6f9-4c87-a1f1-4c0e8b500e96	2019-09-06 10:30:42.209	\N	f
c4e3f6ed-6577-49d5-9cb3-f0c3776786c9	f	f	f	t	\N	Testing Demo	\N	$2a$10$wEmJXMXWgVhco402H/SXeu7hGLERRv7tNigbmZ5Ahqts7uaXWMkdy	\N	\N	2019-08-23 10:00:49.352	testingdemo@mailinator.com	\N	\N	User91	Email_Verified	6b88c479-8dd1-499b-be13-9f8ede8fc8df	686457cc-d6f9-4c87-a1f1-4c0e8b500e96	2019-08-22 17:10:17.752	\N	f
2eb001e9-bc37-41b2-b757-06a1a1f7ee75	f	f	f	f	\N	Peter Jackson	\N	$2a$08$bt5jfmhbnxGJmMfrdocgcukcgaiGG.iawJKAi2Pk6h.p8.eqHQe8C	\N	\N	\N	nuwijopa7775wu@maillist.in	\N	\N	User57	Email_Registered	6b88c479-8dd1-499b-be13-9f8ede8fc8df	\N	2019-08-19 15:03:53.071	\N	f
0f86b958-62db-4ff6-8ced-c9e3465ccdce	f	f	f	f	\N	asdasd	\N	$2a$08$nOoI51ulUruxHKFbFT.psOJMVYHsb9pNKPldnkzf3xnm4ERTwfwNi	\N	\N	\N	testingasd@maillinator.com	\N	\N	User65	Email_Registered	6b88c479-8dd1-499b-be13-9f8ede8fc8df	\N	2019-08-20 11:33:54.309	\N	t
e4353248-5d37-4008-8901-6908bcd9471f	f	f	f	t	\N	\N	\N	$2a$08$uNRuSZ5plRcDhn3cqFlss.sq./R.MH4y7G2jjy63YWaKgsQBg8p8m	\N	e4353248-5d37-4008-8901-6908bcd9471f	2019-08-15 14:53:13.435	solid.telaumbanua@pji-solutions.com	\N	\N	User24	Email_Verified	6b88c479-8dd1-499b-be13-9f8ede8fc8df	02c1c5e0-1a28-4d20-a365-1494d3cdd8ef	2019-08-13 13:59:17.579	\N	f
b4411514-676c-4ed2-b0b4-ce4b90eaa8bb	f	f	f	t	\N	sunandi007	\N	$2a$10$Qx6q9Igexcw2q4KvNkDtIOLgU/Y1rqLPmq7Zq2IBr1mMC6xwJeAaG	\N	e7332d59-c285-4a6d-b517-2f1e41ab3444	2019-09-12 13:04:06.097	sunandi700@gmail.com	\N	\N	User18	Email_Verified	6b88c479-8dd1-499b-be13-9f8ede8fc8df	\N	2019-08-12 19:02:13.647	1770cf	f
f7479bd0-94f0-4bfc-adc5-c51a06bb74d6	f	f	f	t	\N	Tigakali Lima	\N	$2a$10$1l.PLEpN9dJpEEe3VevsPOyzJ0K7crO/a59UIH1jm4kRcVioUpnFK	\N	\N	2019-08-22 18:12:12.665	tigakalilima@mailinator.com	\N	\N	User95	Email_Verified	6b88c479-8dd1-499b-be13-9f8ede8fc8df	02c1c5e0-1a28-4d20-a365-1494d3cdd8ef	2019-08-22 18:11:05.637	\N	f
da20427d-e51f-4bd0-a235-3a6718ff29e9	f	f	f	f	\N	SunandDo	\N	$2a$10$Af2MeBkdpKu/V/F0POq24.ZbVQsEKn9Ps7fLpzV5mkdW.iyij2E8i	\N	\N	\N	SunandDO@gmail.com	\N	\N	User100	Email_Registered	6b88c479-8dd1-499b-be13-9f8ede8fc8df	686457cc-d6f9-4c87-a1f1-4c0e8b500e96	2019-08-23 10:29:45.941	\N	f
247ef37b-910d-49ff-a0b6-4d62c1dac7c1	f	f	f	f	\N	Testing Junit	\N	$2a$10$YkFoBI7norWB4tt8Ar3Mr..N9imx9cofYpadrknGO74T0WvIjw/LK	\N	\N	\N	junit@mailinator.com	\N	\N	User100	Email_Registered	6b88c479-8dd1-499b-be13-9f8ede8fc8df	\N	2019-09-05 16:35:29.427	\N	f
1bc6834c-9a76-40d2-9f35-aff61ac97eba	f	f	f	f	\N	Solid	\N	$2a$08$am3dYAMLYkfQlpCQabvXu.fNBgc.GNwLpx/9ipdtO.7uXR53bjnsa	\N	\N	\N	solid.telaumbanua6@pji-solutions.com	\N	\N	User28	Email_Registered	6b88c479-8dd1-499b-be13-9f8ede8fc8df	02c1c5e0-1a28-4d20-a365-1494d3cdd8ef	2019-08-13 14:39:03.336	\N	f
377b2e06-7368-4581-ad4b-b34d3a1530c1	f	f	f	f	\N	Testing Junit	\N	$2a$10$tdlPY0TX2MdL/GubUcZ3H.fvwUW2Yz7UUM.gkVu5.R9Ma85Gl7O/K	\N	\N	\N	junit@jatis.com	\N	\N	User100	Email_Registered	6b88c479-8dd1-499b-be13-9f8ede8fc8df	\N	2019-09-05 16:39:42.694	\N	f
eccd0d73-00d4-40c9-806a-8b06501d5307	f	f	f	f	\N	\N	\N	$2a$08$59jQe5BOcFRwPjZkab/2bOh8jp4gUneHYcPe.AannEP1HEVbsZmv2	\N	\N	\N	solid.telaumbanua3@pji-solutions.com	\N	\N	User25	Email_Registered	6b88c479-8dd1-499b-be13-9f8ede8fc8df	02c1c5e0-1a28-4d20-a365-1494d3cdd8ef	2019-08-13 14:08:25.026	\N	f
275e5f09-ac9b-490d-b5f0-01d1035dc8fd	f	f	f	f	\N	Peter Jackson	\N	$2a$10$2gtxx7XzalTzVmRr.om/iekn63ztxW4XIZFt6jkjE3o0.AWWbXlTm	\N	\N	\N	232344@maillist.in	\N	\N	User100	Email_Registered	6b88c479-8dd1-499b-be13-9f8ede8fc8df	686457cc-d6f9-4c87-a1f1-4c0e8b500e96	2019-09-06 10:28:10.182	\N	f
0f4cfa5f-211c-41e1-b241-dacfc269d080	f	f	f	t	\N	Ray Medan	\N	$2a$10$DVVvPBQgQgmvjQ2OP6XyIObpLYHY4uzcuQmts6u9Kmga713qG7TnS	\N	\N	2019-08-26 19:47:09.982	raymedan@mailinator.com	\N	\N	User100	Email_Verified	6b88c479-8dd1-499b-be13-9f8ede8fc8df	02c1c5e0-1a28-4d20-a365-1494d3cdd8ef	2019-08-26 19:45:55.429	\N	f
1e0d782b-3f6a-428c-af64-a5ccc3c64c94	f	f	f	f	\N	Testing 	\N	$2a$10$3oSHUfOT87LdpnZ7V2z30eTeKdLNvE53QCiW6ZU5atbP6op.t9/qW	\N	\N	\N	testingcaps@mailinator.com	\N	\N	User100	Email_Registered	6b88c479-8dd1-499b-be13-9f8ede8fc8df	c2899ff1-9373-456c-aa73-620a4848ce3a	2019-09-03 16:57:34.535	\N	f
722b735a-2d3d-4f18-8477-806ea89a9f39	f	f	f	f	\N	Rani yuningsih	\N	$2a$10$RTkPL033fbLrq7KUFHVbQuq6qewWQk7CQX7xhoMyTAtEqG5mMM3fS	\N	\N	\N	rani@mailinator.com	\N	\N	User100	Email_Registered	6b88c479-8dd1-499b-be13-9f8ede8fc8df	d3dfd894-6900-4a98-89a8-74dfa3f26b80	2019-09-05 20:43:31.596	\N	f
88aaf924-cd24-4b58-a9eb-ff51c608fa51	f	f	f	f	\N	aulia saja	\N	$2a$10$KcndZ32jTnl8.hxF93A.EO1rYSi5lsP2YlvhKf9.SV9TZDrvP5oVK	\N	\N	\N	auliasaja@gmail.com	\N	\N	User100	Email_Registered	6b88c479-8dd1-499b-be13-9f8ede8fc8df	686457cc-d6f9-4c87-a1f1-4c0e8b500e96	2019-09-06 10:26:16.759	\N	f
90d63fff-61c7-4eac-87c6-97720a38c3c3	f	f	f	t	\N	asdadsFSDGFHGHG	\N	$2a$08$Tzwg/2K4LozRN6HSpmsaKONUZdDZl35FXC4HSjgePACg14GqUnmrO	\N	\N	2019-08-20 13:12:27.887	testingasd@mailinator.com	\N	\N	User66	Email_Verified	6b88c479-8dd1-499b-be13-9f8ede8fc8df	\N	2019-08-20 11:34:27.676	\N	f
4bd342ae-d823-4c1c-9a66-ddb213b64e1f	f	f	f	t	\N	rayakan	\N	$2a$08$LhKqAQPJBMUR7g7TbN9mc.hBE24FbEifA2MQnlR60/HYWUyH/PHWq	\N	\N	\N	rayakan@mailinator.com	\N	\N	User54	Email_Verified	6b88c479-8dd1-499b-be13-9f8ede8fc8df	\N	2019-08-19 14:44:08.461	\N	f
75ba66b9-ff4e-4ede-b047-4ffb223d2f71	f	f	f	f	\N	jarkom	\N	$2a$08$4YLniNGyMFrM/gWXxioIh..l.guxI96tCu4vd1R/fuaxz6r0PjyhG	\N	\N	\N	jarkom@mailinator.com	\N	\N	User60	Email_Registered	6b88c479-8dd1-499b-be13-9f8ede8fc8df	\N	2019-08-19 18:07:33.528	\N	f
abb813fe-654f-4800-a5d5-fa1051ec0ad3	f	f	f	f	\N	Peter Jackson	\N	$2a$10$35c6dfnweWc8SvvBquOQtOG/dtOKeQd7eQmxTO.funTtbAwwEEXBu	\N	\N	\N	nuwijopa231wu@maillist.in	\N	\N	User100	Email_Registered	6b88c479-8dd1-499b-be13-9f8ede8fc8df	686457cc-d6f9-4c87-a1f1-4c0e8b500e96	2019-09-06 10:57:54.459	\N	f
6e104c39-0e46-4fbb-a91a-21161b9d9cde	f	f	f	f	\N	sunandi123	\N	$2a$10$e3Ze.X4O5FUUa3tzSXjDluLdQbzIdVwPG2h.fdt1Go2Shl/xlveMi	\N	\N	\N	sunandi123@mail.com	\N	\N	User100	Email_Registered	6b88c479-8dd1-499b-be13-9f8ede8fc8df	686457cc-d6f9-4c87-a1f1-4c0e8b500e96	2019-08-26 14:38:02.385	\N	f
1c3346db-014c-428e-9f88-bd8f5d5028f8	f	f	f	f	\N	luhutshb	\N	$2a$08$p6K7cUMhsJhFSix39uA3TeNuCTMCMLQDhM8zE3r8WJjBdbk2h5xUW	\N	\N	\N	luhut005@gmail.com	\N	\N	User43	Email_Registered	6b88c479-8dd1-499b-be13-9f8ede8fc8df	\N	2019-08-16 11:56:36.982	\N	f
8e707ffd-650c-4767-9db5-841a78adc61b	f	f	f	f	\N	luhu	\N	$2a$08$b77uQ5U9WqR1sRpz0JFsm.ZL9Pyh1lScReFkM8IwdxWDgYKqUkciC	\N	\N	\N	luhut001@gmail.com	\N	\N	User41	Email_Registered	6b88c479-8dd1-499b-be13-9f8ede8fc8df	\N	2019-08-15 14:16:37.267	\N	f
d1219466-1efb-4767-8a2b-4df9da12d91d	f	f	f	t	\N	Aulia	\N	$2a$10$P359czyF25mG06xDvFRmYOkiVUoF4fQgt6O9fjnZfubwf9.sLRPme	\N	\N	2019-08-23 13:47:33.976	testingaulia2@mailinator.com	\N	\N	User100	Email_Verified	6b88c479-8dd1-499b-be13-9f8ede8fc8df	686457cc-d6f9-4c87-a1f1-4c0e8b500e96	2019-08-23 13:45:42.099	\N	f
061723f7-b79d-4f43-a64b-e60402aaad34	f	f	f	f	\N	Peter Jackson	\N	$2a$10$Zz662QDWLFiFWRUsDSzVa.Z91tLMcuiPRSqx8paG9fY/pAY16OSYW	\N	\N	\N	nu84729wijopawu@maillist.in	\N	\N	User100	Email_Registered	6b88c479-8dd1-499b-be13-9f8ede8fc8df	686457cc-d6f9-4c87-a1f1-4c0e8b500e96	2019-09-06 10:56:39.754	\N	f
61edede0-2e84-475d-9db1-fa8f1ff5aac3	f	f	f	f	\N	\N	\N	$2a$08$CxidDwAfZgK8GQ5qjZOYJuC/wLwpF1LAdpQp/ge2lEYj7o8ED6eQe	\N	\N	\N	solid.telaumbanua5@pji-solutions.com	\N	\N	User27	Email_Registered	6b88c479-8dd1-499b-be13-9f8ede8fc8df	02c1c5e0-1a28-4d20-a365-1494d3cdd8ef	2019-08-13 14:28:52.742	\N	f
ca5ddf51-bd56-4217-91ab-49a527385f5a	f	f	f	t	\N	TestingDemo4	\N	$2a$10$B68XmgWPyS.5.jqehs/bMucLRMhGj3LL1ZGDfzR.wDxu3kgZyEmva	\N	\N	2019-08-23 10:29:18.686	testingdemo4@mailinator.com	\N	\N	User100	Email_Verified	6b88c479-8dd1-499b-be13-9f8ede8fc8df	106bf86a-db61-45b5-81a3-f4bf5059dcbc	2019-08-23 10:29:04.105	\N	f
f1e38f2d-0728-4467-b0a5-3d6cb2202a75	f	f	f	f	\N	Peter Jackson	\N	$2a$10$6KbhP2KmNQMEk8BNXpBq0eRiebEfs69z0AlyFJjMHTDE6h4tTcpX2	\N	\N	\N	nuwijopawumaillist.in	\N	\N	User100	Email_Registered	6b88c479-8dd1-499b-be13-9f8ede8fc8df	b4411514-676c-4ed2-b0b4-ce4b90eaa8bb	2019-09-05 16:51:02.196	\N	f
88afaac4-c96d-4a49-adbe-cf5c4f0d7224	f	f	f	t	\N	Testing Aulia Hapus	\N	$2a$10$PUGxDpZDAmUcrXYXDeTAe.SqnhjiL8VwQ3jD0Ogk8H..9pGiRMIg2	\N	\N	2019-08-22 19:16:41.946	testingaulia@mailinator.com	\N	\N	User96	Email_Verified	6b88c479-8dd1-499b-be13-9f8ede8fc8df	686457cc-d6f9-4c87-a1f1-4c0e8b500e96	2019-08-22 18:35:14.142	8383de	f
7983e270-bb1c-4438-bc7b-3a3cf180c6e6	f	f	f	f	\N	Peter Jackson	\N	$2a$10$BmbnCgzDmNLAQ6lOH2UcbORGHWNerSIk/Eo5tFsxu4ykQsMydgVq.	\N	\N	\N	sunandi@maillist.in	\N	\N	User100	Email_Registered	6b88c479-8dd1-499b-be13-9f8ede8fc8df	b4411514-676c-4ed2-b0b4-ce4b90eaa8bb	2019-09-05 16:47:31.979	\N	f
414364fc-0be1-41f2-a887-69649bbb2b91	f	f	f	t	\N	Testing Hapus 2	\N	$2a$10$/qW9Y.fh797ZzKVXSmKYQODYQYwuxlfl367yEB1c9EKFESi5pNnnG	\N	\N	2019-08-23 13:02:00.493	testinghapus2@mailinator.com	\N	\N	User100	Email_Verified	6b88c479-8dd1-499b-be13-9f8ede8fc8df	02c1c5e0-1a28-4d20-a365-1494d3cdd8ef	2019-08-23 13:01:23.612	\N	f
e161c067-ed0e-4b99-8b1f-af7a4f8e8964	f	f	f	f	\N	Sihombing	\N	$2a$10$AzF4UblzjDIFTNZd52X/s.JI.CjN80Nu7HAea1tiSkiOTOQCfED8m	\N	686457cc-d6f9-4c87-a1f1-4c0e8b500e96	2019-08-23 09:34:00.905	luhut004@gmail.com	\N	\N	User90	Email_Registered	6b88c479-8dd1-499b-be13-9f8ede8fc8df	686457cc-d6f9-4c87-a1f1-4c0e8b500e96	2019-08-22 17:06:59.487	\N	f
0d07ab34-dc3f-45e6-8206-a513e6e6b3e2	f	f	f	f	\N	Peter Jackson	\N	$2a$10$txjn95qVArUmT5lnYDO7TOdxVBgF3cyQhKqAl5Jy28ZBeItTf0edi	\N	\N	\N	nuwijopawu@mail5list.in	\N	\N	User100	Email_Registered	6b88c479-8dd1-499b-be13-9f8ede8fc8df	686457cc-d6f9-4c87-a1f1-4c0e8b500e96	2019-08-26 15:32:54.864	\N	f
06f8bec9-de32-4415-bc28-cd44680565c6	f	f	f	f	\N	Peter Jackson	\N	$2a$10$xhFT/IvjXZOMp2wVJ19PR.hzLFJ67epxVOVkMzSeAiCtS8lrzYIGC	\N	\N	\N	nuwijopawu@mailli3st.in	\N	\N	User100	Email_Registered	6b88c479-8dd1-499b-be13-9f8ede8fc8df	686457cc-d6f9-4c87-a1f1-4c0e8b500e96	2019-08-26 15:29:37.422	\N	f
d2f39e64-5106-48f5-995e-0e0c1993bf49	f	f	f	t	\N	Archanist Ren	\N	$2a$10$h8IB6HNee5cBXayREdrn0OpE0/4LRi4pzafTO0/f5K9xVBRyxo2FK	\N	\N	2019-08-22 16:35:43.422	archanistren@gmail.com	\N	\N	User77	Email_Verified	6b88c479-8dd1-499b-be13-9f8ede8fc8df	686457cc-d6f9-4c87-a1f1-4c0e8b500e96	2019-08-21 14:11:49.91	cd4544	f
686457cc-d6f9-4c87-a1f1-4c0e8b500e96	f	f	f	t	\N	Admin Jatis	\N	$2a$10$0ayBIla4f0q5BSIrkVBLzOQ86Jn36Ampfz3/QX5VeXssyEMxUtoCO	\N	e7332d59-c285-4a6d-b517-2f1e41ab3444	2019-09-10 11:23:37.83	admin@jatis.com	\N	\N	User02	Email_Verified	a091eb99-d047-47fe-aa33-340ea817033c	e9311edd-2209-4afb-bb56-fc35e685794c	2019-08-08 20:07:03.04	123045	f
c2899ff1-9373-456c-aa73-620a4848ce3a	f	f	f	t	\N	Aulia Rahman	\N	$2a$10$NnPqDKdha5il2gHJlBHo7ejYM7LQWpb9gkyFbwNHxRLPSIRH2XUCG	\N	\N	2019-09-12 10:22:14.842	aulia.rahman@jatis.com	\N	\N	User40	Email_Verified	6b88c479-8dd1-499b-be13-9f8ede8fc8df	02c1c5e0-1a28-4d20-a365-1494d3cdd8ef	2019-08-15 11:13:18.835	4b4acf	f
6b96fd85-2a95-4232-929e-b7651eb855f9	f	f	f	f	\N	sunand.sunandi test 14/08/2019	\N	$2a$08$6qkb4csLUKWOCLV/ZF4MJO2Bskh7x6JThYCjdifATdyZDDzs1qC/G	\N	\N	2019-09-25 09:50:03.822	sunandi.sunandi@pji-solutions.com	\N	\N	User33	Email_Verified	a091eb99-d047-47fe-aa33-340ea817033c	\N	2019-08-14 10:02:46.412	\N	f
107407f9-d0ca-4e41-8ee0-21e20c29631f	f	f	f	f	\N	Adhi Ridho	\N	$2a$10$f/kmO8I9Vna36Jai1ELZoux2RJtKadhJxSeQy7Dm4FTWiUOOe4umy	\N	\N	\N	adhirido@maillinator.com	\N	\N	User100	Email_Registered	6b88c479-8dd1-499b-be13-9f8ede8fc8df	02c1c5e0-1a28-4d20-a365-1494d3cdd8ef	2019-08-26 14:19:07.829	\N	f
4b915b76-39d5-4105-98cb-48bd905eb110	f	f	f	t	\N	asd	\N	$2a$10$NiTahypGKSr1HgMb9NSyWepBU.aMXo6lF2OHM7A3QZiO7X0WQWDJu	\N	\N	2019-09-17 11:10:35.637	adiridho94@gmail.com	\N	\N	User100	Email_Verified	89425eab-2f8c-437d-ae7f-ff360b714b58	c2899ff1-9373-456c-aa73-620a4848ce3a	2019-09-12 13:47:08.826	\N	f
02c1c5e0-1a28-4d20-a365-1494d3cdd8ef	f	f	f	t	\N	Super Admin	\N	$2a$08$gMiOplwaFEHTCvSMhZVBOurVTrVYrLlrjX9Gb3MRjmUdRWHZuoRjC	\N	\N	2019-09-24 11:05:12.215	super.admin@jatis.com	1234567887654321	Kelapa Gading	User01	Email_Verified	e5a7678c-0aab-4cc5-825b-1c3448f499d3	e9311edd-2209-4afb-bb56-fc35e685794c	2019-08-08 17:20:03.579	\N	f
31d789c4-eb79-4c92-82e2-7f04b809c8b9	f	f	f	f	\N	userrr	\N	$2a$10$.kHP1NBifLGF250mJeilEOXye2XFpo/9ltYA7OqWLEH6btB.a48NS	\N	\N	\N	userr@jatis.com	\N	\N	User100	Email_Registered	30868237-34b4-4a8a-9206-c1880d5e0c2c	\N	2019-09-26 10:52:07.946	\N	f
\.


--
-- TOC entry 3188 (class 0 OID 3170020)
-- Dependencies: 192
-- Data for Name: usr_user_role; Type: TABLE DATA; Schema: public; Owner: template
--

COPY public.usr_user_role (user_role_id, role_id, user_id, created_by, created_time, updated_by, updated_time) FROM stdin;
a84350d1-9f64-4a61-9786-c901380c730a	70f2a76d-8c51-4ba0-a962-4bb4b6c8bf4f	1435f5dd-1401-4beb-8ee3-b750af8766e7	686457cc-d6f9-4c87-a1f1-4c0e8b500e96	2019-08-20 17:39:41.337	\N	\N
c284ef02-e402-48e6-85ec-c783f5911ac6	3396c01e-aec5-45e9-830e-a0cbb6d70e58	70bb2d43-aaa3-483a-b8b1-0cadb03e6c48	c45dce15-4c72-4f1c-b8e3-4009c1f65f6f	2019-08-22 13:24:48.842	\N	\N
754db6a2-054d-4473-a43d-d1109b9d8009	77ed740c-b944-4297-a303-b540951d935d	70bb2d43-aaa3-483a-b8b1-0cadb03e6c48	c45dce15-4c72-4f1c-b8e3-4009c1f65f6f	2019-08-22 13:24:48.846	\N	\N
4162bc49-1384-40f8-bb02-e1040feae7fa	938782c7-48d9-44ea-b710-e6ce863cb850	42b0ccc7-59dc-4db4-8eaf-3cbb575f6748	686457cc-d6f9-4c87-a1f1-4c0e8b500e96	2019-08-20 18:04:58.166	\N	\N
aa4d46c2-f6bd-456b-8624-b9dd5990cf85	3396c01e-aec5-45e9-830e-a0cbb6d70e58	25740d11-8318-4317-ba36-096424c333e2	686457cc-d6f9-4c87-a1f1-4c0e8b500e96	2019-08-20 18:44:26.896	\N	\N
343d40de-a1f6-4594-86f7-44e708143ae5	399ed6bd-c040-41f4-b2b5-daf7cbe833b4	4a64bb03-46eb-4777-9b8a-ed2ec73f2eb4	686457cc-d6f9-4c87-a1f1-4c0e8b500e96	2019-08-20 19:04:21.377	\N	\N
cc72e395-45a3-443c-ab5b-c01ae8a69b72	bbf132b2-5840-4f25-8b47-75eaefe6769f	c2899ff1-9373-456c-aa73-620a4848ce3a	c2899ff1-9373-456c-aa73-620a4848ce3a	2019-09-03 14:42:11.468	\N	\N
0aea5f27-0477-4766-8470-14929f15ce83	d821429f-d5f0-485b-9329-a90952021e12	1c3346db-014c-428e-9f88-bd8f5d5028f8	\N	\N	\N	\N
b426a834-975d-4514-874e-74b96a1307ff	febcc8a1-d52d-4541-b50b-61b3ab078ce2	1c3346db-014c-428e-9f88-bd8f5d5028f8	\N	\N	\N	\N
cdf72761-bb7b-496d-97a6-67b99f8639ed	febcc8a1-d52d-4541-b50b-61b3ab078ce2	a181ffa8-8ee2-4bb0-9241-b70c49056939	\N	\N	\N	\N
c76e8d51-16db-4a6b-9473-31e797cb6af5	febcc8a1-d52d-4541-b50b-61b3ab078ce2	a181ffa8-8ee2-4bb0-9241-b70c49056939	\N	\N	\N	\N
86ef8535-e563-4bae-a342-54623108a018	\N	a181ffa8-8ee2-4bb0-9241-b70c49056939	\N	\N	\N	\N
b083cc6a-2466-42d9-b929-c0df09db3640	febcc8a1-d52d-4541-b50b-61b3ab078ce2	247ef37b-910d-49ff-a0b6-4d62c1dac7c1	\N	2019-09-05 16:35:31.358	\N	\N
cde40501-6faa-45e6-a097-99fec43e1379	febcc8a1-d52d-4541-b50b-61b3ab078ce2	b7de7fc6-1cea-4639-88c6-c31e0c5e3038	b7de7fc6-1cea-4639-88c6-c31e0c5e3038	2019-08-21 13:26:15.792	\N	\N
f03545a5-d6b6-48ed-8803-fe815ca93625	0c4ad795-420e-49a7-a418-18b2b62e5c55	b7de7fc6-1cea-4639-88c6-c31e0c5e3038	b7de7fc6-1cea-4639-88c6-c31e0c5e3038	2019-08-21 13:26:15.797	\N	\N
b4b22b14-b089-4785-90bf-dce5fe6673d7	3396c01e-aec5-45e9-830e-a0cbb6d70e58	7e9d9cca-8988-4321-bd3e-f6d5375e23dd	a606f12c-51d5-4d4d-aef2-be1b68d902bb	2019-08-22 15:59:33.659	\N	\N
1ba152bc-c192-48d0-80e1-ada01847c59a	70f2a76d-8c51-4ba0-a962-4bb4b6c8bf4f	d3349581-77fe-4490-9c53-70dd0d53de83	\N	\N	\N	\N
a4977758-764b-4df2-93f3-29a10b815e16	febcc8a1-d52d-4541-b50b-61b3ab078ce2	d3349581-77fe-4490-9c53-70dd0d53de83	\N	\N	\N	\N
b3623140-db7f-4266-b2cc-ca8c0463a29c	77ed740c-b944-4297-a303-b540951d935d	87c1f2e7-1622-4580-98b7-94347f1fb01c	\N	\N	\N	\N
c81d6e30-be18-400a-9366-422330e61dca	febcc8a1-d52d-4541-b50b-61b3ab078ce2	8e707ffd-650c-4767-9db5-841a78adc61b	\N	\N	\N	\N
ff4675af-9f0a-4f7b-bcf6-1413cf4b0aa4	52ce3fbe-200a-4fde-b4d0-0a6efa3f4029	87c1f2e7-1622-4580-98b7-94347f1fb01c	\N	\N	\N	\N
f04c34d5-046b-482c-9649-ed328d312f24	b5cba5e4-948c-44c7-8cb5-699d64441920	d2f39e64-5106-48f5-995e-0e0c1993bf49	278c3df4-b788-4f3d-a07d-d12349bb380c	2019-08-21 17:33:31.882	\N	\N
afbca9a7-2b37-404d-97bb-b2c8876c94a6	febcc8a1-d52d-4541-b50b-61b3ab078ce2	15a6d6cf-f9a1-4f0a-9be2-e2891b5424d3	b4411514-676c-4ed2-b0b4-ce4b90eaa8bb	2019-08-21 18:11:18.453	\N	\N
86e53e18-1ddd-438c-83a3-cad2f72f7908	ab1b2eb1-79f7-4f4f-86e4-0d3561cef784	15a6d6cf-f9a1-4f0a-9be2-e2891b5424d3	b4411514-676c-4ed2-b0b4-ce4b90eaa8bb	2019-08-21 18:11:18.454	\N	\N
fb83fa6f-2179-4a6f-a3a9-6290c6eef503	febcc8a1-d52d-4541-b50b-61b3ab078ce2	377b2e06-7368-4581-ad4b-b34d3a1530c1	\N	2019-09-05 16:40:13.104	\N	\N
1be84111-2c93-469c-b683-d617c2a045ca	399ed6bd-c040-41f4-b2b5-daf7cbe833b4	7983e270-bb1c-4438-bc7b-3a3cf180c6e6	b4411514-676c-4ed2-b0b4-ce4b90eaa8bb	2019-09-05 16:47:31.98	\N	\N
79eab7e1-4260-4129-8444-43d92e57bad8	febcc8a1-d52d-4541-b50b-61b3ab078ce2	4e87971b-52aa-4b0e-b861-5efce291c0e2	02c1c5e0-1a28-4d20-a365-1494d3cdd8ef	2019-09-05 17:18:12.502	\N	\N
3de51aa3-5ae9-4ad0-bdae-56b7726204ac	77ed740c-b944-4297-a303-b540951d935d	9a019640-edbd-4c98-ae47-78419ea2c204	b4411514-676c-4ed2-b0b4-ce4b90eaa8bb	2019-08-21 19:03:36.372	\N	\N
d5b14520-3c51-4f55-8ab5-d39e9adbc4bb	77ed740c-b944-4297-a303-b540951d935d	55d583c6-718f-4531-b39c-f72b30703e5c	\N	\N	\N	\N
9c50394a-87b5-4a09-acef-bb9eff4c8659	b5cba5e4-948c-44c7-8cb5-699d64441920	55d583c6-718f-4531-b39c-f72b30703e5c	\N	\N	\N	\N
534e4df5-d2ca-45b1-a247-8fe5fb43eb3a	febcc8a1-d52d-4541-b50b-61b3ab078ce2	55d583c6-718f-4531-b39c-f72b30703e5c	\N	\N	\N	\N
764910b4-1f61-4dcf-a7ff-127f366d5523	70f2a76d-8c51-4ba0-a962-4bb4b6c8bf4f	9a019640-edbd-4c98-ae47-78419ea2c204	b4411514-676c-4ed2-b0b4-ce4b90eaa8bb	2019-08-21 19:03:36.376	\N	\N
5236ba33-4c18-43af-872f-077b87f63170	77ed740c-b944-4297-a303-b540951d935d	59502397-97ce-429a-b608-680435b24220	b4411514-676c-4ed2-b0b4-ce4b90eaa8bb	2019-09-05 20:06:23.243	\N	\N
23e8b56f-92af-4812-bb84-563e2c64914b	febcc8a1-d52d-4541-b50b-61b3ab078ce2	e0941b46-e641-4f1b-87cf-e420c24d680b	686457cc-d6f9-4c87-a1f1-4c0e8b500e96	2019-08-22 17:04:36.85	\N	\N
51783600-9451-4514-be38-54ab0d8c3e80	77ed740c-b944-4297-a303-b540951d935d	e0941b46-e641-4f1b-87cf-e420c24d680b	686457cc-d6f9-4c87-a1f1-4c0e8b500e96	2019-08-22 17:04:36.861	\N	\N
94215524-52c3-4911-9251-299fb22bef9d	cda039f9-93d3-429e-8618-bde79b4b907b	e0941b46-e641-4f1b-87cf-e420c24d680b	686457cc-d6f9-4c87-a1f1-4c0e8b500e96	2019-08-22 17:04:36.867	\N	\N
b7d24424-73fb-4cb2-948d-9d3caea34617	3396c01e-aec5-45e9-830e-a0cbb6d70e58	a9d6d5a5-f4d8-4914-9e04-6fb02c077338	b4411514-676c-4ed2-b0b4-ce4b90eaa8bb	2019-09-05 20:33:14.832	\N	\N
f3909175-4175-48cd-a5d1-93f4385c9737	febcc8a1-d52d-4541-b50b-61b3ab078ce2	c311e24e-577e-4b08-bf28-208a97bc86a2	\N	\N	\N	\N
c3e61414-2577-40f8-a41e-d563e0c32d26	ab1b2eb1-79f7-4f4f-86e4-0d3561cef784	c311e24e-577e-4b08-bf28-208a97bc86a2	\N	\N	\N	\N
ed2036e0-e9c1-4ca4-9016-59c351d282f6	febcc8a1-d52d-4541-b50b-61b3ab078ce2	166dbadf-91ec-4038-93eb-be0cd5c38f13	\N	\N	\N	\N
c36330d8-96ac-4ca4-b8d8-821345c13e86	938782c7-48d9-44ea-b710-e6ce863cb850	4bd342ae-d823-4c1c-9a66-ddb213b64e1f	\N	\N	\N	\N
29c436f2-1fb9-4f75-a833-40d99fc1ea90	febcc8a1-d52d-4541-b50b-61b3ab078ce2	278c3df4-b788-4f3d-a07d-d12349bb380c	\N	\N	\N	\N
a8bc8684-2728-4dbb-aea6-c81456faa2fd	febcc8a1-d52d-4541-b50b-61b3ab078ce2	3ae76647-ad56-4cc7-9abe-0474f53bea07	\N	\N	\N	\N
ce619bca-effc-4d84-9a37-10560f5da73e	febcc8a1-d52d-4541-b50b-61b3ab078ce2	2eb001e9-bc37-41b2-b757-06a1a1f7ee75	\N	\N	\N	\N
2719d725-9f7b-4085-9e81-573dca4e8ae0	9499a4e1-51b7-4373-a9c0-3411acc407f1	e0941b46-e641-4f1b-87cf-e420c24d680b	686457cc-d6f9-4c87-a1f1-4c0e8b500e96	2019-08-22 17:04:36.872	\N	\N
3ac1b993-15f4-4d10-a6f4-85202383ef06	ab1b2eb1-79f7-4f4f-86e4-0d3561cef784	2b897c6b-a697-4c41-9b10-961869d5c7a4	686457cc-d6f9-4c87-a1f1-4c0e8b500e96	2019-08-22 17:05:28.384	\N	\N
5dc56214-9cc9-4975-8f60-641100276da8	399ed6bd-c040-41f4-b2b5-daf7cbe833b4	2b897c6b-a697-4c41-9b10-961869d5c7a4	686457cc-d6f9-4c87-a1f1-4c0e8b500e96	2019-08-22 17:05:28.39	\N	\N
e1443ca4-df92-4046-b371-cf8c99e48659	70f2a76d-8c51-4ba0-a962-4bb4b6c8bf4f	2b897c6b-a697-4c41-9b10-961869d5c7a4	686457cc-d6f9-4c87-a1f1-4c0e8b500e96	2019-08-22 17:05:28.393	\N	\N
18cf0e06-8f26-4771-ad21-4872c624bdb3	0c4ad795-420e-49a7-a418-18b2b62e5c55	2b897c6b-a697-4c41-9b10-961869d5c7a4	686457cc-d6f9-4c87-a1f1-4c0e8b500e96	2019-08-22 17:05:28.397	\N	\N
fd9e3b20-5eae-420e-95be-d0c8f64e5214	77ed740c-b944-4297-a303-b540951d935d	722b735a-2d3d-4f18-8477-806ea89a9f39	d3dfd894-6900-4a98-89a8-74dfa3f26b80	2019-09-05 20:43:31.598	\N	\N
2ab0a0c0-9b2c-4ab7-9f3a-de1d71f70c39	399ed6bd-c040-41f4-b2b5-daf7cbe833b4	50c50411-09bb-4dd2-9037-6eaa7c825263	686457cc-d6f9-4c87-a1f1-4c0e8b500e96	2019-09-06 10:28:34.828	\N	\N
01572c48-6396-4ae5-89bc-353c280a57db	b5cba5e4-948c-44c7-8cb5-699d64441920	82cf3b2d-2aa4-4828-b93d-db5decb0a817	\N	\N	\N	\N
541e349d-adb8-419a-a848-e16107757593	ab1b2eb1-79f7-4f4f-86e4-0d3561cef784	75ba66b9-ff4e-4ede-b047-4ffb223d2f71	\N	\N	\N	\N
cdb3c089-4709-44c7-a4f9-80d0cc6ed0e4	eb0347e8-a66a-4e15-a846-bd25dbe8e674	6edd905f-d65c-4f04-8a05-b0b29a6acdc8	\N	\N	\N	\N
dc3a317e-473e-4fc3-96f5-31d9300e7ff7	febcc8a1-d52d-4541-b50b-61b3ab078ce2	cc9ae882-137b-48f6-a4e9-d05ddeb60409	\N	\N	\N	\N
d2171f0c-7466-42b0-a7ed-8e524223d014	77ed740c-b944-4297-a303-b540951d935d	cc9ae882-137b-48f6-a4e9-d05ddeb60409	\N	\N	\N	\N
023546a5-fc62-4e59-b957-1227bfe67919	70f2a76d-8c51-4ba0-a962-4bb4b6c8bf4f	7922cbb0-418d-41f1-9389-fff5fee8fc82	\N	\N	\N	\N
2b7c8906-1c0e-44d2-9bf8-3dfdf58a7a8c	77ed740c-b944-4297-a303-b540951d935d	7922cbb0-418d-41f1-9389-fff5fee8fc82	\N	\N	\N	\N
23612e61-e6bb-4411-8f70-acf6c4995d06	febcc8a1-d52d-4541-b50b-61b3ab078ce2	0f86b958-62db-4ff6-8ced-c9e3465ccdce	\N	\N	\N	\N
c19df272-1753-4821-a0d0-03d284410657	77ed740c-b944-4297-a303-b540951d935d	c4e3f6ed-6577-49d5-9cb3-f0c3776786c9	686457cc-d6f9-4c87-a1f1-4c0e8b500e96	2019-08-22 17:30:15.985	\N	\N
06eb4aa4-d85b-410c-abe4-c1c72909c2ff	ab1b2eb1-79f7-4f4f-86e4-0d3561cef784	8f96f09b-0d0a-46f1-9ede-56260a6a3ab1	\N	\N	\N	\N
18e6ea67-743c-4710-b064-367cf807cb8f	52ce3fbe-200a-4fde-b4d0-0a6efa3f4029	d7347919-e6e9-4bc5-8a40-fb51cdfcbe32	\N	\N	\N	\N
11202a5c-a37c-4b65-850c-2b917eb197fb	77ed740c-b944-4297-a303-b540951d935d	f2414ffb-ec06-41da-a35b-e8fdded683a2	\N	\N	\N	\N
98b55821-8a5e-48f9-a3a1-c02a3c993589	156d21e2-a959-45ae-ae64-42ec008a047d	082da1c1-1668-49f0-8cf9-7e1e1b8c1db1	c4e3f6ed-6577-49d5-9cb3-f0c3776786c9	2019-08-22 17:42:38.412	\N	\N
6dc704d8-4458-427f-bf81-aaf05af205e1	ab1b2eb1-79f7-4f4f-86e4-0d3561cef784	082da1c1-1668-49f0-8cf9-7e1e1b8c1db1	c4e3f6ed-6577-49d5-9cb3-f0c3776786c9	2019-08-22 17:42:38.416	\N	\N
b06f903f-ec41-4938-86a9-28040df36eb9	febcc8a1-d52d-4541-b50b-61b3ab078ce2	90d63fff-61c7-4eac-87c6-97720a38c3c3	\N	\N	\N	\N
2e0021d9-52d5-4ca0-9b7e-920999e2bc76	\N	90d63fff-61c7-4eac-87c6-97720a38c3c3	\N	\N	\N	\N
eecd7020-6aa7-4bd7-ba81-be09e38e9783	3396c01e-aec5-45e9-830e-a0cbb6d70e58	90d63fff-61c7-4eac-87c6-97720a38c3c3	\N	\N	\N	\N
a9576bdc-927c-4ca9-8d25-2ee667889867	3cd87312-169b-4239-b9f1-c424036d2b53	f7479bd0-94f0-4bfc-adc5-c51a06bb74d6	02c1c5e0-1a28-4d20-a365-1494d3cdd8ef	2019-08-22 18:11:56.215	\N	\N
55ef18cc-8e5e-4f39-8427-f86c4bfc5ac0	febcc8a1-d52d-4541-b50b-61b3ab078ce2	88afaac4-c96d-4a49-adbe-cf5c4f0d7224	686457cc-d6f9-4c87-a1f1-4c0e8b500e96	2019-08-22 18:35:53.444	\N	\N
635a8534-5ae9-44aa-99ae-4ca88fd5544f	febcc8a1-d52d-4541-b50b-61b3ab078ce2	6ac4ccb9-00cc-4355-8780-8ef0035fe1e3	\N	2019-08-20 15:44:27.572	\N	\N
9ee67b1e-1e51-4f0d-8e09-98cd7086bc6d	4c616b60-9fd1-40a8-8602-bc2e59aaac14	a5eb3829-1341-4752-b9b5-b2d063579bd3	686457cc-d6f9-4c87-a1f1-4c0e8b500e96	2019-08-23 09:33:32.061	\N	\N
4b226504-2994-4eb6-8990-ca1e9bb29557	0c4ad795-420e-49a7-a418-18b2b62e5c55	a5eb3829-1341-4752-b9b5-b2d063579bd3	686457cc-d6f9-4c87-a1f1-4c0e8b500e96	2019-08-23 09:33:32.065	\N	\N
0d50efb4-6a2d-4ed9-a2bf-28473c84b331	52ce3fbe-200a-4fde-b4d0-0a6efa3f4029	e161c067-ed0e-4b99-8b1f-af7a4f8e8964	686457cc-d6f9-4c87-a1f1-4c0e8b500e96	2019-08-23 09:34:00.922	\N	\N
65a75e87-7b00-4a44-9b81-6866f7f99443	febcc8a1-d52d-4541-b50b-61b3ab078ce2	01192c9a-f8d2-40c2-acdb-7c8c34c08ba2	\N	2019-08-20 16:37:58.399	\N	\N
d361e6d6-3dfa-45e1-ab74-c4a7f816b8fc	ab1b2eb1-79f7-4f4f-86e4-0d3561cef784	e161c067-ed0e-4b99-8b1f-af7a4f8e8964	686457cc-d6f9-4c87-a1f1-4c0e8b500e96	2019-08-23 09:34:00.926	\N	\N
4853d73d-f0a1-4138-8c7f-f314423b7913	938782c7-48d9-44ea-b710-e6ce863cb850	e161c067-ed0e-4b99-8b1f-af7a4f8e8964	686457cc-d6f9-4c87-a1f1-4c0e8b500e96	2019-08-23 09:34:00.929	\N	\N
107e5486-42fc-4369-ae10-37b293133a1e	cda039f9-93d3-429e-8618-bde79b4b907b	e161c067-ed0e-4b99-8b1f-af7a4f8e8964	686457cc-d6f9-4c87-a1f1-4c0e8b500e96	2019-08-23 09:34:00.934	\N	\N
fdc7e062-5918-4d3d-a212-bad45d92ce62	3396c01e-aec5-45e9-830e-a0cbb6d70e58	f6345c8c-3660-436f-a53e-e14895b3ba91	c2899ff1-9373-456c-aa73-620a4848ce3a	2019-08-22 11:34:46.184	\N	\N
8f672e4d-26ce-4e10-a262-fb369c9a19a0	3396c01e-aec5-45e9-830e-a0cbb6d70e58	a606f12c-51d5-4d4d-aef2-be1b68d902bb	c2899ff1-9373-456c-aa73-620a4848ce3a	2019-08-22 11:37:37.835	\N	\N
d128bb02-804c-447e-8065-78d4ec4657d2	0c4ad795-420e-49a7-a418-18b2b62e5c55	9106bc8c-d661-4410-a4b9-e0b43cfa335a	a606f12c-51d5-4d4d-aef2-be1b68d902bb	2019-08-22 12:41:49.505	\N	\N
d77d5240-5cee-46f3-93b9-6a00dc00676a	febcc8a1-d52d-4541-b50b-61b3ab078ce2	c45dce15-4c72-4f1c-b8e3-4009c1f65f6f	70bb2d43-aaa3-483a-b8b1-0cadb03e6c48	2019-08-22 13:04:22.086	\N	\N
f936edd1-88b5-489e-889b-b5231fd59430	4c616b60-9fd1-40a8-8602-bc2e59aaac14	f737f641-9eac-4d14-86b4-c2cd63a0c9ae	02c1c5e0-1a28-4d20-a365-1494d3cdd8ef	2019-08-23 10:22:37.91	\N	\N
030241eb-52cf-4379-bf96-faf0e595788a	156d21e2-a959-45ae-ae64-42ec008a047d	4c71a65d-7a95-4e4e-bd91-633f095c6ba8	686457cc-d6f9-4c87-a1f1-4c0e8b500e96	2019-08-23 10:25:00.909	\N	\N
a8557549-8210-4877-b753-8365cddd4ff2	f1e98837-8573-4172-b5fc-6628bee4ed2f	ca5ddf51-bd56-4217-91ab-49a527385f5a	106bf86a-db61-45b5-81a3-f4bf5059dcbc	2019-08-23 10:29:04.106	\N	\N
e4b9be44-b60e-40ea-9828-01a1d11177db	febcc8a1-d52d-4541-b50b-61b3ab078ce2	da20427d-e51f-4bd0-a235-3a6718ff29e9	686457cc-d6f9-4c87-a1f1-4c0e8b500e96	2019-08-23 10:29:45.942	\N	\N
1f69a805-e077-4794-9722-a18642957831	69a74a9f-481c-49ee-9781-aadce2d0ef7a	106bf86a-db61-45b5-81a3-f4bf5059dcbc	02c1c5e0-1a28-4d20-a365-1494d3cdd8ef	2019-08-23 10:34:32.651	\N	\N
50ad9d44-6683-4775-a624-574cf98aa978	bbf132b2-5840-4f25-8b47-75eaefe6769f	1e0d782b-3f6a-428c-af64-a5ccc3c64c94	c2899ff1-9373-456c-aa73-620a4848ce3a	2019-09-03 16:57:34.537	\N	\N
7394a655-1845-4c1c-97d0-7906f98e83e2	944649f2-ca54-47c9-b942-17065e20367c	24dda678-c8a6-489a-8208-f22827964187	686457cc-d6f9-4c87-a1f1-4c0e8b500e96	2019-08-23 10:54:24.982	\N	\N
cc777b3c-367f-410b-8e39-be65ff5fb604	52ce3fbe-200a-4fde-b4d0-0a6efa3f4029	9bcbb66d-897d-480b-b490-103828c5c49e	686457cc-d6f9-4c87-a1f1-4c0e8b500e96	2019-08-23 10:55:03.802	\N	\N
3d29f752-926f-44f9-ac62-a66576f8853c	febcc8a1-d52d-4541-b50b-61b3ab078ce2	c64d3f87-8b25-4144-a965-5359e71f7b4f	b7de7fc6-1cea-4639-88c6-c31e0c5e3038	2019-08-23 11:05:45	\N	\N
831ba29f-2150-4dbf-95c8-eeb69a348c50	4c616b60-9fd1-40a8-8602-bc2e59aaac14	c64d3f87-8b25-4144-a965-5359e71f7b4f	b7de7fc6-1cea-4639-88c6-c31e0c5e3038	2019-08-23 11:05:45.001	\N	\N
1dafbcfb-ef84-4f84-8e8f-fd371a174a75	f1e98837-8573-4172-b5fc-6628bee4ed2f	0c7c9118-2215-4116-8fbf-55f4713c67d3	d9c9cec9-3208-4ba0-ae26-3d68d44e3bcc	2019-08-23 12:58:16.542	\N	\N
260504eb-9c8a-4e36-821e-f37171e37bfb	77ed740c-b944-4297-a303-b540951d935d	414364fc-0be1-41f2-a887-69649bbb2b91	02c1c5e0-1a28-4d20-a365-1494d3cdd8ef	2019-08-23 13:01:23.613	\N	\N
6c304138-aa5d-499c-a171-d95c56caf28b	4c616b60-9fd1-40a8-8602-bc2e59aaac14	66da8d88-4cb5-4b65-b0b8-d39fa0de4e83	02c1c5e0-1a28-4d20-a365-1494d3cdd8ef	2019-08-23 13:04:00.71	\N	\N
9effafba-b694-4f6d-8a44-7343ff774f23	70f2a76d-8c51-4ba0-a962-4bb4b6c8bf4f	e7872471-0e5c-4d0c-a9bd-b1cc136c8269	02c1c5e0-1a28-4d20-a365-1494d3cdd8ef	2019-08-23 13:20:21.451	\N	\N
43db3afe-bdbd-489d-9132-7c7c200b93de	77ed740c-b944-4297-a303-b540951d935d	d1219466-1efb-4767-8a2b-4df9da12d91d	686457cc-d6f9-4c87-a1f1-4c0e8b500e96	2019-08-23 13:45:42.1	\N	\N
22b38eaa-6715-4a34-9265-c2009a9ad292	69a74a9f-481c-49ee-9781-aadce2d0ef7a	936d6e62-6b3b-4273-8f1d-d554d7826b8c	02c1c5e0-1a28-4d20-a365-1494d3cdd8ef	2019-08-23 14:25:36.763	\N	\N
0171485f-f2da-4b8e-9e4f-c1cc06d77642	febcc8a1-d52d-4541-b50b-61b3ab078ce2	0ec0a038-def8-45fc-a5f8-f66fc0d0399d	0ec0a038-def8-45fc-a5f8-f66fc0d0399d	2019-08-23 15:23:27.839	\N	\N
4ea02355-5ca6-42e3-b57a-df89caf291b1	399ed6bd-c040-41f4-b2b5-daf7cbe833b4	84818182-aeeb-4390-af01-0a7acac6c5e4	b4411514-676c-4ed2-b0b4-ce4b90eaa8bb	2019-09-05 16:35:44.03	\N	\N
89ad27d1-5bd3-4657-ad09-e3a0e39d3e70	399ed6bd-c040-41f4-b2b5-daf7cbe833b4	02dc7ef5-18a3-49c5-9fd2-c81edf1780d8	c2899ff1-9373-456c-aa73-620a4848ce3a	2019-09-05 16:43:25.007	\N	\N
c8b961c1-7d75-459e-a228-a01274ede628	f1e98837-8573-4172-b5fc-6628bee4ed2f	c1c4096c-a3cf-47ba-9653-27489a95fff4	02c1c5e0-1a28-4d20-a365-1494d3cdd8ef	2019-08-23 15:33:15.31	\N	\N
866415d2-0431-4a4d-b5dd-d57600d72c48	3cd87312-169b-4239-b9f1-c424036d2b53	f1e38f2d-0728-4467-b0a5-3d6cb2202a75	b4411514-676c-4ed2-b0b4-ce4b90eaa8bb	2019-09-05 16:51:02.198	\N	\N
a7b77ace-e97b-45ba-b018-d4f39295d247	4c616b60-9fd1-40a8-8602-bc2e59aaac14	107407f9-d0ca-4e41-8ee0-21e20c29631f	02c1c5e0-1a28-4d20-a365-1494d3cdd8ef	2019-08-26 14:19:07.83	\N	\N
8bc00aa1-240e-4717-8f4a-26f864c46f60	4c616b60-9fd1-40a8-8602-bc2e59aaac14	9ab1cdda-edc8-4669-88ff-7fc3800130e0	02c1c5e0-1a28-4d20-a365-1494d3cdd8ef	2019-08-26 14:27:46.59	\N	\N
b3285630-4720-493e-9781-784546f7f28b	08dd2aa2-b4b4-4c7f-af86-2616b7435978	6e104c39-0e46-4fbb-a91a-21161b9d9cde	686457cc-d6f9-4c87-a1f1-4c0e8b500e96	2019-08-26 14:38:02.387	\N	\N
c019b033-705f-4351-8734-705a70df5081	08dd2aa2-b4b4-4c7f-af86-2616b7435978	8e056191-4d99-41e1-b026-64d23ddb17d7	686457cc-d6f9-4c87-a1f1-4c0e8b500e96	2019-08-26 14:42:04.775	\N	\N
75a06fa3-9b90-4834-b855-526c9d53f7fd	a91470e4-99c6-4988-83cb-b62b54caa8f4	00f0d931-2b88-44ad-809a-cb18a5dd360f	686457cc-d6f9-4c87-a1f1-4c0e8b500e96	2019-08-26 15:14:06.585	\N	\N
632c19d7-6969-4375-974f-1796144837be	a91470e4-99c6-4988-83cb-b62b54caa8f4	63092150-81ae-4789-8ca7-746c641580a2	686457cc-d6f9-4c87-a1f1-4c0e8b500e96	2019-08-26 15:25:01.842	\N	\N
7a15d7d8-48ee-41d1-ada8-5153ae31955a	77ed740c-b944-4297-a303-b540951d935d	a529b989-3fe2-49b5-a9e4-285e9fb7adf6	686457cc-d6f9-4c87-a1f1-4c0e8b500e96	2019-08-26 15:25:53.724	\N	\N
5b13f9fa-4f54-48cc-afae-6fb6e5a28edf	77ed740c-b944-4297-a303-b540951d935d	e6936a48-c4a6-4096-aa13-76e4eb9b1a95	686457cc-d6f9-4c87-a1f1-4c0e8b500e96	2019-08-26 15:26:07.329	\N	\N
1897e387-02ef-4e95-ac9b-1a92f22f4bfc	77ed740c-b944-4297-a303-b540951d935d	4a0a51c6-f696-459c-9617-c896e93cecd1	686457cc-d6f9-4c87-a1f1-4c0e8b500e96	2019-08-26 15:27:26.588	\N	\N
8d36ea91-7600-4009-a8d4-865953b4309a	156d21e2-a959-45ae-ae64-42ec008a047d	06f8bec9-de32-4415-bc28-cd44680565c6	686457cc-d6f9-4c87-a1f1-4c0e8b500e96	2019-08-26 15:29:37.423	\N	\N
d5c8570a-aab3-4d5f-9e63-80661b0465ed	52ce3fbe-200a-4fde-b4d0-0a6efa3f4029	0d07ab34-dc3f-45e6-8206-a513e6e6b3e2	686457cc-d6f9-4c87-a1f1-4c0e8b500e96	2019-08-26 15:32:54.865	\N	\N
f41f2b1d-d233-43f5-891d-a439b8a4efed	77ed740c-b944-4297-a303-b540951d935d	207c1121-1b27-43e5-97d1-4a5a001feb4e	d3dfd894-6900-4a98-89a8-74dfa3f26b80	2019-09-05 20:04:58.797	\N	\N
61afc228-361b-4c26-b958-39fe53f433d7	febcc8a1-d52d-4541-b50b-61b3ab078ce2	ab403180-eaa5-42a7-a39c-0931baa2b5c6	\N	2019-08-26 16:04:51.224	\N	\N
c6bef9fa-afee-40e4-91fb-c5a821dad0b9	febcc8a1-d52d-4541-b50b-61b3ab078ce2	00bb9d75-42b3-4641-9309-4d4cce80b05a	\N	2019-08-26 16:06:30.124	\N	\N
f5bc05a7-385b-4b7d-b1d5-a837049301f2	febcc8a1-d52d-4541-b50b-61b3ab078ce2	45921d81-f1d3-44b6-b1b7-bc9509c3cc8a	\N	2019-08-26 16:13:36.793	\N	\N
16d9132a-50c5-44db-be31-a238df10cb77	febcc8a1-d52d-4541-b50b-61b3ab078ce2	906015c2-16b9-4f72-ba92-0aa57187f3af	\N	2019-08-26 16:18:06.592	\N	\N
50996c8c-d0f2-407b-8a8a-2de95835d14d	77ed740c-b944-4297-a303-b540951d935d	0f4cfa5f-211c-41e1-b241-dacfc269d080	02c1c5e0-1a28-4d20-a365-1494d3cdd8ef	2019-08-26 19:45:55.43	\N	\N
141e8d78-b391-4ca9-9162-0e66e43f0f7d	3396c01e-aec5-45e9-830e-a0cbb6d70e58	2853c3d2-bc99-40c1-9f91-45de9c0e3be5	d3dfd894-6900-4a98-89a8-74dfa3f26b80	2019-09-06 10:24:11.258	\N	\N
9200172a-e743-463b-b72c-b7eb8c1d8270	febcc8a1-d52d-4541-b50b-61b3ab078ce2	e7332d59-c285-4a6d-b517-2f1e41ab3444	e7332d59-c285-4a6d-b517-2f1e41ab3444	2019-08-29 10:53:28.961	\N	\N
7394fa0f-b760-4938-ad3f-8a2aaf44c916	3396c01e-aec5-45e9-830e-a0cbb6d70e58	54b5c14f-b0e3-4b59-8d82-ba25c66236c3	c2899ff1-9373-456c-aa73-620a4848ce3a	2019-09-06 10:25:39.468	\N	\N
73d10e56-e4af-4128-8979-c56790fe4dd8	bbf132b2-5840-4f25-8b47-75eaefe6769f	88aaf924-cd24-4b58-a9eb-ff51c608fa51	686457cc-d6f9-4c87-a1f1-4c0e8b500e96	2019-09-06 10:26:16.761	\N	\N
4e4e0419-deb3-4979-ad58-ba3e070e4379	bbf132b2-5840-4f25-8b47-75eaefe6769f	c32cf6c6-588d-46b6-8855-978c14a2eef9	686457cc-d6f9-4c87-a1f1-4c0e8b500e96	2019-09-06 10:27:37.629	\N	\N
954d2a29-cd9e-4e39-ad32-6295fdd92742	0c4ad795-420e-49a7-a418-18b2b62e5c55	275e5f09-ac9b-490d-b5f0-01d1035dc8fd	686457cc-d6f9-4c87-a1f1-4c0e8b500e96	2019-09-06 10:28:10.184	\N	\N
97bf7448-32fc-4ef2-ac49-9f74a190b030	9499a4e1-51b7-4373-a9c0-3411acc407f1	520fb8ae-0fee-418b-9644-408ae0930b22	686457cc-d6f9-4c87-a1f1-4c0e8b500e96	2019-09-06 10:29:46.261	\N	\N
f952d252-0ba3-43be-9cb0-ec6c2c0275e9	febcc8a1-d52d-4541-b50b-61b3ab078ce2	4ef8ee6e-0fe2-435b-b486-5608712d2ae4	686457cc-d6f9-4c87-a1f1-4c0e8b500e96	2019-09-02 13:04:25.539	\N	\N
8c3eca27-e218-4954-a1b0-ca4a86bc2921	52ce3fbe-200a-4fde-b4d0-0a6efa3f4029	4ef8ee6e-0fe2-435b-b486-5608712d2ae4	686457cc-d6f9-4c87-a1f1-4c0e8b500e96	2019-09-02 13:04:25.54	\N	\N
65cfde40-05c7-44bc-ad83-c7b6a9007a21	febcc8a1-d52d-4541-b50b-61b3ab078ce2	d3dfd894-6900-4a98-89a8-74dfa3f26b80	c2899ff1-9373-456c-aa73-620a4848ce3a	2019-09-02 14:04:48.786	\N	\N
32d772bf-baa9-47de-934b-e179097fd4c8	bbf132b2-5840-4f25-8b47-75eaefe6769f	5344274d-d44a-4e4e-bcb5-36fcc0ee8349	686457cc-d6f9-4c87-a1f1-4c0e8b500e96	2019-09-06 10:30:42.211	\N	\N
817ea5d1-f1d0-4a15-864d-a45667f3a194	3cd87312-169b-4239-b9f1-c424036d2b53	061723f7-b79d-4f43-a64b-e60402aaad34	686457cc-d6f9-4c87-a1f1-4c0e8b500e96	2019-09-06 10:56:39.756	\N	\N
86a7bd77-9b4c-45b5-98f6-0532f4e21df2	3cd87312-169b-4239-b9f1-c424036d2b53	abb813fe-654f-4800-a5d5-fa1051ec0ad3	686457cc-d6f9-4c87-a1f1-4c0e8b500e96	2019-09-06 10:57:54.46	\N	\N
7e56f309-496c-475f-af85-f375d3580526	3cd87312-169b-4239-b9f1-c424036d2b53	52b68bd6-398f-4fbd-821a-0a3f0a56ffe6	686457cc-d6f9-4c87-a1f1-4c0e8b500e96	2019-09-06 10:59:15.934	\N	\N
e873f8de-bd81-4540-bd34-af5fe3cf9440	bbf132b2-5840-4f25-8b47-75eaefe6769f	7c37fd58-9b29-4795-bc6c-7e267f943f13	686457cc-d6f9-4c87-a1f1-4c0e8b500e96	2019-09-06 11:00:43.58	\N	\N
363205e0-a902-4b9e-90d3-58053cf597ad	febcc8a1-d52d-4541-b50b-61b3ab078ce2	f2da4fc9-5a98-4218-8651-3c9b206da6f9	\N	2019-09-06 13:21:47.701	\N	\N
1f55098f-6773-4c1d-81a6-7dba4ae075a4	3cd87312-169b-4239-b9f1-c424036d2b53	2a5e3f67-c2ce-4a9a-93d1-e3de93681325	c2899ff1-9373-456c-aa73-620a4848ce3a	2019-09-06 15:16:54.878	\N	\N
d2d70deb-f192-4941-9ad7-cb38e929f3c4	bbf132b2-5840-4f25-8b47-75eaefe6769f	8dfc96d8-5b42-4fa9-b3da-8d5a296f18bc	c2899ff1-9373-456c-aa73-620a4848ce3a	2019-09-06 15:27:29.649	\N	\N
f61621bf-d465-4689-8ddb-a17b8d4420c4	6119a8fd-4a1b-4822-a1cf-9e6a97d1687c	4a4b8ea3-06bb-4f5e-9c22-0f7941693cce	d3dfd894-6900-4a98-89a8-74dfa3f26b80	2019-09-09 11:37:25.695	\N	\N
56602c1d-c827-4cb9-8715-c710eb3a8660	3cd87312-169b-4239-b9f1-c424036d2b53	4a4b8ea3-06bb-4f5e-9c22-0f7941693cce	d3dfd894-6900-4a98-89a8-74dfa3f26b80	2019-09-09 11:37:25.696	\N	\N
e0c96a03-5034-4829-a234-e6070eb83a51	febcc8a1-d52d-4541-b50b-61b3ab078ce2	686457cc-d6f9-4c87-a1f1-4c0e8b500e96	e7332d59-c285-4a6d-b517-2f1e41ab3444	2019-09-10 11:23:37.839	\N	\N
bde0faa2-3963-4ed1-a160-f66dc17914b7	3396c01e-aec5-45e9-830e-a0cbb6d70e58	f09faa3d-eba3-4c26-8cf9-5e4c3832337b	d3dfd894-6900-4a98-89a8-74dfa3f26b80	2019-09-10 13:38:25.729	\N	\N
e483b886-15f1-402f-869f-5c547c18c0fd	9499a4e1-51b7-4373-a9c0-3411acc407f1	f09faa3d-eba3-4c26-8cf9-5e4c3832337b	d3dfd894-6900-4a98-89a8-74dfa3f26b80	2019-09-10 13:38:25.73	\N	\N
c686c9e5-10f3-4ea3-ae1c-03f8b0484d8e	6119a8fd-4a1b-4822-a1cf-9e6a97d1687c	2c979435-b976-437d-ab7d-d15e664d6cfa	d3dfd894-6900-4a98-89a8-74dfa3f26b80	2019-09-11 10:43:22.547	\N	\N
00076129-ab01-4bfc-99c7-f7b90e6a4d5b	3396c01e-aec5-45e9-830e-a0cbb6d70e58	85a4345a-763c-4c31-97ab-3ef9e9d41a68	\N	2019-09-11 11:27:15.8	\N	\N
2db94927-fb4d-49bc-a85c-ddf8aeb41e86	9499a4e1-51b7-4373-a9c0-3411acc407f1	dab16c5e-c5f0-4da1-9b54-36ce002f32fe	686457cc-d6f9-4c87-a1f1-4c0e8b500e96	2019-09-11 11:37:51.041	\N	\N
880a7e76-b47f-452d-8f8c-974f924e0363	9499a4e1-51b7-4373-a9c0-3411acc407f1	e59aec1d-bca7-4bd7-885a-4746c2cce373	686457cc-d6f9-4c87-a1f1-4c0e8b500e96	2019-09-11 12:03:55.349	\N	\N
c584fc45-7dae-4200-b468-ebedc113a63e	3396c01e-aec5-45e9-830e-a0cbb6d70e58	551c987e-b42d-4498-b127-bf674e55d005	c2899ff1-9373-456c-aa73-620a4848ce3a	2019-09-12 10:45:00.048	\N	\N
5a20b666-4847-418b-a7da-caa5303eca9a	bbf132b2-5840-4f25-8b47-75eaefe6769f	b4411514-676c-4ed2-b0b4-ce4b90eaa8bb	e7332d59-c285-4a6d-b517-2f1e41ab3444	2019-09-12 13:04:06.155	\N	\N
25c9a0e7-7875-4f49-8f59-db60adea7d8a	3396c01e-aec5-45e9-830e-a0cbb6d70e58	4b915b76-39d5-4105-98cb-48bd905eb110	c2899ff1-9373-456c-aa73-620a4848ce3a	2019-09-12 13:47:08.831	\N	\N
e162ff5e-3d49-4864-a53f-95827c5c9a94	fd1909d4-1386-425f-9895-bd293389da1f	50c79b97-f8bb-4be3-b626-10f3aae3a5d0	\N	2019-09-20 16:32:14.346	\N	\N
1abbde46-07ac-4512-8e3d-d93baf079d5b	3396c01e-aec5-45e9-830e-a0cbb6d70e58	02c1c5e0-1a28-4d20-a365-1494d3cdd8ef	\N	2019-09-24 11:05:12.226	\N	\N
1f5b7251-d5d9-420c-9a06-1dbbd31f7fdb	3396c01e-aec5-45e9-830e-a0cbb6d70e58	2b059dad-3f6a-4a3f-a527-11a027c0f91d	\N	2019-09-25 13:33:45.35	\N	\N
0156b7b5-1e97-4e0c-a265-f0cd3451d88d	3396c01e-aec5-45e9-830e-a0cbb6d70e58	508d79f7-4d0a-4c4d-9fc0-80164fe5a245	\N	2019-09-25 14:22:56.517	\N	\N
b110044f-bd76-4d4d-9ccb-023ede53d1ab	52ce3fbe-200a-4fde-b4d0-0a6efa3f4029	31d789c4-eb79-4c92-82e2-7f04b809c8b9	\N	2019-09-26 10:52:07.947	\N	\N
bd30f7ae-3b55-4162-9daf-13b1946b963e	08dd2aa2-b4b4-4c7f-af86-2616b7435978	d7a91141-c0f6-4e91-974f-10ba3a7bd810	\N	2019-10-18 17:04:07.096	\N	\N
9f120540-efe8-456e-8005-b43a0ed17b8c	944649f2-ca54-47c9-b942-17065e20367c	d7a91141-c0f6-4e91-974f-10ba3a7bd810	\N	2019-10-18 17:04:07.097	\N	\N
f3474b63-6cb5-43d3-b9f1-d5d58fa7aeed	77ed740c-b944-4297-a303-b540951d935d	7892e51b-0f99-437e-ac49-140c134fbb8d	\N	2019-10-25 09:52:54.082	\N	\N
\.


--
-- TOC entry 3038 (class 2606 OID 3226113)
-- Name: mst_customer cus_profile_pk; Type: CONSTRAINT; Schema: public; Owner: template
--

ALTER TABLE ONLY public.mst_customer
    ADD CONSTRAINT cus_profile_pk PRIMARY KEY (customer_id);


--
-- TOC entry 3035 (class 2606 OID 3226099)
-- Name: mst_config mst_config_pkey; Type: CONSTRAINT; Schema: public; Owner: template
--

ALTER TABLE ONLY public.mst_config
    ADD CONSTRAINT mst_config_pkey PRIMARY KEY (config_id);


--
-- TOC entry 3046 (class 2606 OID 3230847)
-- Name: mst_holiday mst_holiday_pk; Type: CONSTRAINT; Schema: public; Owner: template
--

ALTER TABLE ONLY public.mst_holiday
    ADD CONSTRAINT mst_holiday_pk PRIMARY KEY (holiday_id);


--
-- TOC entry 3048 (class 2606 OID 3231394)
-- Name: mst_scheduler mst_scheduler_pk; Type: CONSTRAINT; Schema: public; Owner: template
--

ALTER TABLE ONLY public.mst_scheduler
    ADD CONSTRAINT mst_scheduler_pk PRIMARY KEY (scheduler_id);


--
-- TOC entry 3020 (class 2606 OID 3169862)
-- Name: oauth_access_token oauth_access_token_copy_pkey; Type: CONSTRAINT; Schema: public; Owner: template
--

ALTER TABLE ONLY public.oauth_access_token
    ADD CONSTRAINT oauth_access_token_copy_pkey PRIMARY KEY (authentication_id);


--
-- TOC entry 3051 (class 2606 OID 3238724)
-- Name: scheduler_mst_task scheduler_mst_task_pkey; Type: CONSTRAINT; Schema: public; Owner: template
--

ALTER TABLE ONLY public.scheduler_mst_task
    ADD CONSTRAINT scheduler_mst_task_pkey PRIMARY KEY (task_id);


--
-- TOC entry 3055 (class 2606 OID 3238740)
-- Name: scheduler_trx_task_exec_dtl scheduler_trx_task_exec_dtl_pkey; Type: CONSTRAINT; Schema: public; Owner: template
--

ALTER TABLE ONLY public.scheduler_trx_task_exec_dtl
    ADD CONSTRAINT scheduler_trx_task_exec_dtl_pkey PRIMARY KEY (id);


--
-- TOC entry 3053 (class 2606 OID 3238732)
-- Name: scheduler_trx_task_exec scheduler_trx_task_exec_pkey; Type: CONSTRAINT; Schema: public; Owner: template
--

ALTER TABLE ONLY public.scheduler_trx_task_exec
    ADD CONSTRAINT scheduler_trx_task_exec_pkey PRIMARY KEY (id);


--
-- TOC entry 3057 (class 2606 OID 3239482)
-- Name: upl_template upl_template_pkey; Type: CONSTRAINT; Schema: public; Owner: template
--

ALTER TABLE ONLY public.upl_template
    ADD CONSTRAINT upl_template_pkey PRIMARY KEY (upload_template_id);


--
-- TOC entry 3043 (class 2606 OID 3230830)
-- Name: upl_upload upl_upload_pk; Type: CONSTRAINT; Schema: public; Owner: template
--

ALTER TABLE ONLY public.upl_upload
    ADD CONSTRAINT upl_upload_pk PRIMARY KEY (upload_id);


--
-- TOC entry 3040 (class 2606 OID 3227279)
-- Name: upl_validation upl_validation_pk; Type: CONSTRAINT; Schema: public; Owner: template
--

ALTER TABLE ONLY public.upl_validation
    ADD CONSTRAINT upl_validation_pk PRIMARY KEY (upload_val_id);


--
-- TOC entry 3022 (class 2606 OID 3170024)
-- Name: usr_priviledge usr_priviledge_pkey; Type: CONSTRAINT; Schema: public; Owner: template
--

ALTER TABLE ONLY public.usr_priviledge
    ADD CONSTRAINT usr_priviledge_pkey PRIMARY KEY (priv_id);


--
-- TOC entry 3024 (class 2606 OID 3170028)
-- Name: usr_role usr_role_pkey; Type: CONSTRAINT; Schema: public; Owner: template
--

ALTER TABLE ONLY public.usr_role
    ADD CONSTRAINT usr_role_pkey PRIMARY KEY (role_id);


--
-- TOC entry 3028 (class 2606 OID 3170030)
-- Name: usr_role_priv usr_role_priv_pkey; Type: CONSTRAINT; Schema: public; Owner: template
--

ALTER TABLE ONLY public.usr_role_priv
    ADD CONSTRAINT usr_role_priv_pkey PRIMARY KEY (role_privilege_id);


--
-- TOC entry 3026 (class 2606 OID 3170026)
-- Name: usr_role usr_role_role_name_key; Type: CONSTRAINT; Schema: public; Owner: template
--

ALTER TABLE ONLY public.usr_role
    ADD CONSTRAINT usr_role_role_name_key UNIQUE (role_name);


--
-- TOC entry 3030 (class 2606 OID 3170034)
-- Name: usr_user usr_user_pkey; Type: CONSTRAINT; Schema: public; Owner: template
--

ALTER TABLE ONLY public.usr_user
    ADD CONSTRAINT usr_user_pkey PRIMARY KEY (user_id);


--
-- TOC entry 3032 (class 2606 OID 3170036)
-- Name: usr_user_role usr_user_role_pkey; Type: CONSTRAINT; Schema: public; Owner: template
--

ALTER TABLE ONLY public.usr_user_role
    ADD CONSTRAINT usr_user_role_pkey PRIMARY KEY (user_role_id);


--
-- TOC entry 3036 (class 1259 OID 3226111)
-- Name: cus_profile_customer_id_uindex; Type: INDEX; Schema: public; Owner: template
--

CREATE UNIQUE INDEX cus_profile_customer_id_uindex ON public.mst_customer USING btree (customer_id);


--
-- TOC entry 3033 (class 1259 OID 3176654)
-- Name: mail_template_template_code_uindex; Type: INDEX; Schema: public; Owner: template
--

CREATE UNIQUE INDEX mail_template_template_code_uindex ON public.mail_template USING btree (template_code);


--
-- TOC entry 3044 (class 1259 OID 3230845)
-- Name: mst_holiday_holiday_id_uindex; Type: INDEX; Schema: public; Owner: template
--

CREATE UNIQUE INDEX mst_holiday_holiday_id_uindex ON public.mst_holiday USING btree (holiday_id);


--
-- TOC entry 3049 (class 1259 OID 3231392)
-- Name: mst_scheduler_scheduler_id_uindex; Type: INDEX; Schema: public; Owner: template
--

CREATE UNIQUE INDEX mst_scheduler_scheduler_id_uindex ON public.mst_scheduler USING btree (scheduler_id);


--
-- TOC entry 3041 (class 1259 OID 3227277)
-- Name: upl_validation_upload_val_id_uindex; Type: INDEX; Schema: public; Owner: template
--

CREATE UNIQUE INDEX upl_validation_upload_val_id_uindex ON public.upl_validation USING btree (upload_val_id);


--
-- TOC entry 3062 (class 2606 OID 3238741)
-- Name: scheduler_trx_task_exec fk5q89rfswsqckyn02uf0ckvghl; Type: FK CONSTRAINT; Schema: public; Owner: template
--

ALTER TABLE ONLY public.scheduler_trx_task_exec
    ADD CONSTRAINT fk5q89rfswsqckyn02uf0ckvghl FOREIGN KEY (task_task_id) REFERENCES public.scheduler_mst_task(task_id);


--
-- TOC entry 3060 (class 2606 OID 3212354)
-- Name: usr_user_role fkg94o7wnk9i0u1hm6ga2ev1vtj; Type: FK CONSTRAINT; Schema: public; Owner: template
--

ALTER TABLE ONLY public.usr_user_role
    ADD CONSTRAINT fkg94o7wnk9i0u1hm6ga2ev1vtj FOREIGN KEY (user_id) REFERENCES public.usr_user(user_id);


--
-- TOC entry 3063 (class 2606 OID 3238746)
-- Name: scheduler_trx_task_exec_dtl fkp963ua207pkv7te5xqipaeri1; Type: FK CONSTRAINT; Schema: public; Owner: template
--

ALTER TABLE ONLY public.scheduler_trx_task_exec_dtl
    ADD CONSTRAINT fkp963ua207pkv7te5xqipaeri1 FOREIGN KEY (task_execution_id) REFERENCES public.scheduler_trx_task_exec(id);


--
-- TOC entry 3059 (class 2606 OID 3170055)
-- Name: usr_role_priv usr_role_priv_privilege_id_fkey; Type: FK CONSTRAINT; Schema: public; Owner: template
--

ALTER TABLE ONLY public.usr_role_priv
    ADD CONSTRAINT usr_role_priv_privilege_id_fkey FOREIGN KEY (privilege_id) REFERENCES public.usr_priviledge(priv_id);


--
-- TOC entry 3058 (class 2606 OID 3170050)
-- Name: usr_role_priv usr_role_priv_role_id_fkey; Type: FK CONSTRAINT; Schema: public; Owner: template
--

ALTER TABLE ONLY public.usr_role_priv
    ADD CONSTRAINT usr_role_priv_role_id_fkey FOREIGN KEY (role_id) REFERENCES public.usr_role(role_id);


--
-- TOC entry 3061 (class 2606 OID 3170060)
-- Name: usr_user_role usr_user_role_role_id_fkey; Type: FK CONSTRAINT; Schema: public; Owner: template
--

ALTER TABLE ONLY public.usr_user_role
    ADD CONSTRAINT usr_user_role_role_id_fkey FOREIGN KEY (role_id) REFERENCES public.usr_role(role_id);


-- Completed on 2019-11-21 09:27:30 UTC

--
-- PostgreSQL database dump complete
--

